<?xml version="1.0" encoding="UTF-8" ?>
<!DOCTYPE html PUBLIC "-//W3C//DTD XHTML 1.0 Strict//EN" "http://www.w3.org/TR/xhtml1/DTD/xhtml1-strict.dtd">
<html expr:dir='data:blog.languageDirection' xmlns='http://www.w3.org/1999/xhtml' xmlns:b='http://www.google.com/2005/gml/b' xmlns:data='http://www.google.com/2005/gml/data' xmlns:expr='http://www.google.com/2005/gml/expr'>
  <head>
    <b:include data='blog' name='all-head-content'/>
<b:if cond='data:blog.pageType == &quot;index&quot;'>
<title><data:blog.pageTitle/></title> 
<b:else/>
<title><data:blog.pageName/> ~ <data:blog.title/></title>
</b:if>

<link href='http://fonts.googleapis.com/css?family=Antic+Slab' rel='stylesheet' type='text/css'/>
<link href='http://fonts.googleapis.com/css?family=Open+Sans+Condensed%3A300&amp;subset=latin%2Clatin-ext&amp;ver=3.4.2' id='haletanis-fonts-css' media='all' rel='stylesheet' type='text/css'/>
<link href='http://fonts.googleapis.com/css?family=Viga&amp;ver=3.4.2' id='haletanis-fonts-meta-css' media='all' rel='stylesheet' type='text/css'/>
    <b:skin><![CDATA[/*
-----------------------------------------------
Theme Name: SnapTricks
Designer : BuildNextWeb
Created: Jan, 2014
Theme URI: http://buildnextweb.blogspot.com/p/blog-page_10.html
Author: Jaskaran SH SD
Author URI: http://buildnextweb.blogspot.com
----------------------------------------------- */
*{outline:medium none}
#navbar-iframe, .Navbar{display:none !important}
html, body, div, span, applet, object, iframe, h1, h2, h3, h4, h5, h6, p, blockquote, pre, a, address, big, cite, code, pre, del, dfn, em, font, img, ins, kbd, q, s, samp, small, strike, strong, tt, var, b, u, i, center, dl, dt, dd, ol, ul, li, fieldset, form, label, legend, table, caption, tbody, tfoot, thead, tr, th, td{margin:0; padding:0; border:0; outline:0; font-size:100%; vertical-align:baseline; background:transparent}
body{line-height:1}
ol, ul{list-style:none}
blockquote, q{quotes:none}
blockquote:before, blockquote:after, q:before, q:after{content:''; content:none}
:focus{outline:0}
ins{text-decoration:none}
del{text-decoration:line-through}
table{border-collapse:collapse; border-spacing:0}
ul li{list-style:none}
h1{font-size:25px; margin-bottom:0.5em}
h2{font-size:22px}
h3{font-size:20px; margin-bottom:0.4em}
h4{font-size:18px; margin-bottom:0.4em}
h5{font-size:16px; margin-bottom:0.4em}
h6{font-size:14px; margin-bottom:0.4em}
code, pre{display:block; background:#ccc; border:1px solid #000; margin:10px 0; overflow:scroll; padding:10px; clear:both}
a:link, a:visited{  color:#AAAAAA;   text-decoration:none}
a:hover{  color:#414141}
body{background:#fff; font-size:12px; line-height:1.5em; color:#000;font:15px/25px Arial,Verdana,sans-serif;letter-spacing: 0.5px;}
h1, h2, h3, h4, h5, h6{font-weight:normal;   color: #848484;
}#blogouter-wrapper{}

#top-wrap{       width:100%;background:#4F43BB;}

#header-wrapper{       margin:0 auto;     width:1000px}

#cbt-wrap{   background:url("http://2.bp.blogspot.com/--5UaTmZx6G4/UDYjFoiHXZI/AAAAAAAAApE/kpAujxc6wpE/s1600/top.jpg") no-repeat scroll center top #F0F0F0}

#s{    background:none repeat scroll 0 0 #E9E8E8;     border:1px solid #E9E8E8;     color:#FFF;     float:left;     font:15px/15px 'Open Sans Condensed',sans-serif;     padding:8px 0 8px 10px;     width:257px !important;     display:block;     width:260px ;-webkit-transition: all 0.18s ease-out;
    -moz-transition: all 0.18s ease-out;
    -ms-transition: all 0.18s ease-out;
    -o-transition: all 0.18s ease-out;
    transition: all 0.18s ease-out;}

#s:hover, #s:focus{    background:none repeat scroll 0 0 #FFF;     border:1px solid #EF9E10;     color:#848484 ;-webkit-transition: all 0.18s ease-out;
    -moz-transition: all 0.18s ease-out;
    -ms-transition: all 0.18s ease-out;
    -o-transition: all 0.18s ease-out;
    transition: all 0.18s ease-out;}
#main-wrapper{    margin:0 auto;     overflow:hidden;     width:1000px}

#content-wrapper{    float:left;     margin-top:30px;     width:660px;margin-bottom: 17px;}

#sidebar-wrapper{    color:#858585;     float:right;     margin-right:5px;     margin-top:30px;     width:308px}

#header{text-transform:captlize; float:left; width:27%}
#bannerad{   float:right;     margin-top:33px;     width:49%}

#header h1{       font-family: arial;
    font-size: 62px;
    color: rgb(255, 255, 255);
    margin: 11px 0px 21px;
    font-weight: bold;
    letter-spacing: -5px;
    text-transform: lowercase;
}
#header p.description{    color:#646464;     font:15px/15px 'Open Sans Condensed',sans-serif}
#header a{color:#fff}
#sidebar h2{    color: #707070;
font-size: 15px;
margin-bottom: 20px;
font-family: Arial;
font-style: normal;
font-weight: 800;
letter-spacing: -1px;
text-transform: uppercase;
background: none repeat scroll 0% 0% rgb(227, 227, 227);
padding: 0px 6px;}

#sidebar .widget{    clear:both;     margin-bottom:10px;     overflow:hidden;     width:300px}
#sidebar ul{margin-top:-5px}
#sidebar ul.children{margin:6px 0 -6px 0}
#sidebar ul li{      padding:6px 0}

#sidebar .widget a{    color: rgb(0, 0, 0);
letter-spacing: -1px;
font-size: 16px;
font-family: arial;
font-weight: 600;
list-style-type: circle;}

#sidebar a, #sidebar a:visited{color:#878787}
#sidebar a:hover{color:#0182a9; text-decoration:underline}
h3.post-title{margin-bottom:21px; line-height:32px; font-size: 36px ;
    color: rgb(133, 133, 133);
    font-family: ARial !important;
font-weight: bold;
letter-spacing: -2px;}
h3.post-title a, h3.post-title a:visited{font-size: 24px !important;
    color: #000000 !important;
    font-family: ARial !important;
font-weight: bold;
letter-spacing: -2px;}
.meta{   color:#878787;     margin-bottom:11px;     margin-top:5px;     text-align:left}
.fleft{float:left; padding-top:5px}
.fleft a:link{   color:#000;font-family:arial;     font-size:89%}

.post{   background:none repeat scroll 0 0 #FFF;         margin-bottom:30px;     padding:10px}

.rmlink a{  color: #fff;
font-size: 12px;
background: #5A7DC4;
padding: 9px;
text-shadow: 1px 1px #000;
border-radius: 2px;}

.rmlink a:hover{ text-decoration:underline;}

#comments-block{   background:#fff}

.post-body{clear:both; line-height:22px}
.post-body h1, .post-body h2, .post-body h3, .post-body h4, .post-body h5, .post-body h6{margin-top:15px}
.post-body h2{margin-bottom:0.4em}
.post-body p{margin-bottom:10px}
.post-body img{padding:0px; border:1px solid #e3e2e2}
.post_thumbnail{padding:0px; border:1px solid #e3e2e2; margin-bottom:-9px !important}
.post-body th{padding:0; margin-right:2px}
.post-body li{list-style:circle inside}
.post-body ol li{list-style:decimal inside}
blockquote{border-left:10px solid #666; margin-left:20px}
blockquote p{padding:10px}
.alignleft{float:left; margin:5px 10px 0px 0px}
.alignright{   float:right;     margin:5px 0 0 10px;     text-align:right}
img.aligncenter{display:block; margin:0 auto 5px}
.post table{font-size:1.2em; margin:5px 0 25px 1px}
.post table td{padding:8px; border:1px solid #ccc}
#blog-pager{clear:both; margin:20px 0 20px; padding:10px 0}
.comments h4{font-size:22px; font-weight:bold; margin:5px 0; padding:10px 0}
#comments-block.avatar-comment-indent{position:relative; margin:0}
dl#comments-block{line-height:1.6em; margin:2em 0 1.5em !important}
#comments-block .comment-author{border:1px solid #E3E2E2; font-size:14px; font-weight:bold; margin-left:0; padding:3px 5px 3px 75px; border-bottom:0 none}
#comments-block .comment-author a, dl#comments-block dt.author-comment a{color:#333; text-decoration:none}
#comments-block .avatar-image-container{background:url("http://4.bp.blogspot.com/-sA2gHusLNQM/Ta0e1BCVz9I/AAAAAAAAACk/LINtmB0YQsY/comment_avatar.png") no-repeat scroll center #E3E2E2; border:2px solid #E3E2E2; height:50px; left:10px; position:absolute; width:50px; margin-top:5px}
#comments-block .avatar-image-container img{float:right; height:50px; width:50px; border:medium none !important}
#comments-block .avatar-image-container.avatar-stock img{border-width:0; padding:0px}
#comments-block .comment-body{padding-left:75px !important; padding:5px; border-left:1px solid #E3E2E2; border-right:1px solid #E3E2E2}
#comments-block .comment-body p{margin:0 0 0.75em}
#comments-block .comment-footer{border:1px solid #E3E2E2; border-top:medium none; font-size:10px; padding:5px 5px 5px 75px; text-decoration:none; font-style:italic; margin:0 0 15px 0 !important}
#comments-block .comment-footer a{text-decoration:none}
.post-footer{margin-top:15px}
h2.date-header, .PageList h2, .Label li span, #LinkList454 h2{display:none}
.FollowByEmail .follow-by-email-inner{width:203px; height:33px; height:25px\0/; padding:0px 0 0px 5px; padding:8px 0 0px 5px\0/; font-size:12px; color:#717171; background:#161515; border:1px solid #444}
.FollowByEmail .follow-by-email-inner .follow-by-email-address{width:120px; background:transparent; border:none}
.FollowByEmail .follow-by-email-inner .follow-by-email-submit{background:url(http://2.bp.blogspot.com/-RzT4rYUYjeU/TrAIXyp_AJI/AAAAAAAAA54/ocy6fA4AxbA/s1600/ssubmit.gif) no-repeat scroll 0 0 transparent; text-indent:-9999em; width:85px; height:28px; cursor:pointer; margin:2px 2px 0 0}
a.home-link, #blog-pager-older-link a, #blog-pager-newer-link a{ color:#000; margin:2px; padding:3px 7px; text-decoration:none}
a.home-link:hover, #blog-pager-older-link a:hover, #blog-pager-newer-link a:hover{border:1px solid #979696; color:#979696; margin:2px; padding:3px 7px}
.Profile img{border:3px solid; float:left; margin:5px 10px 5px 0; padding:2px}
.profile-data{font:bold 20px/1.6em Arial,Helvetica,Tahoma,sans-serif; margin:0; text-transform:capitalize}
.profile-datablock{margin:0.5em 0}
.profile-textblock{line-height:1.6em; margin:0.5em 0}
a.profile-link{clear:both; display:block; font:80% monospace; padding:10px 0; text-align:center; text-transform:capitalize}
#Container{clear:both; width:958px; padding:0px; position:relative; margin:0 auto; overflow:hidden; height:344px; border:1px solid #e3e2e2; border-top:0}
.clrBOTH{clear:both}
#tabs{height:344px; overflow:hidden}
.feature p{font-size:12px; color:#7a7a7a; display:block; line-height:21px}
.feature h2{font-size:21px; font-weight:normal; line-height:25px; margin-bottom:15px}
.titlesl a, .titlesl a:visited{color:#666 !important}
.bigimg{margin:0 25px 0 0; padding:0px; border:1px solid #e3e2e2; float:right}
#tabby{clear:both; width:446px; background:#0182a9; position:absolute; bottom:19px; left:0; padding:15px}
#tabby li{float:left; margin:0 18px 0 0; background:#f5f5f5; line-height:0}
*+html #tabby li{height:69px}
.ui-tabs{padding:0em; zoom:1; z-index:100}
.ui-tabs .ui-tabs-nav{list-style:none; position:relative; padding:0em 0em 0}
.ui-tabs .ui-tabs-nav li{position:relative; float:left; border-bottom-width:0 !important; margin-top:5px; margin-left:0px; margin-right:0px; margin-bottom:0px; padding:0}
.ui-tabs .ui-tabs-nav li a{float:left}
.ui-tabs .ui-tabs-nav li.ui-tabs-selected{}
.ui-tabs .ui-tabs-nav li.ui-tabs-selected a, .ui-tabs .ui-tabs-nav li.ui-state-disabled a, .ui-tabs .ui-tabs-nav li.ui-state-processing a{cursor:text}
.ui-tabs .ui-tabs-nav li a, .ui-tabs.ui-tabs-collapsible .ui-tabs-nav li.ui-tabs-selected a{cursor:pointer}
.ui-tabs .ui-tabs-panel{padding:0em 0em; display:block; border-width:0; background:none}
.ui-tabs .ui-tabs-hide{display:none !important}
.info{width:440px; height:450px; float:left; margin-left:16px}
.ui-state-active img{background:#235d90}
.slwrap{width:960px; padding:0px; height:330px; padding-top:24px; overflow:hidden}
.info a.more-link{background:#48b;  color:#fff;  text-shadow:1px 0 1px #3375a7;  padding:5px 12px}

.item4{margin-right:0 !important}
.item5, .item6, .item7, .item7, .item8, .item9, .item10{display:none}
.smeta, .smeta a, .smeta a:visited{color:#0182a9; font-size:11px; margin-bottom:12px}



.post-timestamp{    background:no-repeat scroll 0 1px transparent;     clear:both;     color:#AAA;     font-family:Viga,sans-serif;     font-size:13px;     margin:-15px 10px 0 0;     padding-left:24px;     position:relative}

.post-comment-link{    background:no-repeat scroll 0 3px transparent;  color:#227264;  font-family:Viga,sans-serif;  line-height:19px;  padding-left:24px}

.post-comment-link a{ color:#227264}
.label-size{ background:none repeat scroll 0 0 #524836;  color:#FFF;  display:inline-block;  float:left;  font-family:'Open Sans Condensed',sans-serif;  font-size:15px !important;  margin:0 3px 4px 0;  padding:3px 10px}

.label-size:hover{ background:none repeat scroll 0 0 #227264;  text-decoration:none;  color:#FFF;  display:inline-block;  font-family:'Open Sans Condensed',sans-serif;  font-size:15px !important;  margin:0 3px 4px 0;  padding:3px 10px}

.feed-links{ display:none}
.bnw_navcontainer {
background:rgb(242, 242, 242);
width: 90%; height: 40px; font-size: 12px;margin: 30px auto 0px;
position: relative;
padding: 2px 25px 0px;
}
}
#bnw_nav {
list-style-type:none;
margin:0;
padding-top:0;
height: 40px;
overflow: hidden;
float:left;
}
#bnw_nav ul {
float:left;
list-style-type:none;
padding:0;
}
#bnw_nav li {
float:left;
list-style-type:none;
margin:0;
padding-right: 5px;
padding-top: 7px;
}
#bnw_nav ul li {
list-style-type:none;
margin:0;
padding:0;
}
#bnw_nav li a:link, #bnw_nav li a:visited {
font-family:impact;
color: rgb(102, 102, 102);
text-decoration: none;
text-transform: capitalize;
font-size:20px;
letter-spacing:-0.1px;
display: block;
padding: 4px 14px;
}
#bnw_nav li a:hover, #bnw_nav li a:active {
background:#FCFAFA;
color:rgb(136, 174, 61) ;
text-decoration:none;
}
#bnw_nav  li.current-cat a {
background:#FCFAFA;
color: #070606;
text-decoration:none;
}

#w2b-mashable{margin:auto;padding:0;position:relative;z-index:9999999;}
.w2b-emailbox {background:rgb(244, 244, 244);overflow: hidden;border-bottom:1px solid #82D6FA;padding: 14px;}
.w2b-emailbox form{width:100%;-webkit-box-sizing: border-box;-moz-box-sizing: border-box;-ms-box-sizing: border-box;box-sizing: border-box;}
.w2b-emailbox input.emailu {float:left;-webkit-box-sizing: border-box;-moz-box-sizing: border-box;-ms-box-sizing: border-box;box-sizing: border-box;border: 0;color: #999;padding: 7px 10px 8px;width: 100%;-webkit-border-radius: 3px;-moz-border-radius: 3px;border-radius: 3px;font-size: 13px;}
.w2b-emailbox input.emailu:focus {color: #333;}
.w2b-emailbox input.submitu {-webkit-border-radius: 3px;-moz-border-radius: 3px;border-radius: 3px;color: white;padding: 7px 14px;font-weight: bold;font-size: 12px;float: right;cursor: pointer;width:70px !important;border-bottom:1px solid #51AED7 !important;}
.w2b-emailbox input.submitu:hover {text-decoration: none;}
.w2bDefault {border: 1px solid #cc7c00;text-shadow: #d08d00 1px 1px 0;background-color: #ff9b00;background: -webkit-gradient(linear,left top,left bottom,color-stop(0,#ffca00),color-stop(1,#ff9b00));background: -webkit-linear-gradient(center top,#ffca00 0,#ff9b00 100%);background: -moz-linear-gradient(center top,#ffca00 0,#ff9b00 100%);background: -o-linear-gradient(center top,#ffca00 0,#ff9b00 100%);background: -ms-linear-gradient(center top,#ffca00 0,#ff9b00 100%);background: linear-gradient(center top,#ffca00 0,#ff9b00 100%);}
.w2bDefault:hover {background-color: #ff9b00;background: -webkit-gradient(linear,left top,left bottom,color-stop(0,#ffe480),color-stop(1,#ff9b00));background: -webkit-linear-gradient(center top,#ffe480 0,#ff9b00 100%);background: -moz-linear-gradient(center top,#ffe480 0,#ff9b00 100%);background: -o-linear-gradient(center top,#ffe480 0,#ff9b00 100%);background: -ms-linear-gradient(center top,#ffe480 0,#ff9b00 100%);background: linear-gradient(center top,#ffe480 0,#ff9b00 100%);}.w2b-moresubs {background: none repeat scroll 0% 0% rgb(244, 244, 244);border-style: solid;border-width: 1px;border-color: #fff #ccc #ccc;padding: 3px 8px 3px 3px;text-align: right;font-size: 7px;letter-spacing: 1px;}

#Advance-area1 {
float:left;
width:74%;
height:95px;
}

#Advance-area1 h2 {
display:none

}
#Advance-area2 {
float:right;
width:24%;
background:url(http://3.bp.blogspot.com/-bkEkTAXnxTE/Us9kHEXhyfI/AAAAAAAAAKU/v3BfaxCKkCs/s1600/cxd.jpg);
border:1px solid back;
height:95px;
background-size:100% 116%;
}

#BNW-Facebook {
padding: 12px 0px 3px;
} 
#nav {
   padding:0;
   height: 36px;
}
#nav li a {
   font-family: Arial;
   font-size:16px;
   text-decoration: none;
   float:left;
   padding:15.5px;
   color:white;
   font-weight:bold;
letter-spacing: -1px;
text-transform: uppercase;
}
#nav li a:hover {
   background:#91AAE9;
   color:black;
   border-radius: 0px;
   border-bottom: 1px solid #EFBA1A;
}
#nav li {
    display:inline;
}

.Advance-area {
margin-top:17px;
}


]]></b:skin>
<script src='http://google-caja.googlecode.com/svn-history/r4877/trunk/third_party/precajole/jquery/1.7.2/jquery-1.7.2.js' type='text/javascript'/>
<script src='http://haletanis-lux.googlecode.com/files/slider.js?ver=20121010' type='text/javascript'/>
<script src='http://haletanis-lux.googlecode.com/files/drop-downs.js?ver=20110920' type='text/javascript'/>

<script type='text/javascript'>
//<![CDATA[
summary_noimg = 250;
summary_img = 279;
function removeHtmlTag(strx,chop){ 
	if(strx.indexOf("<")!=-1)
	{
		var s = strx.split("<"); 
		for(var i=0;i<s.length;i++){ 
			if(s[i].indexOf(">")!=-1){ 
				s[i] = s[i].substring(s[i].indexOf(">")+1,s[i].length); 
			} 
		} 
		strx =  s.join(""); 
	}
	chop = (chop < strx.length-1) ? chop : strx.length-2; 
	while(strx.charAt(chop-1)!=' ' && strx.indexOf(' ',chop)!=-1) chop++; 
	strx = strx.substring(0,chop-1); 
	return strx+'...'; 
}
function createSummaryAndThumb(pID, purl, pttle){
        var purl = purl;
        var pttle = pttle;
	var div = document.getElementById(pID);
	var imgtag = "";
	var img = div.getElementsByTagName("img");
	var summ = summary_noimg;
	if(img.length>=1) {	
		imgtag = '<h3 class="post-title"><a href="'+purl+'">'+pttle+'</a></h3><a href="'+purl+'" style="display:inline-block;margin-bottom: 10px;"><img class="post_thumbnail" src="'+img[0].src+'" width="279" height="168"/></a>';
		summ = summary_img;
	}
	var summary = imgtag + '<div>' + removeHtmlTag(div.innerHTML,summ) + '</div>';
	div.innerHTML = summary;
}


$(document).ready(function() {
  $('#tabs').tabs({fx:{opacity: 'toggle'}}).tabs('rotate', 3000);
});
//]]>
</script>
<!--   Do not edit the below Stylings   -->
<b:if cond='data:blog.pageType == &quot;index&quot;'>
<style type='text/css'>
h3.post-title {
   margin: 0 0 16px;
    padding: 0;
    line-height: 27px;
    font-size: 24px !important;
    color: #000000 !important;
    font-family: ARial !important;
font-weight: bold;
letter-spacing: -2px;
}

h3.post-title  a{
 color: #052C19;
}
.post {
    background: none repeat scroll 0 0 #FFFFFF;
    border: 0;
    float: left;
    height: 440px;
    line-height: 19px;
    margin: 0 15px 22px;
    overflow: hidden;
    padding:10px;
    width: 278px;
}

.post img{max-width:100%;}
.post-footer{display:none;}

#main-wrapper {
    margin: 0 auto;
    overflow: hidden;
    width: 1000px;
}

#content-wrapper {
    float: left;
    margin-top: 30px;
    width: 685px;
margin-bottom: 17px;
}

.meta {color: #878787;text-align: right;margin-top:5px;}
</style>
</b:if>
<script>setInterval(function(){
    if (!$(&#39;#lower:visible&#39;).length) window.location.href = &#39;wherever.com&#39;;
}, 3000);
            </script>

<!--Related Posts with thumbnails Scripts and Styles Start Here-->
<!-- remove --><b:if cond='data:blog.pageType == &quot;item&quot;'>
<style type='text/css'>
#related-posts {
float:center;
text-transform:none;
height:100%;
min-height:100%;
padding-top:5px;
padding-left:5px;
}
#related-posts h2{
font-size: 18px;
letter-spacing: -1px;
font-weight: bold;
text-transform: none;
color: #5D5D5D;
font-family: Arial;
margin-bottom: 0.75em;
margin-top: 0em;
padding-top: 0em;
}
#related-posts a{
border-right: 1px dotted #DDDDDD;
color:#5D5D5D;
}
#related-posts a:hover{
color:black;
background-color:#EDEDEF;
}
  #related-posts img {
    Width:147px !important;
    height:100px !important;
}
  #related-posts div a div {
    width:147px !important;
    color:#000;
}


</style>
<script type='text/javascript'>
var defaultnoimage=&quot;http://3.bp.blogspot.com/-PpjfsStySz0/UF91FE7rxfI/AAAAAAAACl8/092MmUHSFQ0/s1600/no_image.jpg&quot;;
var maxresults=5;
var splittercolor=&quot;#DDDDDD&quot;;
var relatedpoststitle=&quot;Related Posts&quot;;
</script>
<script src='http://helplogger.googlecode.com/svn/trunk/related-posts-with-big-thumbnails.js' type='text/javascript'/>
<!-- remove --></b:if>
<!--Related Posts with thumbnails Scripts and Styles End-->
</head>

<body>
<div id='fb-root'/>
<script>(function(d, s, id) {
  var js, fjs = d.getElementsByTagName(s)[0];
  if (d.getElementById(id)) return;
  js = d.createElement(s); js.id = id;
  js.src = &quot;//connect.facebook.net/en_US/all.js#xfbml=1&amp;appId=318973024895713&quot;;
  fjs.parentNode.insertBefore(js, fjs);
}(document, &#39;script&#39;, &#39;facebook-jssdk&#39;));</script>
  <div id='blogouter-wrapper'>
	<div id='bloginner-wrapper'>

  <div id='top-wrap'>
	    
	  <div id='header-wrapper'>
	    <b:section class='header' id='header' maxwidgets='1' showaddelement='yes'>
<b:widget id='Header1' locked='true' title='Snaptricks (Header)' type='Header'>
  <b:includable id='main'>

  <b:if cond='data:useImage'>
    <b:if cond='data:imagePlacement == &quot;BEHIND&quot;'>
      <!--
      Show image as background to text. You can't really calculate the width
      reliably in JS because margins are not taken into account by any of
      clientWidth, offsetWidth or scrollWidth, so we don't force a minimum
      width if the user is using shrink to fit.
      This results in a margin-width's worth of pixels being cropped. If the
      user is not using shrink to fit then we expand the header.
      -->
      <b:if cond='data:mobile'>
          <div id='header-inner'>
            <div class='titlewrapper' style='background: transparent'>
              <h1 class='title' style='background: transparent; border-width: 0px'>
                <b:include name='title'/>
              </h1>
            </div>
            <b:include name='description'/>
          </div>
        <b:else/>
          <div expr:style='&quot;background-image: url(\&quot;&quot; + data:sourceUrl + &quot;\&quot;); &quot;                        + &quot;background-position: &quot;                        + data:backgroundPositionStyleStr + &quot;; &quot;                        + data:widthStyleStr                        + &quot;min-height: &quot; + data:height                        + &quot;_height: &quot; + data:height                        + &quot;background-repeat: no-repeat; &quot;' id='header-inner'>
            <div class='titlewrapper' style='background: transparent'>
              <h1 class='title' style='background: transparent; border-width: 0px'>
                <b:include name='title'/>
              </h1>
            </div>
            <b:include name='description'/>
          </div>
        </b:if>
    <b:else/>
      <!--Show the image only-->
      <div id='header-inner'>
        <a expr:href='data:blog.homepageUrl' style='display: block'>
          <img expr:alt='data:title' expr:height='data:height' expr:id='data:widget.instanceId + &quot;_headerimg&quot;' expr:src='data:sourceUrl' expr:width='data:width' style='display: block'/>
        </a>
        <!--Show the description-->
        <b:if cond='data:imagePlacement == &quot;BEFORE_DESCRIPTION&quot;'>
          <b:include name='description'/>
        </b:if>
      </div>
    </b:if>
  <b:else/>
    <!--No header image -->
    <div id='header-inner'>
      <div class='titlewrapper'>
        <h1 class='title'>
          <b:include name='title'/>
        </h1>
      </div>
      <b:include name='description'/>
    </div>
  </b:if>
</b:includable>
  <b:includable id='description'>
  <div class='descriptionwrapper'>
    <p class='description'><span><data:description/></span></p>
  </div>
</b:includable>
  <b:includable id='title'>
  <b:if cond='data:blog.url == data:blog.homepageUrl'>
    <data:title/>
  <b:else/>
    <a expr:href='data:blog.homepageUrl'><data:title/></a>
  </b:if>
</b:includable>
</b:widget>
</b:section>
        <div style='float:right;'>
<ul class='my-top-menus' id='nav'> 
 <li><a href='#'>Home</a></li> 
 <li><a href='#'>About</a></li>
 <li><a href='#'>Services</a></li>
 <li><a href='#'>Products</a></li> 
 <li><a href='#'>Blog</a></li>
 <li><a href='#'>Contact Us</a></li>
</ul>
        </div>
	    
<div style='clear:both;'/>
	  </div><!-- /header-wrapper -->
	    </div>

	  <div id='fullwrap'>
	  <div id='main-wrapper'>
<div class='Advance-area'>
<div id='Advance-area1'>

<b:section class='banners' id='ADS' showaddelement='yes'>
  <b:widget id='HTML1' locked='false' title='' type='HTML'>
    <b:includable id='main'>
  <!-- only display title if it's non-empty -->
  <b:if cond='data:title != &quot;&quot;'>
    <h2 class='title'><data:title/></h2>
  </b:if>
  <div class='widget-content'>
    <data:content/>
  </div>

  <b:include name='quickedit'/>
</b:includable>
  </b:widget>
</b:section>
       
</div>
<div id='Advance-area2'>
 </div>
        </div>
	  <div id='content-wrapper'>
	      <b:section class='content' id='content' showaddelement='no'>
<b:widget id='Blog1' locked='true' title='Blog Posts' type='Blog'>
  <b:includable id='main' var='top'>

  <b:if cond='data:mobileindex'>
    <!-- mobile index -->
    <div class='blog-posts hfeed'>
      <b:loop values='data:posts' var='post'>
        <b:if cond='data:post.isFirstPost == &quot;false&quot;'>
          &lt;/div&gt;
        </b:if>
        &lt;div class=&quot;mobile-date-outer date-outer&quot;&gt;
        <b:include data='post' name='mobile-index-post'/>
        <b:if cond='data:post.trackLatency'>
          <data:post.latencyJs/>
        </b:if>
      </b:loop>
      <b:if cond='data:numPosts != 0'>
        &lt;/div&gt;
      </b:if>
    </div>
  <b:else/>

    <!-- posts -->
    <div class='blog-posts hfeed'>

      <b:include data='top' name='status-message'/>

      <data:defaultAdStart/>
      <b:loop values='data:posts' var='post'>
        <b:if cond='data:post.isDateStart'>
          <b:if cond='data:post.isFirstPost == &quot;false&quot;'>
            &lt;/div&gt;&lt;/div&gt;
          </b:if>
        </b:if>
        <b:if cond='data:post.isDateStart'>
          &lt;div class=&quot;date-outer&quot;&gt;
        </b:if>
        <b:if cond='data:post.dateHeader'>
          <h2 class='date-header'><span><data:post.dateHeader/></span></h2>
        </b:if>
        <b:if cond='data:post.isDateStart'>
          &lt;div class=&quot;date-posts&quot;&gt;
        </b:if>
        <div class='post-outer'>
        <b:include data='post' name='post'/>
        <b:if cond='data:blog.pageType == &quot;static_page&quot;'>
          <b:include data='post' name='comments'/>
        </b:if>
        <b:if cond='data:blog.pageType == &quot;item&quot;'>
          <b:include data='post' name='comments'/>
        </b:if>
        </div>
        <b:if cond='data:post.includeAd'>
          <b:if cond='data:post.isFirstPost'>
            <data:defaultAdEnd/>
          <b:else/>
            <data:adEnd/>
          </b:if>
          <b:if cond='data:mobile == &quot;false&quot;'>
            <div class='inline-ad'>
              <data:adCode/>
            </div>
          </b:if>
          <data:adStart/>
        </b:if>
        <b:if cond='data:post.trackLatency'>
          <data:post.latencyJs/>
        </b:if>
      </b:loop>
      <b:if cond='data:numPosts != 0'>
        &lt;/div&gt;&lt;/div&gt;
      </b:if>
      <data:adEnd/>
    </div>
  </b:if>

  <!-- navigation -->
  <b:if cond='data:mobile'>
    <b:include name='mobile-nextprev'/>
  <b:else/>
    <b:include name='nextprev'/>

    <!-- feed links -->
    <b:include name='feedLinks'/>
  </b:if>

  <b:if cond='data:top.showStars'>
    <script src='//www.google.com/jsapi' type='text/javascript'/>
    <script type='text/javascript'>
      google.load(&quot;annotations&quot;, &quot;1&quot;, {&quot;locale&quot;: &quot;<data:top.languageCode/>&quot;});
      function initialize() {
        google.annotations.setApplicationId(<data:top.blogspotReviews/>);
        google.annotations.createAll();
        google.annotations.fetch();
      }
      google.setOnLoadCallback(initialize);
    </script>
  </b:if>

  <b:if cond='data:top.showDummy'>
    <data:top.dummyBootstrap/>
  </b:if>

</b:includable>
  <b:includable id='backlinkDeleteIcon' var='backlink'>
  <span expr:class='&quot;item-control &quot; + data:backlink.adminClass'>
    <a expr:href='data:backlink.deleteUrl' expr:title='data:top.deleteBacklinkMsg'>
      <img src='//www.blogger.com/img/icon_delete13.gif'/>
    </a>
  </span>
</b:includable>
  <b:includable id='backlinks' var='post'>
  <a name='links'/><h4><data:post.backlinksLabel/></h4>
  <b:if cond='data:post.numBacklinks != 0'>
    <dl class='comments-block' id='comments-block'>
      <b:loop values='data:post.backlinks' var='backlink'>
        <div class='collapsed-backlink backlink-control'>
          <dt class='comment-title'>
            <span class='backlink-toggle-zippy'>&#160;</span>
            <a expr:href='data:backlink.url' rel='nofollow'><data:backlink.title/></a>
            <b:include data='backlink' name='backlinkDeleteIcon'/>
          </dt>
          <dd class='comment-body collapseable'>
            <data:backlink.snippet/>
          </dd>
          <dd class='comment-footer collapseable'>
            <span class='comment-author'><data:post.authorLabel/> <data:backlink.author/></span>
            <span class='comment-timestamp'><data:post.timestampLabel/> <data:backlink.timestamp/></span>
          </dd>
        </div>
      </b:loop>
    </dl>
  </b:if>
  <p class='comment-footer'>
    <a class='comment-link' expr:href='data:post.createLinkUrl' expr:id='data:widget.instanceId + &quot;_backlinks-create-link&quot;' target='_blank'><data:post.createLinkLabel/></a>
  </p>
</b:includable>
  <b:includable id='comment-form' var='post'>
  <div class='comment-form'>
    <a name='comment-form'/>
    <b:if cond='data:mobile'>
      <h4 id='comment-post-message'>
        <a expr:id='data:widget.instanceId + &quot;_comment-editor-toggle-link&quot;' href='javascript:void(0)'><data:postCommentMsg/></a></h4>
      <p><data:blogCommentMessage/></p>
      <data:blogTeamBlogMessage/>
      <a expr:href='data:post.commentFormIframeSrc' id='comment-editor-src'/>
      <iframe allowtransparency='true' class='blogger-iframe-colorize blogger-comment-from-post' frameborder='0' height='410' id='comment-editor' name='comment-editor' src='' style='display: none' width='100%'/>
    <b:else/>
      <h4 id='comment-post-message'><data:postCommentMsg/></h4>
      <p><data:blogCommentMessage/></p>
      <data:blogTeamBlogMessage/>
      <a expr:href='data:post.commentFormIframeSrc' id='comment-editor-src'/>
      <iframe allowtransparency='true' class='blogger-iframe-colorize blogger-comment-from-post' frameborder='0' height='410' id='comment-editor' name='comment-editor' src='' width='100%'/>
    </b:if>
    <data:post.friendConnectJs/>
    <data:post.cmtfpIframe/>
    <script type='text/javascript'>
      BLOG_CMT_createIframe(&#39;<data:post.appRpcRelayPath/>&#39;, &#39;<data:post.communityId/>&#39;);
    </script>
  </div>
</b:includable>
  <b:includable id='commentDeleteIcon' var='comment'>
  <span expr:class='&quot;item-control &quot; + data:comment.adminClass'>
    <b:if cond='data:showCmtPopup'>
      <div class='goog-toggle-button'>
        <div class='goog-inline-block comment-action-icon'/>
      </div>
    <b:else/>
      <a class='comment-delete' expr:href='data:comment.deleteUrl' expr:title='data:top.deleteCommentMsg'>
        <img src='//www.blogger.com/img/icon_delete13.gif'/>
      </a>
    </b:if>
  </span>
</b:includable>
  <b:includable id='comment_count_picker' var='post'>
  <b:if cond='data:post.commentSource == 1'>
    <span class='cmt_count_iframe_holder' expr:data-count='data:post.numComments' expr:data-onclick='data:post.addCommentOnclick' expr:data-post-url='data:post.url' expr:data-url='data:post.canonicalUrl'>
    </span>
  <b:else/>
    <a class='comment-link' expr:href='data:post.addCommentUrl' expr:onclick='data:post.addCommentOnclick'>
      <data:post.commentLabelFull/>:
    </a>
  </b:if>
</b:includable>
  <b:includable id='comment_picker' var='post'>
  <b:if cond='data:post.commentSource == 1'>
    <b:include data='post' name='iframe_comments'/>
  <b:else/>
    <b:if cond='data:post.showThreadedComments'>
      <b:include data='post' name='threaded_comments'/>
    <b:else/>
      <b:include data='post' name='comments'/>
    </b:if>
  </b:if>
</b:includable>
  <b:includable id='comments' var='post'>
  <div class='comments' id='comments'>
    <a name='comments'/>
    <b:if cond='data:post.allowComments'>
      <h4>
        <b:if cond='data:post.numComments == 1'>
          1 <data:commentLabel/>:
        <b:else/>
          <data:post.numComments/> <data:commentLabelPlural/>:
        </b:if>
      </h4>

      <b:if cond='data:post.commentPagingRequired'>
        <span class='paging-control-container'>
          <a expr:class='data:post.oldLinkClass' expr:href='data:post.oldestLinkUrl'><data:post.oldestLinkText/></a>
          &#160;
          <a expr:class='data:post.oldLinkClass' expr:href='data:post.olderLinkUrl'><data:post.olderLinkText/></a>
          &#160;
          <data:post.commentRangeText/>
          &#160;
          <a expr:class='data:post.newLinkClass' expr:href='data:post.newerLinkUrl'><data:post.newerLinkText/></a>
          &#160;
          <a expr:class='data:post.newLinkClass' expr:href='data:post.newestLinkUrl'><data:post.newestLinkText/></a>
        </span>
      </b:if>

      <div expr:id='data:widget.instanceId + &quot;_comments-block-wrapper&quot;'>
        <dl expr:class='data:post.avatarIndentClass' id='comments-block'>
          <b:loop values='data:post.comments' var='comment'>
            <dt expr:class='&quot;comment-author &quot; + data:comment.authorClass' expr:id='data:comment.anchorName'>
              <b:if cond='data:comment.favicon'>
                <img expr:src='data:comment.favicon' height='16px' style='margin-bottom:-2px;' width='16px'/>
              </b:if>
              <a expr:name='data:comment.anchorName'/>
              <b:if cond='data:blog.enabledCommentProfileImages'>
                <data:comment.authorAvatarImage/>
              </b:if>
              <b:if cond='data:comment.authorUrl'>
                <a expr:href='data:comment.authorUrl' rel='nofollow'><data:comment.author/></a>
              <b:else/>
                <data:comment.author/>
              </b:if>
              <data:commentPostedByMsg/>
            </dt>
            <dd class='comment-body' expr:id='data:widget.instanceId + data:comment.cmtBodyIdPostfix'>
              <b:if cond='data:comment.isDeleted'>
                <span class='deleted-comment'><data:comment.body/></span>
              <b:else/>
                <p>
                  <data:comment.body/>
                </p>
              </b:if>
            </dd>
            <dd class='comment-footer'>
              <span class='comment-timestamp'>
                <a expr:href='data:comment.url' title='comment permalink'>
                  <data:comment.timestamp/>
                </a>
                <b:include data='comment' name='commentDeleteIcon'/>
              </span>
            </dd>
          </b:loop>
        </dl>
      </div>

      <b:if cond='data:post.commentPagingRequired'>
        <span class='paging-control-container'>
          <a expr:class='data:post.oldLinkClass' expr:href='data:post.oldestLinkUrl'>
            <data:post.oldestLinkText/>
          </a>
          <a expr:class='data:post.oldLinkClass' expr:href='data:post.olderLinkUrl'>
            <data:post.olderLinkText/>
          </a>
          &#160;
          <data:post.commentRangeText/>
          &#160;
          <a expr:class='data:post.newLinkClass' expr:href='data:post.newerLinkUrl'>
            <data:post.newerLinkText/>
          </a>
          <a expr:class='data:post.newLinkClass' expr:href='data:post.newestLinkUrl'>
            <data:post.newestLinkText/>
          </a>
        </span>
      </b:if>

      <p class='comment-footer'>
        <b:if cond='data:post.embedCommentForm'>
          <b:if cond='data:post.allowNewComments'>
            <b:include data='post' name='comment-form'/>
          <b:else/>
            <data:post.noNewCommentsText/>
          </b:if>
        <b:else/>
          <b:if cond='data:post.allowComments'>
            <a expr:href='data:post.addCommentUrl' expr:onclick='data:post.addCommentOnclick'><data:postCommentMsg/></a>
          </b:if>
        </b:if>

      </p>
    </b:if>
    <b:if cond='data:showCmtPopup'>
      <div id='comment-popup'>
        <iframe allowtransparency='true' frameborder='0' id='comment-actions' name='comment-actions' scrolling='no'>
        </iframe>
      </div>
    </b:if>

    <div id='backlinks-container'>
    <div expr:id='data:widget.instanceId + &quot;_backlinks-container&quot;'>
       <b:if cond='data:post.showBacklinks'>
         <b:include data='post' name='backlinks'/>
       </b:if>
    </div>
    </div>
  </div>
</b:includable>
  <b:includable id='feedLinks'>
  <b:if cond='data:blog.pageType != &quot;item&quot;'> <!-- Blog feed links -->
    <b:if cond='data:feedLinks'>
      <div class='blog-feeds'>
        <b:include data='feedLinks' name='feedLinksBody'/>
      </div>
    </b:if>

    <b:else/> <!--Post feed links -->
    <div class='post-feeds'>
      <b:loop values='data:posts' var='post'>
        <b:if cond='data:post.allowComments'>
          <b:if cond='data:post.feedLinks'>
            <b:include data='post.feedLinks' name='feedLinksBody'/>
          </b:if>
        </b:if>
      </b:loop>
    </div>
  </b:if>
</b:includable>
  <b:includable id='feedLinksBody' var='links'>
  <div class='feed-links'>
  <data:feedLinksMsg/>
  <b:loop values='data:links' var='f'>
     <a class='feed-link' expr:href='data:f.url' expr:type='data:f.mimeType' target='_blank'><data:f.name/> (<data:f.feedType/>)</a>
  </b:loop>
  </div>
</b:includable>
  <b:includable id='iframe_comments' var='post'>
  <script expr:src='data:post.commentSrc' type='text/javascript'/>
  <script type='text/javascript'>
    (function() {
      var url = &#39;<data:post.canonicalUrl/>&#39;;
// <![CDATA[
      gapi.comments.render('cmt_iframe_holder', {
          'href': url,
          'view_type': 'UNFILTERED'
      });
    })();
// ]]>
  </script>
  <div id='cmt_iframe_holder'/>
</b:includable>
  <b:includable id='mobile-index-post' var='post'>
  <b:if cond='data:post.dateHeader'>
    <div class='mobile-index-date'>
      <div class='date-header'>
        <span><data:post.dateHeader/></span>
      </div>
    </div>
  </b:if>

  <div class='mobile-post-outer'>
    <a expr:href='data:post.url'>
      <div class='mobile-index-title-outer'>
        <h3 class='mobile-index-title entry-title'>
          <data:post.title/>
        </h3>
      </div>

      <div>
        <div class='mobile-index-arrow'>
          &amp;rsaquo;
        </div>

        <div class='mobile-index-contents'>
          <b:if cond='data:post.thumbnailUrl'>
            <div class='mobile-index-thumbnail'>
              <div class='Image'>
                <img expr:src='data:post.thumbnailUrl'/>
              </div>
            </div>
          </b:if>

          <div class='post-body'>
            <b:if cond='data:post.snippet'><data:post.snippet/></b:if>
          </div>
        </div>
        <div style='clear: both;'/>
      </div>
    </a>

    <div class='mobile-index-comment'>
      <b:if cond='data:blog.pageType != &quot;item&quot;'>
        <b:if cond='data:blog.pageType != &quot;static_page&quot;'>
          <b:if cond='data:post.allowComments'>
            <b:if cond='data:post.numComments != 0'>
              <a class='comment-link' expr:href='data:post.addCommentUrl' expr:onclick='data:post.addCommentOnclick'><b:if cond='data:post.numComments == 1'>1 <data:top.commentLabel/><b:else/><data:post.numComments/> <data:top.commentLabelPlural/></b:if></a>
            </b:if>
          </b:if>
        </b:if>
      </b:if>
    </div>
  </div>
</b:includable>
  <b:includable id='mobile-main' var='top'>
    <!-- posts -->
    <div class='blog-posts hfeed'>

      <b:include data='top' name='status-message'/>

      <b:if cond='data:blog.pageType == &quot;index&quot;'>
        <b:loop values='data:posts' var='post'>
          <b:include data='post' name='mobile-index-post'/>
        </b:loop>
      <b:else/>
        <b:loop values='data:posts' var='post'>
          <b:include data='post' name='mobile-post'/>
        </b:loop>
      </b:if>
    </div>

   <b:include name='mobile-nextprev'/>
</b:includable>
  <b:includable id='mobile-nextprev'>
  <div class='blog-pager' id='blog-pager'>
    <b:if cond='data:newerPageUrl'>
      <div class='mobile-link-button' id='blog-pager-newer-link'>
      <a class='blog-pager-newer-link' expr:href='data:newerPageUrl' expr:id='data:widget.instanceId + &quot;_blog-pager-newer-link&quot;' expr:title='data:newerPageTitle'>&amp;laquo;</a>
      </div>
    </b:if>

    <b:if cond='data:olderPageUrl'>
      <div class='mobile-link-button' id='blog-pager-older-link'>
      <a class='blog-pager-older-link' expr:href='data:olderPageUrl' expr:id='data:widget.instanceId + &quot;_blog-pager-older-link&quot;' expr:title='data:olderPageTitle'>&amp;raquo;</a>
      </div>
    </b:if>

    <div class='mobile-link-button' id='blog-pager-home-link'>
    <a class='home-link' expr:href='data:blog.homepageUrl'><data:homeMsg/></a>
    </div>

    <div class='mobile-desktop-link'>
      <a class='home-link' expr:href='data:desktopLinkUrl'><data:desktopLinkMsg/></a>
    </div>

  </div>
  <div class='clear'/>
</b:includable>
  <b:includable id='mobile-post' var='post'>
  <div class='date-outer'>
    <b:if cond='data:post.dateHeader'>
      <h2 class='date-header'><span><data:post.dateHeader/></span></h2>
    </b:if>
    <div class='date-posts'>
      <div class='post-outer'>

        <div class='post hentry uncustomized-post-template'>
          <a expr:name='data:post.id'/>
          <b:if cond='data:post.title'>
            <h3 class='post-title entry-title'>
              <b:if cond='data:post.link'>
                <a expr:href='data:post.link'><data:post.title/></a>
              <b:else/>
                <b:if cond='data:post.url'>
                  <b:if cond='data:blog.url != data:post.url'>
                    <a expr:href='data:post.url'><data:post.title/></a>
                  <b:else/>
                    <data:post.title/>
                  </b:if>
                <b:else/>
                  <data:post.title/>
                </b:if>
              </b:if>
            </h3>
          </b:if>

          <div class='post-header'>
            <div class='post-header-line-1'/>
          </div>

          <div class='post-body entry-content' expr:id='&quot;post-body-&quot; + data:post.id'>
            <data:post.body/>

            <div style='clear: both;'/> <!-- clear for photos floats -->
          </div>

          <div class='post-footer'>
            <div class='post-footer-line post-footer-line-1'>


              <span class='post-author vcard'>
                <b:if cond='data:top.showAuthor'>
                  <data:top.authorLabel/>
                  <span class='fn'><data:post.author/></span>
                </b:if>
              </span>

              <span class='post-timestamp'>
                <b:if cond='data:top.showTimestamp'>
                  <data:top.timestampLabel/>
                  <b:if cond='data:post.url'>
                    <a class='timestamp-link' expr:href='data:post.url' rel='bookmark' title='permanent link'><abbr class='published' expr:title='data:post.timestampISO8601'><data:post.timestamp/></abbr></a>
                  </b:if>
                </b:if>
              </span>

              <span class='post-comment-link'>
                <b:if cond='data:blog.pageType != &quot;item&quot;'>
                  <b:if cond='data:blog.pageType != &quot;static_page&quot;'>
                    <b:if cond='data:post.allowComments'>
                      <a class='comment-link' expr:href='data:post.addCommentUrl' expr:onclick='data:post.addCommentOnclick'><b:if cond='data:post.numComments == 1'>1 <data:top.commentLabel/><b:else/><data:post.numComments/> <data:top.commentLabelPlural/></b:if></a>
                    </b:if>
                  </b:if>
                </b:if>
              </span>
            </div>

            <div class='post-footer-line post-footer-line-2'>
              <b:if cond='data:top.showMobileShare'>
                <div class='mobile-link-button goog-inline-block' id='mobile-share-button'>
                  <a href='javascript:void(0);'><data:shareMsg/></a>
                </div>
              </b:if>
              <b:if cond='data:top.showDummy'>
                <div class='goog-inline-block dummy-container'><data:post.dummyTag/></div>
              </b:if>
            </div>

          </div>
        </div>

        <b:if cond='data:blog.pageType == &quot;static_page&quot;'>
          <b:include data='post' name='comments'/>
        </b:if>
        <b:if cond='data:blog.pageType == &quot;item&quot;'>
          <b:include data='post' name='comments'/>
        </b:if>
      </div>
    </div>
  </div>
</b:includable>
  <b:includable id='nextprev'>
  <div class='blog-pager' id='blog-pager'>
    <b:if cond='data:newerPageUrl'>
      <span id='blog-pager-newer-link'>
      <a class='blog-pager-newer-link' expr:href='data:newerPageUrl' expr:id='data:widget.instanceId + &quot;_blog-pager-newer-link&quot;' expr:title='data:newerPageTitle'><data:newerPageTitle/></a>
      </span>
    </b:if>

    <b:if cond='data:olderPageUrl'>
      <span id='blog-pager-older-link'>
      <a class='blog-pager-older-link' expr:href='data:olderPageUrl' expr:id='data:widget.instanceId + &quot;_blog-pager-older-link&quot;' expr:title='data:olderPageTitle'><data:olderPageTitle/></a>
      </span>
    </b:if>

    <a class='home-link' expr:href='data:blog.homepageUrl'><data:homeMsg/></a>

    <b:if cond='data:mobileLinkUrl'>
      <div class='blog-mobile-link'>
        <a expr:href='data:mobileLinkUrl'><data:mobileLinkMsg/></a>
      </div>
    </b:if>

  </div>
  <div class='clear'/>
</b:includable>
  <b:includable id='post' var='post'>
  <div class='post hentry'>
    <a expr:name='data:post.id'/>
<b:if cond='data:blog.pageType != &quot;index&quot;'>
    <b:if cond='data:post.title'>
      <h3 class='post-title entry-title'>
      <b:if cond='data:post.link'>
        <a expr:href='data:post.link'><data:post.title/></a>
      <b:else/>
        <b:if cond='data:post.url'>
          <b:if cond='data:blog.url != data:post.url'>
            <a expr:href='data:post.url'><data:post.title/></a>
          <b:else/>
            <data:post.title/>
          </b:if>
        <b:else/>
          <data:post.title/>
        </b:if>
      </b:if>
      </h3>
    </b:if>

    <div class='meta'>
<span class='post-author vcard'>
        <b:if cond='data:top.showAuthor'>
          <data:top.authorLabel/>
          <span class='fn'><data:post.author/></span>
        </b:if>
      </span> 
<span class='post-timestamp'>
        <b:if cond='data:top.showTimestamp'>
          <data:top.timestampLabel/>
        <b:if cond='data:post.url'>
          | <a class='timestamp-link' expr:href='data:post.url' rel='bookmark' title='permanent link'><abbr class='published' expr:title='data:post.timestampISO8601'><data:post.timestamp/></abbr></a>
        </b:if>
        </b:if>
      </span> 
<span class='post-labels'>
        <b:if cond='data:post.labels'>
          <data:postLabelsLabel/>
          <b:loop values='data:post.labels' var='label'>
            <a expr:href='data:label.url' rel='tag'><data:label.name/></a><b:if cond='data:label.isLast != &quot;true&quot;'>,</b:if>
          </b:loop>
        </b:if>
      </span>
    </div>
    </b:if>

    <div class='post-body entry-content' expr:id='&quot;post-body-&quot; + data:post.id'>
<b:if cond='data:blog.pageType == &quot;item&quot;'>
<data:post.body/>
<!-- Related Posts with Thumbnails Code Start-->
<!-- remove --><b:if cond='data:blog.pageType == &quot;item&quot;'>
<div id='related-posts'>
<b:loop values='data:post.labels' var='label'>
<b:if cond='data:label.isLast != &quot;true&quot;'>
</b:if>
<script expr:src='&quot;/feeds/posts/default/-/&quot; + data:label.name + &quot;?alt=json-in-script&amp;callback=related_results_labels_thumbs&amp;max-results=4&quot;' type='text/javascript'/></b:loop>
<script type='text/javascript'>
removeRelatedDuplicates_thumbs();
printRelatedLabels_thumbs(&quot;<data:post.url/>&quot;);
</script>
</div><div style='clear:both'/>
<!-- remove --></b:if>
<b:if cond='data:blog.url == data:blog.homepageUrl'><b:if cond='data:post.isFirstPost'>
<a href='http://helplogger.blogspot.com'><img alt='BlogStable.com' src='http://3.bp.blogspot.com/-K65p5zLLKQk/T3ObCINoP7I/AAAAAAAABmI/dF84-alnOu4/s1600/best+blogger+tips.png'/></a>
</b:if></b:if>
<!-- Related Posts with Thumbnails Code End-->
<b:else/>
<b:if cond='data:blog.pageType == &quot;static_page&quot;'>
<data:post.body/>
<b:else/>
<div expr:id='&quot;summary&quot; + data:post.id'>
<data:post.body/>
</div>
<script type='text/javascript'>
createSummaryAndThumb(&quot;summary<data:post.id/>&quot;, &quot;<data:post.url/>&quot;, &quot;<data:post.title/>&quot;);
</script>
<div style='clear: both;'/>
    <div class='meta'>
<span class='fleft'>
<span class='post-timestamp'>On 
        <b:if cond='data:top.showTimestamp'>
        <b:if cond='data:post.url'>
          <a class='timestamp-link' expr:href='data:post.url' rel='bookmark' title='permanent link'><data:post.timestamp/></a>
        </b:if>
        </b:if>
      </span> 
|
<span class='post-comment-link'>
        <b:if cond='data:blog.pageType != &quot;item&quot;'>
          <b:if cond='data:blog.pageType != &quot;static_page&quot;'>
            <b:if cond='data:post.allowComments'>
              <a class='comment-link' expr:href='data:post.addCommentUrl' expr:onclick='data:post.addCommentOnclick'><b:if cond='data:post.numComments == 1'>1 <data:top.commentLabel/><b:else/><data:post.numComments/> <data:top.commentLabelPlural/></b:if></a>
            </b:if>
          </b:if>
        </b:if>
      </span>
</span>
      <span class='rmlink'><a expr:href='data:post.url'>More</a></span>
    </div>

</b:if>
</b:if>
      <div style='clear: both;'/> <!-- clear for photos floats -->
    </div>

    <div class='post-footer'>
    <div class='post-footer-line post-footer-line-1'>
 <span class='post-icons'>
        <!-- email post links -->
        <b:if cond='data:post.emailPostUrl'>
          <span class='item-action'>
          <a expr:href='data:post.emailPostUrl' expr:title='data:top.emailPostMsg'>
              <img alt='' class='icon-action' height='13' src='http://img1.blogblog.com/img/icon18_email.gif' width='18'/>
          </a>
          </span>
        </b:if>

        <!-- quickedit pencil -->
        <b:include data='post' name='postQuickEdit'/>
      </span> <div class='post-share-buttons goog-inline-block'>
        <b:if cond='data:post.sharePostUrl'>
          <b:include data='post' name='shareButtons'/>
        </b:if>
      </div> </div>

      <div class='post-footer-line post-footer-line-2'>
 </div>

      <div class='post-footer-line post-footer-line-3'><span class='post-location'>
        <b:if cond='data:top.showLocation'>
          <b:if cond='data:post.location'>
            <data:postLocationLabel/>
            <a expr:href='data:post.location.mapsUrl' target='_blank'><data:post.location.name/></a>
          </b:if>
        </b:if>
      </span> </div>
    </div>
  </div>
</b:includable>
  <b:includable id='postQuickEdit' var='post'>
  <b:if cond='data:post.editUrl'>
    <span expr:class='&quot;item-control &quot; + data:post.adminClass'>
      <a expr:href='data:post.editUrl' expr:title='data:top.editPostMsg'>
        <img alt='' class='icon-action' height='18' src='http://img2.blogblog.com/img/icon18_edit_allbkg.gif' width='18'/>
      </a>
    </span>
  </b:if>
</b:includable>
  <b:includable id='shareButtons' var='post'>
  <b:if cond='data:top.showEmailButton'><a class='goog-inline-block share-button sb-email' expr:href='data:post.sharePostUrl + &quot;&amp;target=email&quot;' expr:title='data:top.emailThisMsg' target='_blank'>
      <span class='share-button-link-text'><data:top.emailThisMsg/></span>
  </a></b:if><b:if cond='data:top.showBlogThisButton'><a class='goog-inline-block share-button sb-blog' expr:href='data:post.sharePostUrl + &quot;&amp;target=blog&quot;' expr:onclick='&quot;window.open(this.href, \&quot;_blank\&quot;, \&quot;height=270,width=475\&quot;); return false;&quot;' expr:title='data:top.blogThisMsg' target='_blank'>
      <span class='share-button-link-text'><data:top.blogThisMsg/></span>
  </a></b:if><b:if cond='data:top.showTwitterButton'><a class='goog-inline-block share-button sb-twitter' expr:href='data:post.sharePostUrl + &quot;&amp;target=twitter&quot;' expr:title='data:top.shareToTwitterMsg' target='_blank'>
      <span class='share-button-link-text'><data:top.shareToTwitterMsg/></span>
  </a></b:if><b:if cond='data:top.showFacebookButton'><a class='goog-inline-block share-button sb-facebook' expr:href='data:post.sharePostUrl + &quot;&amp;target=facebook&quot;' expr:onclick='&quot;window.open(this.href, \&quot;_blank\&quot;, \&quot;height=430,width=640\&quot;); return false;&quot;' expr:title='data:top.shareToFacebookMsg' target='_blank'>
      <span class='share-button-link-text'><data:top.shareToFacebookMsg/></span>
  </a></b:if><b:if cond='data:top.showOrkutButton'><a class='goog-inline-block share-button sb-orkut' expr:href='data:post.sharePostUrl + &quot;&amp;target=orkut&quot;' expr:title='data:top.shareToOrkutMsg' target='_blank'>
      <span class='share-button-link-text'><data:top.shareToOrkutMsg/></span>
  </a></b:if><b:if cond='data:top.showBuzzButton'><a class='goog-inline-block share-button sb-buzz' expr:href='data:post.sharePostUrl + &quot;&amp;target=buzz&quot;' expr:onclick='&quot;window.open(this.href, \&quot;_blank\&quot;, \&quot;height=415,width=690\&quot;); return false;&quot;' expr:title='data:top.shareToBuzzMsg' target='_blank'>
      <span class='share-button-link-text'><data:top.shareToBuzzMsg/></span>
  </a></b:if>
  <b:if cond='data:top.showDummy'>
    <div class='goog-inline-block dummy-container'><data:post.dummyTag/></div>
  </b:if>
</b:includable>
  <b:includable id='status-message'>
  <b:if cond='data:navMessage'>
  <div class='status-msg-wrap'>
    <div class='status-msg-body'>
      <data:navMessage/>
    </div>
    <div class='status-msg-border'>
      <div class='status-msg-bg'>
        <div class='status-msg-hidden'><data:navMessage/></div>
      </div>
    </div>
  </div>
  <div style='clear: both;'/>
  </b:if>
</b:includable>
  <b:includable id='threaded-comment-form' var='post'>
  <div class='comment-form'>
    <a name='comment-form'/>
    <b:if cond='data:mobile'>
      <p><data:blogCommentMessage/></p>
      <data:blogTeamBlogMessage/>
      <a expr:href='data:post.commentFormIframeSrc' id='comment-editor-src'/>
      <iframe allowtransparency='true' class='blogger-iframe-colorize blogger-comment-from-post' frameborder='0' height='410' id='comment-editor' name='comment-editor' src='' style='display: none' width='100%'/>
    <b:else/>
      <p><data:blogCommentMessage/></p>
      <data:blogTeamBlogMessage/>
      <a expr:href='data:post.commentFormIframeSrc' id='comment-editor-src'/>
      <iframe allowtransparency='true' class='blogger-iframe-colorize blogger-comment-from-post' frameborder='0' height='410' id='comment-editor' name='comment-editor' src='' width='100%'/>
    </b:if>
    <data:post.friendConnectJs/>
    <data:post.cmtfpIframe/>
    <script type='text/javascript'>
      BLOG_CMT_createIframe(&#39;<data:post.appRpcRelayPath/>&#39;, &#39;<data:post.communityId/>&#39;);
    </script>
  </div>
</b:includable>
  <b:includable id='threaded_comment_js' var='post'>
  <script async='async' expr:src='data:post.commentSrc' type='text/javascript'/>

  <script type='text/javascript'>
    (function() {
      var items = <data:post.commentJso/>;
      var msgs = <data:post.commentMsgs/>;
      var config = <data:post.commentConfig/>;

// <![CDATA[
      var cursor = null;
      if (items && items.length > 0) {
        cursor = parseInt(items[items.length - 1].timestamp) + 1;
      }

      var bodyFromEntry = function(entry) {
        if (entry.gd$extendedProperty) {
          for (var k in entry.gd$extendedProperty) {
            if (entry.gd$extendedProperty[k].name == 'blogger.contentRemoved') {
              return '<span class="deleted-comment">' + entry.content.$t + '</span>';
            }
          }
        }
        return entry.content.$t;
      }

      var parse = function(data) {
        cursor = null;
        var comments = [];
        if (data && data.feed && data.feed.entry) {
          for (var i = 0, entry; entry = data.feed.entry[i]; i++) {
            var comment = {};
            // comment ID, parsed out of the original id format
            var id = /blog-(\d+).post-(\d+)/.exec(entry.id.$t);
            comment.id = id ? id[2] : null;
            comment.body = bodyFromEntry(entry);
            comment.timestamp = Date.parse(entry.published.$t) + '';
            if (entry.author && entry.author.constructor === Array) {
              var auth = entry.author[0];
              if (auth) {
                comment.author = {
                  name: (auth.name ? auth.name.$t : undefined),
                  profileUrl: (auth.uri ? auth.uri.$t : undefined),
                  avatarUrl: (auth.gd$image ? auth.gd$image.src : undefined)
                };
              }
            }
            if (entry.link) {
              if (entry.link[2]) {
                comment.link = comment.permalink = entry.link[2].href;
              }
              if (entry.link[3]) {
                var pid = /.*comments\/default\/(\d+)\?.*/.exec(entry.link[3].href);
                if (pid && pid[1]) {
                  comment.parentId = pid[1];
                }
              }
            }
            comment.deleteclass = 'item-control blog-admin';
            if (entry.gd$extendedProperty) {
              for (var k in entry.gd$extendedProperty) {
                if (entry.gd$extendedProperty[k].name == 'blogger.itemClass') {
                  comment.deleteclass += ' ' + entry.gd$extendedProperty[k].value;
                } else if (entry.gd$extendedProperty[k].name == 'blogger.displayTime') {
                  comment.displayTime = entry.gd$extendedProperty[k].value;
                }
              }
            }
            comments.push(comment);
          }
        }
        return comments;
      };

      var paginator = function(callback) {
        if (hasMore()) {
          var url = config.feed + '?alt=json&v=2&orderby=published&reverse=false&max-results=50';
          if (cursor) {
            url += '&published-min=' + new Date(cursor).toISOString();
          }
          window.bloggercomments = function(data) {
            var parsed = parse(data);
            cursor = parsed.length < 50 ? null
                : parseInt(parsed[parsed.length - 1].timestamp) + 1
            callback(parsed);
            window.bloggercomments = null;
          }
          url += '&callback=bloggercomments';
          var script = document.createElement('script');
          script.type = 'text/javascript';
          script.src = url;
          document.getElementsByTagName('head')[0].appendChild(script);
        }
      };
      var hasMore = function() {
        return !!cursor;
      };
      var getMeta = function(key, comment) {
        if ('iswriter' == key) {
          var matches = !!comment.author
              && comment.author.name == config.authorName
              && comment.author.profileUrl == config.authorUrl;
          return matches ? 'true' : '';
        } else if ('deletelink' == key) {
          return config.baseUri + '/delete-comment.g?blogID='
               + config.blogId + '&postID=' + comment.id;
        } else if ('deleteclass' == key) {
          return comment.deleteclass;
        }
        return '';
      };

      var replybox = null;
      var replyUrlParts = null;
      var replyParent = undefined;

      var onReply = function(commentId, domId) {
        if (replybox == null) {
          // lazily cache replybox, and adjust to suit this style:
          replybox = document.getElementById('comment-editor');
          if (replybox != null) {
            replybox.height = '250px';
            replybox.style.display = 'block';
            replyUrlParts = replybox.src.split('#');
          }
        }
        if (replybox && (commentId !== replyParent)) {
          document.getElementById(domId).insertBefore(replybox, null);
          replybox.src = replyUrlParts[0]
              + (commentId ? '&parentID=' + commentId : '')
              + '#' + replyUrlParts[1];
          replyParent = commentId;
        }
      };

      var hash = (window.location.hash || '#').substring(1);
      var startThread, targetComment;
      if (/^comment-form_/.test(hash)) {
        startThread = hash.substring('comment-form_'.length);
      } else if (/^c[0-9]+$/.test(hash)) {
        targetComment = hash.substring(1);
      }

      // Configure commenting API:
      var configJso = {
        'maxDepth': config.maxThreadDepth
      };
      var provider = {
        'id': config.postId,
        'data': items,
        'loadNext': paginator,
        'hasMore': hasMore,
        'getMeta': getMeta,
        'onReply': onReply,
        'rendered': true,
        'initComment': targetComment,
        'initReplyThread': startThread,
        'config': configJso,
        'messages': msgs
      };

      var render = function() {
        if (window.goog && window.goog.comments) {
          var holder = document.getElementById('comment-holder');
          window.goog.comments.render(holder, provider);
        }
      };

      // render now, or queue to render when library loads:
      if (window.goog && window.goog.comments) {
        render();
      } else {
        window.goog = window.goog || {};
        window.goog.comments = window.goog.comments || {};
        window.goog.comments.loadQueue = window.goog.comments.loadQueue || [];
        window.goog.comments.loadQueue.push(render);
      }
    })();
// ]]>
  </script>
</b:includable>
  <b:includable id='threaded_comments' var='post'>
  <div class='comments' id='comments'>
    <a name='comments'/>
    <h4><data:post.commentLabelFull/>:</h4>

    <div class='comments-content'>
      <b:if cond='data:post.embedCommentForm'>
        <b:include data='post' name='threaded_comment_js'/>
      </b:if>
      <div id='comment-holder'>
         <data:post.commentHtml/>
      </div>
    </div>

    <p class='comment-footer'>
      <b:if cond='data:post.allowNewComments'>
        <b:include data='post' name='threaded-comment-form'/>
      <b:else/>
        <data:post.noNewCommentsText/>
      </b:if>
    </p>

    <b:if cond='data:showCmtPopup'>
      <div id='comment-popup'>
        <iframe allowtransparency='true' frameborder='0' id='comment-actions' name='comment-actions' scrolling='no'>
        </iframe>
      </div>
    </b:if>

    <div id='backlinks-container'>
    <div expr:id='data:widget.instanceId + &quot;_backlinks-container&quot;'>
       <b:if cond='data:post.showBacklinks'>
         <b:include data='post' name='backlinks'/>
       </b:if>
    </div>
    </div>
  </div>
</b:includable>
</b:widget>
<b:widget id='Attribution1' locked='true' title='' type='Attribution'>
  <b:includable id='main'>
    <b:if cond='data:feedbackSurveyLink'>
      <div class='mobile-survey-link' style='text-align: center;'>
        <data:feedbackSurveyLink/>
      </div>
    </b:if>

    <div class='widget-content' style='text-align: center;'>
      <b:if cond='data:attribution != &quot;&quot;'>
       <data:attribution/>
      </b:if>
    </div>

    <b:include name='quickedit'/>
  </b:includable>
</b:widget>
<b:widget id='Navbar1' locked='true' title='Navbar' type='Navbar'>
  <b:includable id='main'>&lt;script type=&quot;text/javascript&quot;&gt;
    function setAttributeOnload(object, attribute, val) {
      if(window.addEventListener) {
        window.addEventListener(&#39;load&#39;,
          function(){ object[attribute] = val; }, false);
      } else {
        window.attachEvent(&#39;onload&#39;, function(){ object[attribute] = val; });
      }
    }
  &lt;/script&gt;
&lt;div id=&quot;navbar-iframe-container&quot;&gt;&lt;/div&gt;
&lt;script type=&quot;text/javascript&quot; src=&quot;https://apis.google.com/js/plusone.js&quot;&gt;&lt;/script&gt;
&lt;script type=&quot;text/javascript&quot;&gt;
        gapi.load(&quot;gapi.iframes:gapi.iframes.style.bubble&quot;, function() {
          if (gapi.iframes &amp;&amp; gapi.iframes.getContext) {
            gapi.iframes.getContext().openChild({
                url: &#39;https://www.blogger.com/navbar.g?targetBlogID\0754564460640485663682\46blogName\75Snaptricks\46publishMode\75PUBLISH_MODE_BLOGSPOT\46navbarType\75LIGHT\46layoutType\75LAYOUTS\46searchRoot\75http://snapticks.blogspot.com/search\46blogLocale\75en_GB\46v\0752\46homepageUrl\75http://snapticks.blogspot.com/\46blogFollowUrl\75https://plus.google.com/111758316240251197090\46vt\0753972161508119503516&#39;,
                where: document.getElementById(&quot;navbar-iframe-container&quot;),
                id: &quot;navbar-iframe&quot;
            });
          }
        });
      &lt;/script&gt;&lt;script type=&quot;text/javascript&quot;&gt;
(function() {
var script = document.createElement(&#39;script&#39;);
script.type = &#39;text/javascript&#39;;
script.src = &#39;//pagead2.googlesyndication.com/pagead/js/google_top_exp.js&#39;;
var head = document.getElementsByTagName(&#39;head&#39;)[0];
if (head) {
head.appendChild(script);
}})();
&lt;/script&gt;
</b:includable>
</b:widget>
<b:widget id='HTML5' locked='false' title='' type='HTML'>
  <b:includable id='main'>
  <!-- only display title if it's non-empty -->
  <b:if cond='data:title != &quot;&quot;'>
    <h2 class='title'><data:title/></h2>
  </b:if>
  <div class='widget-content'>
    <data:content/>
  </div>

  <b:include name='quickedit'/>
</b:includable>
</b:widget>
</b:section>
<div style='clear:both;'/>
<div class='bnw_navcontainer'>
<ul id='bnw_nav' style='margin-left: -25px;'>
<li><a href='#'>Trending</a></li>
<li><a href='#' rel='dofollow'>About Us</a></li>
<li><a href='#'>Guest Post</a></li>
<li><a href='#' rel='dofollow'>Contact Us</a></li>
<li><a href='#' rel='dofollow' style='display:scroll;'>&#9650; Top</a></li>
</ul></div>
          <div id='footer-attribution' style='padding-top:20px;'><p style='float:left;color:#747474;'>&#169; 2014 <a expr:href='data:blog.homepageUrl' style='color:#000;font-weight:bold;'><data:blog.title/></a></p><div id='lower' style='float:right;color:#747474;'>Editor: Jaskaran SH SD | Designed by<a href='http://buildnextweb.blogspot.com/' style='color:#000;'>BuildNextWeb</a>

  Published..<a href='http://gooyaabitemplates.com/' title='Blogger Templates'>Gooyaabi Templates</a>                   
</div></div>
	    </div><!-- content-wrapper -->

	    <div id='sidebar-wrapper'>
<div id='BNW-FIXED-ELEMENT'>
 <div id='w2b-mashable'>
   
	<div class='w2b-emailbox'>
<p style='font-weight: bold; font-size: 25px; padding: 10px; letter-spacing: -1px;'>Get Updates Daily</p>
	    <form action='http://feedburner.google.com/fb/a/mailverify' method='post' onsubmit='window.open(&apos;http://feedburner.google.com/fb/a/mailverify?uri=indianmash&apos;, &apos;popupwindow&apos;, &apos;scrollbars=yes,width=550,height=520&apos;); return true' target='popupwindow'>
		<table width='100%'>
		    <tr>
			<td>
			    <input class='emailu' name='email' placeholder='Enter your email' type='text'/>
			</td>
			<td width='64px'>
			    <input class='submitu w2bDefault' type='submit' value='Sign Up'/>
			</td>
		    </tr>
		</table>
		<input name='uri' type='hidden' value='indianmash'/>
		<input name='loc' type='hidden' value='en_US'/>
	    </form>
	</div>
	</div>
<div id='BNW-Facebook'>
	    <div class='fb-like' data-action='like' data-href='https://www.facebook.com/BuildNextWeb' data-layout='standard' data-share='true' data-show-faces='true' data-width='308px'/>
	
          </div>

	      <b:section class='sidebar' id='sidebar' showaddelement='yes'>
<b:widget id='Profile1' locked='false' title='About Me' type='Profile'>
  <b:includable id='main'>
    <b:if cond='data:title != &quot;&quot;'>
      <h2><data:title/></h2>
    </b:if>
    <div class='widget-content'>
    <b:if cond='data:team == &quot;true&quot;'> <!-- team blog profile -->
      <ul>
        <b:loop values='data:authors' var='i'>
          <li><a class='profile-name-link g-profile' expr:href='data:i.userUrl' expr:style='&quot;background-image: url(&quot; + data:i.profileLogo + &quot;);&quot;'><data:i.display-name/></a></li>
        </b:loop>
      </ul>

    <b:else/> <!-- normal blog profile -->

      <b:if cond='data:photo.url != &quot;&quot;'>
        <a expr:href='data:userUrl'><img class='profile-img' expr:alt='data:photo.alt' expr:height='data:photo.height' expr:src='data:photo.url' expr:width='data:photo.width'/></a>
      </b:if>

      <dl class='profile-datablock'>
        <dt class='profile-data'>
          <a class='profile-name-link g-profile' expr:href='data:userUrl' expr:style='&quot;background-image: url(&quot; + data:profileLogo + &quot;);&quot;' rel='author'>
            <data:displayname/>
          </a>
          <b:if cond='data:hasgoogleprofile'>
            <br/>
            <div class='g-follow' data-annotation='bubble' data-height='20' expr:data-href='data:userUrl'/>
          </b:if>
        </dt>

        <b:if cond='data:showlocation == &quot;true&quot;'>
          <dd class='profile-data'><data:location/></dd>
        </b:if>

        <b:if cond='data:aboutme != &quot;&quot;'><dd class='profile-textblock'><data:aboutme/></dd></b:if>
      </dl>
      <a class='profile-link' expr:href='data:userUrl' rel='author'><data:viewProfileMsg/></a>
    </b:if>

     <b:include name='quickedit'/>
    </div>
  </b:includable>
</b:widget>
<b:widget id='PopularPosts1' locked='false' title='Popular Posts' type='PopularPosts'>
  <b:includable id='main'>
  <b:if cond='data:title'><h2><data:title/></h2></b:if>
  <div class='widget-content popular-posts'>
    <ul>
      <b:loop values='data:posts' var='post'>
      <li>
        <b:if cond='data:showThumbnails == &quot;false&quot;'>
          <b:if cond='data:showSnippets == &quot;false&quot;'>
            <!-- (1) No snippet/thumbnail -->
            <a expr:href='data:post.href'><data:post.title/></a>
          <b:else/>
            <!-- (2) Show only snippets -->
            <div class='item-title'><a expr:href='data:post.href'><data:post.title/></a></div>
            <div class='item-snippet'><data:post.snippet/></div>
          </b:if>
        <b:else/>
          <b:if cond='data:showSnippets == &quot;false&quot;'>
            <!-- (3) Show only thumbnails -->
            <div class='item-thumbnail-only'>
              <b:if cond='data:post.thumbnail'>
                <div class='item-thumbnail'>
                  <a expr:href='data:post.href' target='_blank'>
                    <img alt='' border='0' expr:height='data:thumbnailSize' expr:src='data:post.thumbnail' expr:width='data:thumbnailSize'/>
                  </a>
                </div>
              </b:if>
              <div class='item-title'><a expr:href='data:post.href'><data:post.title/></a></div>
            </div>
            <div style='clear: both;'/>
          <b:else/>
            <!-- (4) Show snippets and thumbnails -->
            <div class='item-content'>
              <b:if cond='data:post.thumbnail'>
                <div class='item-thumbnail'>
                  <a expr:href='data:post.href' target='_blank'>
                    <img alt='' border='0' expr:height='data:thumbnailSize' expr:src='data:post.thumbnail' expr:width='data:thumbnailSize'/>
                  </a>
                </div>
              </b:if>
              <div class='item-title'><a expr:href='data:post.href'><data:post.title/></a></div>
              <div class='item-snippet'><data:post.snippet/></div>
            </div>
            <div style='clear: both;'/>
          </b:if>
        </b:if>
      </li>
      </b:loop>
    </ul>
    <b:include name='quickedit'/>
  </div>
</b:includable>
</b:widget>
</b:section>
          </div>
	    </div><!-- /sidebar-wrapper -->
<div style='clear:both;'/>
	  </div><!-- /main-wrapper -->
</div>

<div style='clear:both;'/>

<div style='clear:both;'/>
	</div><!-- /bloginner-wrapper -->
  </div><!-- /blogouter-wrapper -->
<script>
// Sticky widget by http://buildnextweb.blogspot.com/
// Tutorial at http://buildnextweb.blogspot.com/
// Free to use or share, but please keep this notice intact.
//<![CDATA[
bnw_makeSticky("BNW-FIXED-ELEMENT"); // enter your widget ID here
function bnw_makeSticky(elem) {
    var bnw_sticky = document.getElementById(elem);
    var scrollee = document.createElement("div");
    bnw_sticky.parentNode.insertBefore(scrollee, bnw_sticky);
    var width = bnw_sticky.offsetWidth;
    var iniClass = bnw_sticky.className + ' bnw_sticky';
    window.addEventListener('scroll', bnw_sticking, false);
    function bnw_sticking() {
        var rect = scrollee.getBoundingClientRect();
        if (rect.top < 0) {
            bnw_sticky.className = iniClass + ' bnw_sticking';
            bnw_sticky.style.width = width + "px";
        } else {
            bnw_sticky.className = iniClass;
        }
    }
}
//]]>
</script>

<style>
.bnw_sticking {background:#fff !important; position:fixed !important; top:0; z-index:9999; box-shadow:0px 10px 4px -5px rgba(0,0,0,0.3); margin-top: 0; position:relative\9 !important;}
</style>
</body>
</html>