<?xml version="1.0" encoding="UTF-8" ?>
<!DOCTYPE html>
<HTML>
<head>
<meta charset='utf-8'/>
<meta content='text/html; charset=UTF-8' http-equiv='Content-Type'/>
<meta content='blogger' name='generator'/>
<link expr:href='data:blog.homepageUrl + &quot;favicon.ico&quot;' rel='icon' type='image/x-icon'/>
<link expr:href='data:blog.url' rel='canonical'/>
<link expr:href='data:blog.homepageUrl + &quot;feeds/posts/default&quot;' expr:title='data:blog.title + &quot; - Atom&quot;' rel='alternate' type='application/atom+xml'/>
<link expr:href='data:blog.homepageUrl + &quot;feeds/posts/default?alt=rss&quot;' expr:title='data:blog.title + &quot; - RSS&quot;' rel='alternate' type='application/rss+xml'/>
<link expr:href='&quot;http://www.blogger.com/feeds/&quot; + data:blog.blogId + &quot;/posts/default&quot;' expr:title='data:blog.title + &quot; - Atom&quot;' rel='alternate' type='application/atom+xml'/>
<link href='http://www.blogger.com/openid-server.g' rel='openid.server'/>
<link expr:href='data:blog.homepageUrl' rel='openid.delegate'/>

<b:if cond='data:blog.pageType == &quot;item&quot;'>
<b:if cond='data:blog.postImageThumbnailUrl'>
<link expr:href='data:blog.postImageThumbnailUrl' rel='image_src'/>
</b:if>
<b:if cond='data:blog.metaDescription != &quot;&quot;'>
<meta expr:content='data:blog.metaDescription' name='description'/>
<b:else/>
<meta expr:content='data:blog.pageName + &quot; - &quot; + data:blog.title' name='description'/>
</b:if>
</b:if>
<b:if cond='data:blog.url == data:blog.homepageUrl'>
 <b:if cond='data:blog.pageType == &quot;index&quot;'>
    <title><data:blog.pageTitle/> - Free Blogspot Template</title>
    <b:else/>
    <title><data:blog.pageName/> - Thesis2 seo blogger template</title>
    </b:if>
<meta content='descripton blog anda' name='DESCRIPTION'/>
<meta content='keyword blog anda' name='KEYWORDS'/> </b:if>
<b:if cond='data:blog.pageType == &quot;item&quot;'>
<title><data:blog.pageName/></title>
<meta expr:content='data:blog.pageName + &quot;, &quot; + data:blog.title + &quot;, &quot; + data:blog.pageName' name='Description'/>
<meta expr:content='data:blog.pageName + &quot;, &quot; + data:blog.title + &quot;, &quot; + data:blog.pageName' name='Keywords'/>
</b:if>

<meta content='index, follow' name='robots'/>
<meta content='2 days' name='revisit-after'/>
<meta content='id' name='language'/>
<meta content='id' name='geo.country'/>
<meta content='Indonesia' name='geo.placename'/>
<meta content='global' name='distribution'/>
<meta content='text/html; charset=UTF-8' http-equiv='Content-Type'/>
<meta content='true' name='MSSmartTagsPreventParsing'/>
<meta content='blogger' name='generator'/>
<meta content='general' name='rating'/>

<link expr:href='data:blog.url' rel='canonical'/>
<b:skin><![CDATA[/*
-----------------------------------------------
Free Thesis 2 seo blogger templates
Original author Jurangan Update by #Bumk www.bukharimalek.my
----------------------------------------------- */
#navbar-iframe {
height:0px;
visibility:hidden;
display:none
}

/* Variable definitions
   ====================
   <Variable name="bgcolor" description="Page Background Color"
             type="color" default="#fff" value="#ffffff">
   <Variable name="textcolor" description="Text Color"
             type="color" default="#333" value="#333333">
   <Variable name="linkcolor" description="Link Color"
             type="color" default="#58a" value="#5588aa">
   <Variable name="pagetitlecolor" description="Blog Title Color"
             type="color" default="#666" value="#666666">
   <Variable name="descriptioncolor" description="Blog Description Color"
             type="color" default="#999" value="#999999">
   <Variable name="titlecolor" description="Post Title Color"
             type="color" default="#c60" value="#cc6600">
   <Variable name="bordercolor" description="Border Color"
             type="color" default="#ccc" value="#cccccc">
   <Variable name="sidebarcolor" description="Sidebar Title Color"
             type="color" default="#999" value="#999999">
   <Variable name="sidebartextcolor" description="Sidebar Text Color"
             type="color" default="#666" value="#666666">
   <Variable name="visitedlinkcolor" description="Visited Link Color"
             type="color" default="#999" value="#999999">
   <Variable name="bodyfont" description="Text Font"
             type="font" default="normal normal 100% Georgia, Serif" value="normal normal 100% Georgia, Serif">
   <Variable name="headerfont" description="Sidebar Title Font"
             type="font"
             default="normal normal 78% 'Trebuchet MS',Trebuchet,Arial,Verdana,Sans-serif" value="normal normal 78% 'Trebuchet MS',Trebuchet,Arial,Verdana,Sans-serif">
   <Variable name="pagetitlefont" description="Blog Title Font"
             type="font"
             default="normal normal 200% Georgia, Serif" value="normal normal 200% Georgia, Serif">
   <Variable name="descriptionfont" description="Blog Description Font"
             type="font"
             default="normal normal 78% 'Trebuchet MS', Trebuchet, Arial, Verdana, Sans-serif" value="normal normal 78% 'Trebuchet MS', Trebuchet, Arial, Verdana, Sans-serif">
   <Variable name="postfooterfont" description="Post Footer Font"
             type="font"
             default="normal normal 78% 'Trebuchet MS', Trebuchet, Arial, Verdana, Sans-serif" value="normal normal 78% 'Trebuchet MS', Trebuchet, Arial, Verdana, Sans-serif">
   <Variable name="startSide" description="Side where text starts in blog language"
             type="automatic" default="left" value="left">
   <Variable name="endSide" description="Side where text ends in blog language"
             type="automatic" default="right" value="right">
*/

/* Use this with templates/template-twocol.html */


body {
-moz-background-clip:border;
-moz-background-inline-policy:continuous;
-moz-background-origin:padding;
background:#ececec url(http://i.imgur.com/JTTU3KP.png) repeat; center;
color:#333333;
font:15px 'Segoe UI', Calibri, 'Myriad Pro', Myriad, 'Trebuchet MS', Helvetica, sans-serif;
font-size-adjust:none;
font-stretch:normal;
font-style:normal;
font-variant:normal;
font-weight:normal;
line-height:normal;
margin:0;
text-align:center;
}
a:link {
color:#007ACC;
text-decoration:none;
}
a:visited {
color:#007ACC;
text-decoration:none;
}
a:hover {
color:#5588AA;
text-decoration:underline;
}
a img {
border-width:0;
}
#header-wrapper {
-moz-background-clip:border;
-moz-background-inline-policy:continuous;
-moz-background-origin:padding;
background:transparent url(http://3.bp.blogspot.com/_rLYhkzmU7RY/TDvdaQEQJhI/AAAAAAAAAAM/tQr4P8Rb7AQ/s1600/line.gif) repeat-x scroll left bottom;
width:900px;
}
#header-inner {
background-position:center center;
margin-left:auto;
margin-right:auto;
}
#header {
color:#000000;
text-align:left;
}
#header h1 {
font-family:'Open Sans', Calibri, 'Myriad Pro', Myriad, 'Trebuchet MS', Helvetica, sans-serif;
font-size:26px;
font-size-adjust:none;
font-stretch:normal;
font-style:normal;
font-variant:normal;
font-weight:bold;
letter-spacing:-1px;
line-height:normal;
margin:5px 5px 0;
padding:15px 20px 3px 0;
text-transform:none;
}
#header a {
color:#000000;
text-decoration:none;
}
#header a:hover {
color:#000000;
}
#header .description {
color:#999999;
font-family:Open Sans;
font-size:12px;
font-size-adjust:none;
font-stretch:normal;
font-style:italic;
font-variant:normal;
font-weight:normal;
letter-spacing:0;
line-height:normal;
margin:0 5px 5px;
max-width:700px;
padding:0 20px 15px 0;
text-transform:none;
}
#header img {
margin-left:auto;
margin-right:auto;
}
#outer-wrapper {
-moz-background-clip:border;
-moz-background-inline-policy:continuous;
-moz-background-origin:padding;
-webkit-border-radius: 18px;-moz-border-radius: 28px;
background:#FFFFFF none repeat scroll 0 0;
border:20px solid #fff;
font-family:'Open Sans', Calibri, 'Myriad Pro', Myriad, 'Trebuchet MS', Helvetica, sans-serif;
font-size:12px;
font-size-adjust:none;
font-stretch:normal;
font-style:normal;
font-variant:normal;
font-weight:normal;
line-height:normal;
margin:20px auto;
padding:0 10px;
text-align:justify;
width:900px;
}
#main-wrapper {
float:left;
margin-right:10px;
overflow:hidden;
width:567px;
word-wrap:break-word;
}
#sidebar-top {
border-left: 1px solid #dddddd;
border-bottom: 1px solid #dddddd;
background:#F5F5F5;
width:302px;
float:right;
padding:10px;
}
#sidebar-wrapper {
background:transparent url(http://2.bp.blogspot.com/_rLYhkzmU7RY/TDvfgoOK5uI/AAAAAAAAAAU/kOXGkdBkMT4/s1600/sidebg.gif) repeat-y scroll left top;
font-family:'Open Sans', Calibri, 'Myriad Pro', Myriad, 'Trebuchet MS', Helvetica, sans-serif;
font-size:16px;
line-height:1.4em;
margin:0 0 0.75em;
float:right;
overflow:hidden;
padding-left:8px;
margin-right:13px;
width:302px;
word-wrap:break-word;
}
h2 {
color:#000000;
font-family:'Open Sans', Calibri, 'Myriad Pro', Myriad, 'Trebuchet MS', Helvetica, sans-serif;
font-size:20px;
font-size-adjust:none;
font-stretch:normal;
font-style:normal;
font-variant:normal;
font-weight:normal;
letter-spacing:0;
line-height:1.5em;
margin-bottom:7px;
margin-top:5px;
}
.post {
margin:0.5em 0 1.5em;
}
.post h1, .post h2 {
color:#007ACC;
font-family:'Open Sans', Calibri, 'Myriad Pro', Myriad, 'Trebuchet MS', Helvetica, sans-serif;
font-size:25px;
font-weight:normal;
line-height:1em;
margin:0;
padding:0 0 5px;
}
.post h1 a, .post h1 a:visited, .post h1 strong,  .post h2 a, .post h2 a:visited, .post h2 strong {
color:#007ACC;
display:block;
font-weight:normal;
text-decoration:none;
}
.post h1 strong, .post h1 a:hover, .post h2 strong, .post h2 a:hover {
color:#007ACC;
}
.post-body {
font-family:'Open Sans', Calibri, 'Myriad Pro', Myriad, 'Trebuchet MS', Helvetica, sans-serif;
font-size:16px;
line-height:1.4em;
margin:0 0 0.75em;
}
.post-body blockquote {
line-height:1.3em;
}
.post-footer {
border-bottom:1px solid #EEEEEE;
color:#999999;
font-style:normal;
letter-spacing:0;
margin:0.3em 0;
padding:2px;
text-transform:none;
}
.comment-link {
margin-left:0em;
}
.post img {
border:2px solid #eeeeee;
}
.post blockquote {
color:#666666;
font-family:'Open Sans', Calibri, 'Myriad Pro', Myriad, 'Trebuchet MS', Helvetica, sans-serif;
font-style:italic;
margin:1em 20px;
}
.post blockquote p {
margin:0.75em 0;
}
#comments h4 {
color:#666666;
font-weight:normal;
letter-spacing:0.2em;
line-height:1.4em;
margin:1em 0;
font-size:medium;
text-transform:none;
}
#comments-block{border:0px dotted #ccc;width:567px;margin:1.3em 0 1.5em;line-height:1.6em}#comments-block .comment-author{background:#f6f6f6;border-top:1px solid #ddd;margin:.5em 0;padding-left:0px;color:#111}#comments-block .comment-author a:link,a:visited{color:#346ba4}#comments-block .comment-body{padding-left:0px;color:#333}#comments-block .comment-footer{padding-left:0px;margin:.25em 0 2em;line-height:1.5em;font-size:9px;border-top:1px solid #ddd}#comments-block .comment-footer a:link,a:visited{color:#444}#comments-block .comment-body p{text-align:justify;margin:0 1em .75em;padding-left:5px;border-left:3px solid #f0f0f0}#comments-block a:link{color:#c13a10}.deleted-comment{font-style:italic; color:gray}.owner-Body{padding-left:0px;color:#333}.owner-Body p{text-align:justify;margin:0 1em .75em;padding-left:5px;background:#f5f5f5;border-left:3px solid #ddd}
#blog-pager-newer-link {
float:left;
}
#blog-pager-older-link {
float:right;
}
#blog-pager {
text-align:center;
}
.feed-links {
clear:both;
line-height:2.5em;
}
.sidebar {
color:#666666;
line-height:1.5em;
}
.sidebar ul {
list-style-image:none;
list-style-position:outside;
list-style-type:none;
margin:0;
padding:0;
}
.sidebar li {
-moz-background-clip:border;
-moz-background-inline-policy:continuous;
-moz-background-origin:padding;
background:transparent url() no-repeat scroll left -1px;
line-height:1.5em;
margin:0;
padding:0 0 0.25em 15px;
}
.sidebar .widget, .main .widget {
margin:0 0 0.2em;
padding:0 0 0.2em;
}
.main .Blog {
border-bottom-width:0;
}
.profile-img {
border:1px solid #CCCCCC;
float:left;
margin:0 5px 5px 0;
padding:4px;
}
.profile-data {
color:#999999;
font-family:''Open Sans', Calibri, 'Myriad Pro', Myriad, 'Trebuchet MS', Helvetica, sans-serif;
font-size:78%;
font-size-adjust:none;
font-stretch:normal;
font-style:normal;
font-variant:normal;
font-weight:bold;
letter-spacing:0.1em;
line-height:1.6em;
margin:0;
text-transform:uppercase;
}
.profile-datablock {
margin:0.5em 0;
}
.profile-textblock {
line-height:1.6em;
margin:0.5em 0;
}
.profile-link {
font-family:'Open Sans', Calibri, 'Myriad Pro', Myriad, 'Trebuchet MS', Helvetica, sans-serif;
font-size:78%;
font-size-adjust:none;
font-stretch:normal;
font-style:normal;
font-variant:normal;
font-weight:normal;
letter-spacing:0.1em;
line-height:normal;
text-transform:uppercase;
}
#menu {
background-color:#F5F5F5;
border-bottom:1px solid #DDDDDD;
border-right:1px solid #DDDDDD;
border-top:1px solid #DDDDDD;
height:29px;
margin:3px auto 0;
width:900px;
}
#menu ul {
border-left:1px solid #DDDDDD;
float:left;
font-family:'Open Sans', Calibri, 'Myriad Pro', Myriad, 'Trebuchet MS', Helvetica, sans-serif;
list-style-type:none;
margin:0;
padding:0;
width:630px;
}
#menu ul li {
border-right:1px solid #DDDDDD;
display:block;
float:left;
font-size:15px;
font-weight:lighter;
height:29px;
letter-spacing:1px;
line-height:18px;
margin-right:0;
padding:0;
text-transform:uppercase;
}
#menu ul li:hover {
background-color:#DDDDDD;
}
#menu ul li a:link, #menu ul li a:visited, #menu ul li a:active {
color:#666666;
display:block;
float:left;
height:19px;
margin:0;
padding:5px 20px 0;
text-transform:uppercase;
}
#menu .home, #menu .current_page_item {
background-color:#FFFFFF;
}
#menu .home a:link, #menu .home a:visited, #menu .current_page_item a:link, #menu .current_page_item a:visited {
background-position:right center;
background-repeat:no-repeat;
color:#000000;
}
#menu ul li a:hover {
background-position:right center;
background-repeat:no-repeat;
color:#111111;
height:29px;
text-decoration:none;
}
#menu ul li ul {
width:180px;
}
#menu .rss {
border:medium none;
float:right;
font-family:'Open Sans', Calibri, 'Myriad Pro', Myriad, 'Trebuchet MS', Helvetica, sans-serif;
list-style-image:none;
list-style-position:outside;
list-style-type:none;
margin:0;
overflow:hidden;
width:300px;
}
#menu .rss li {
background-color:#FFFBFA;
border-left:1px solid #DDDDDD;
border-right:medium none;
float:right;
height:24px;
padding-left:10px;
}
#menu .rss li:hover {
background-color:#FFF7F5;
}
#menu .rss li a {
-moz-background-clip:border;
-moz-background-inline-policy:continuous;
-moz-background-origin:padding;
background:transparent url(http://1.bp.blogspot.com/_qJFbsMHBJNg/SoaUQ21lsyI/AAAAAAAAAJg/oRu5AVR0i-M/s1600/rss.png) no-repeat scroll left top;
display:block;
height:19px;
padding:5px 20px 0;
}
#menu .rss li a:hover {
-moz-background-clip:border;
-moz-background-inline-policy:continuous;
-moz-background-origin:padding;
background:transparent url(http://1.bp.blogspot.com/_qJFbsMHBJNg/SoaUQ21lsyI/AAAAAAAAAJg/oRu5AVR0i-M/s1600/rss.png) no-repeat scroll left top;
color:#111111;
height:21px;
}
.menunav li:hover ul, ul.menunav li.sfHover ul {
left:-1px;
top:25px;
}
.menunav li:hover li ul, .menunav li.sfHover li ul {
top:-9999px;
}
.menunav li li:hover ul, ul.menunav li li.sfHover ul {
border-top:1px solid #DDDDDD;
left:180px;
top:-1px;
}
.menunav li:hover ul, .menunav li li:hover ul {
top:-9999px;
}
.menunav li ul {
border-right:1px solid #DDDDDD;
position:absolute;
top:-9999px;
}
.menunav li {
border-bottom:1px solid #DDDDDD;
float:left;
position:relative;
}
.menunav ul li {
width:100%;
}
.menunav li li {
-moz-background-clip:border;
-moz-background-inline-policy:continuous;
-moz-background-origin:padding;
background:transparent url(images/libgt.png) repeat scroll 0 0;
height:auto !important;
padding:0;
}
.menunav li ul {
z-index:100;
}
.menunav li:hover a:link, .menunav li:hover a:visited {
color:#111111 !important;
text-decoration:none;
}
.menunav li li:hover, .menunav li .current_page_item {
-moz-background-clip:border !important;
-moz-background-inline-policy:continuous !important;
-moz-background-origin:padding !important;
background:transparent url(images/libgth.png) repeat scroll 0 0 !important;
}
.menunav li li a:link, .menunav li li a:visited {
background-image:none !important;
float:left;
height:auto !important;
margin:0 !important;
padding:5px 20px !important;
}
#content-wrapper {
margin:0 auto 10px;
overflow:hidden;
padding:0;
width:900px;
}
#comments {
font-family:'Open Sans', Calibri, 'Myriad Pro', Myriad, 'Trebuchet MS', Helvetica, sans-serif;
}
#footer {
-moz-background-clip:border;
-moz-background-inline-policy:continuous;
-moz-background-origin:padding;
background:transparent url(http://3.bp.blogspot.com/_rLYhkzmU7RY/TDvdaQEQJhI/AAAAAAAAAAM/tQr4P8Rb7AQ/s1600/line.gif) repeat-x scroll left top;
margin:0 auto;
overflow:hidden;
width:900px;
}
#footer .copyright {
float:right;
}
#footer .link {
color:#007ACC;
float:left;
}
#footer p {
font-size:12px;
margin:0;
padding:12px 0 7px;
text-align:center;



}
.post-comment-link {
-moz-background-clip:border;
-moz-background-inline-policy:continuous;
-moz-background-origin:padding;
margin-left:0px;
padding-left:0px; font-size: large;
}
.breadcrumbs {
padding:5px 5px 5px 0px;
margin: 0px 0px 15px 0px;
font-size:95%;
line-height: 1.4em;
border-bottom:3px double #e6e4e3;
}
/* Bumk Button Css Code*/
.bumk, .bumk span {
	display: inline-block;
	-webkit-border-radius: 4px;
	-moz-border-radius: 4px;
	border-radius: 4px;
}
.bumk {
	white-space: nowrap;
	line-height:1em;
	position:relative;
	outline: none;
	overflow: visible; /* removes extra side padding in IE */
	cursor: pointer;
	border: 1px solid #999;/* IE */
	border: rgba(0, 0, 0, .2) 1px solid;/* Saf4+, Chrome, FF3.6 */
	border-bottom:rgba(0, 0, 0, .4) 1px solid;
	-webkit-box-shadow: 0 1px 2px rgba(0,0,0,.2);
	-moz-box-shadow: 0 1px 2px rgba(0,0,0,.2);
	box-shadow: 0 1px 2px rgba(0,0,0,.2);
	background: -moz-linear-gradient(
		center top,
		rgba(255, 255, 255, .1) 0%,
		rgba(0, 0, 0, .1) 100%
	);/* FF3.6 */
	background: -webkit-gradient(
		linear,
		center bottom,
		center top,
		from(rgba(0, 0, 0, .1)),
		to(rgba(255, 255, 255, .1))
	);/* Saf4+, Chrome */
	filter:  progid:DXImageTransform.Microsoft.gradient(startColorStr='#19FFFFFF', EndColorStr='#19000000'); /* IE6,IE7 */
	-ms-filter: "progid:DXImageTransform.Microsoft.gradient(startColorStr='#19FFFFFF', EndColorStr='#19000000')"; /* IE8 */
	-moz-user-select: none;
	-webkit-user-select:none;
	-khtml-user-select: none;
	user-select: none;
	margin-bottom:10px;
}
.bumk.full, .bumk.full span {
	display: block;
}
.bumk:hover, .bumk.hover {
	background: -moz-linear-gradient(
		center top,
		rgba(255, 255, 255, .2) 0%,
		rgba(255, 255, 255, .1) 100%
	);/* FF3.6 */
	background: -webkit-gradient(
		linear,
		center bottom,
		center top,
		from(rgba(255, 255, 255, .1)),
		to(rgba(255, 255, 255, .2))
	);/* Saf4+, Chrome */
	filter:  progid:DXImageTransform.Microsoft.gradient(startColorStr='#33FFFFFF', EndColorStr='#19FFFFFF'); /* IE6,IE7 */
	-ms-filter: "progid:DXImageTransform.Microsoft.gradient(startColorStr='#33FFFFFF', EndColorStr='#19FFFFFF')"; /* IE8 */
}
.bumk:active, .bumk.active {
	top:1px;
}
.bumk span {
	position: relative;
	color:#fff;
	text-shadow:0 1px 1px rgba(0, 0, 0, 0.25);
	border-top: rgba(255, 255, 255, .2) 1px solid;
	padding:0.6em 1.3em;
	line-height:1em;
	text-decoration:none;
	text-align:center;
	white-space: nowrap;
}
.bumk.small span {
	font-size:12px;
}
.bumk.medium span {
	font-size:14px;
}
.bumk.large span {
	font-size:18px;
}
.bumk.black {
	background-color: #333333;
}
.bumk.gray {
	background-color: #666666;
}
.bumk.white {
	background-color: #FFFFFF;
}
.bumk.white span{
	color: #666666;
}
.bumk.red {
	background-color: #e62727;
}
.bumk.orange {
	background-color: #ff5c00;
}
.bumk.magenta {
	background-color: #A9014B;
}
.bumk.yellow {
	background-color: #ffb515;
}
.bumk.blue {
	background-color: #00ADEE;
}
.bumk.pink {
	background-color: #e22092;
}
.bumk.green {
	background-color: #91bd09;
}
.bumk.rosy {
	background-color: #F16C7C;
}
.bumk.brown {
	background-color: #804000;
}
.bumk.purple {
	background-color: #800080;
}
.bumk.cyan {
	background-color: #46C7C7;
}
.bumk.gold {
	background-color: #D4A017;
}
/* bumk css table*/
table { width: 90%; }
table a:link {
	color: #666;
	font-weight: bold;
	text-decoration:none;
}
table a:visited {
	color: #999999;
	font-weight:bold;
	text-decoration:none;
}
table a:active,
table a:hover {
	color: #bd5a35;
	text-decoration:underline;
}
table {
	font-family:Arial, Helvetica, sans-serif;
	color:#666;
	font-size:12px;
	text-shadow: 1px 1px 0px #fff;
	background:#eaebec;
	margin:20px;
	border:#ccc 1px solid;

	-moz-border-radius:3px;
	-webkit-border-radius:3px;
	border-radius:3px;

	-moz-box-shadow: 0 1px 2px #d1d1d1;
	-webkit-box-shadow: 0 1px 2px #d1d1d1;
	box-shadow: 0 1px 2px #d1d1d1;
}
table th {
	padding:21px 25px 22px 25px;
	border-top:1px solid #fafafa;
	border-bottom:1px solid #e0e0e0;

	background: #ededed;
	background: -webkit-gradient(linear, left top, left bottom, from(#ededed), to(#ebebeb));
	background: -moz-linear-gradient(top,  #ededed,  #ebebeb);
}
table th:first-child {
	text-align: left;
	padding-left:20px;
}
table tr:first-child th:first-child {
	-moz-border-radius-topleft:3px;
	-webkit-border-top-left-radius:3px;
	border-top-left-radius:3px;
}
table tr:first-child th:last-child {
	-moz-border-radius-topright:3px;
	-webkit-border-top-right-radius:3px;
	border-top-right-radius:3px;
}
table tr {
	text-align: center;
	padding-left:20px;
}
table td:first-child {
	text-align: left;
	padding-left:20px;
	border-left: 0;
}
table td {
	padding:18px;
	border-top: 1px solid #ffffff;
	border-bottom:1px solid #e0e0e0;
	border-left: 1px solid #e0e0e0;

	background: #fafafa;
	background: -webkit-gradient(linear, left top, left bottom, from(#fbfbfb), to(#fafafa));
	background: -moz-linear-gradient(top,  #fbfbfb,  #fafafa);
}
table tr.even td {
	background: #f6f6f6;
	background: -webkit-gradient(linear, left top, left bottom, from(#f8f8f8), to(#f6f6f6));
	background: -moz-linear-gradient(top,  #f8f8f8,  #f6f6f6);
}
table tr:last-child td {
	border-bottom:0;
}
table tr:last-child td:first-child {
	-moz-border-radius-bottomleft:3px;
	-webkit-border-bottom-left-radius:3px;
	border-bottom-left-radius:3px;
}
table tr:last-child td:last-child {
	-moz-border-radius-bottomright:3px;
	-webkit-border-bottom-right-radius:3px;
	border-bottom-right-radius:3px;
}
table tr:hover td {
	background: #f2f2f2;
	background: -webkit-gradient(linear, left top, left bottom, from(#f2f2f2), to(#f0f0f0));
	background: -moz-linear-gradient(top,  #f2f2f2,  #f0f0f0);	
}
/*---bumk ads---*/
#bumkads {padding: 10 10 10px 0;width: 728px;height: 90px;background: url(http://i.imgur.com/jbfSKLJ.png) no-repeat;}

/*--bumk menu css--*/
#cssmenu {
  border: none;
  border: 0px;
  margin: 0px;
  padding: 0px;
  font: 67.5% 'Lucida Sans Unicode', 'Bitstream Vera Sans', 'Trebuchet Unicode MS', 'Lucida Grande', Verdana, Helvetica, sans-serif;
  font-size: 14px;
  font-weight: bold;
  width: auto;
}
#cssmenu ul {
  background: #f5f5f5;
  height: 35px;
  list-style: none;
  margin: 0;
  padding: 0;
}
#cssmenu li {
  float: left;
  padding: 0px;
}
#cssmenu li a {
  background: #f5f5f5 url('') bottom right no-repeat;
  display: block;
  font-weight: normal;
  line-height: 35px;
  margin: 0px;
  padding: 0px 25px;
  text-align: center;
  text-decoration: none;
}
#cssmenu > ul > li > a {
  color: #363636;
}
#cssmenu ul ul a {
  color: #363636;
}
#cssmenu li > a:hover,
#cssmenu ul li:hover > a {
  background: #ecebeb url('') bottom center no-repeat;
  color: #111111;
  text-decoration: none;
}
#cssmenu li ul {
  background: #f5f5f5;
  display: none;
  height: auto;
  padding: 0px;
  margin: 0px;
  border: 0px;
  position: absolute;
  width: 225px;
  z-index: 200;
  /*top:1em;
	/*left:0;*/

}
#cssmenu li:hover ul {
  display: block;
}
#cssmenu li li {
  background: url('') bottom left no-repeat;
  display: block;
  float: none;
  margin: 0px;
  padding: 0px;
  width: 225px;
}
#cssmenu li:hover li a {
  background: none;
}
#cssmenu li ul a {
  display: block;
  height: 35px;
  font-size: 12px;
  font-style: normal;
  margin: 0px;
  padding: 0px 10px 0px 15px;
  text-align: left;
}
#cssmenu li ul a:hover,
#cssmenu li ul li:hover > a {
  background: #ecebeb url('') center left no-repeat;
  border: 0px;
  color: #111111;
  text-decoration: none;
}
#cssmenu p {
  clear: left;
}

/*--hr--*/
hr {
border-top:2px dotted #ebebeb;
color: #9E9E9E;
height: 0px;
width: 100%;
text-align: left;
}

]]></b:skin>
<script type='text/javascript'> 
var thumbnail_mode = &quot;float&quot; ;
summary_noimg = 450;
summary_img = 380;
img_thumb_height = 200;
img_thumb_width = 200;
</script> 
<script type='text/javascript'> 
//<![CDATA[
function removeHtmlTag(b,a){if(b.indexOf("<")!=-1){var d=b.split("<");for(var c=0;c<d.length;c++){if(d[c].indexOf(">")!=-1){d[c]=d[c].substring(d[c].indexOf(">")+1,d[c].length)}}b=d.join("")}a=(a<b.length-1)?a:b.length-2;while(b.charAt(a-1)!=" "&&b.indexOf(" ",a)!=-1){a++}b=b.substring(0,a-1);return b+" "}function createSummaryAndThumb(d){var f=document.getElementById(d);var a="";var b=f.getElementsByTagName("img");var e=summary_noimg;if(b.length>=1){a='<span style="float:left; padding:0px 10px 5px 0px;"><img src="'+b[0].src+'" width="'+img_thumb_width+'px" height="'+img_thumb_height+'px"/></span>';e=summary_img}var c=a+"<div>"+removeHtmlTag(f.innerHTML,e)+"</div>";f.innerHTML=c};
//]]>
</script>
<script type='text/javascript'>var switchTo5x=true;</script>
<script src='http://w.sharethis.com/button/buttons.js' type='text/javascript'/>
<script type='text/javascript'>stLight.options({publisher: &quot;55a57f71-d322-4474-bbfc-841e8d637f73&quot;, doNotHash: false, doNotCopy: true, hashAddressBar: false});</script>
  


</head>

  <body>
  <div id='outer-wrapper'><div id='wrap2'>

    <!-- skip links for text browsers -->
    <span id='skiplinks' style='display:none;'>
      <a href='#main'>skip to main </a> |
      <a href='#sidebar'>skip to sidebar</a>
    </span>

    <div id='header-wrapper'>
<div align='center'><div id='bumkads'>
<!-- code iklan disini -->
  </div></div><br/>

<div id='cssmenu'>
<ul>
  <li class='active'><a href='/'><span>Home</span></a></li>
  <li class='has-sub'><a href='/'><span>Company</span></a>
      <ul>
        <li><a href='/'><span>Sub Menu 1</span></a></li>
        <li class='last'><a href='/'><span>Sub Menu 2</span></a></li>
<li class='last'><a href='/'><span>Sub Menu 3</span></a></li>
<li class='last'><a href='/'><span>Sub Menu 4</span></a></li>
      </ul>
   </li>
  <li class='last'><a href='/'><span>Contact</span></a></li>
<li class='active'><a href='/'><span>Download Template</span></a></li>
<li class='has-sub'><a href='/'><span>ShortCode</span></a>
      <ul>
        <li><a href='/p/table-code.html'><span>Table</span></a></li>
        <li class='last'><a href='/p/subscribe-box.html'><span>Subscribe Box</span></a></li>
      </ul>
   </li>
</ul>
</div>

      <b:section class='header' id='header' maxwidgets='1' showaddelement='no'>
        <b:widget id='Header1' locked='true' title='Thesis2 Seo Blogger Template (Header)' type='Header'>
          <b:includable id='main'>

  <b:if cond='data:useImage'>
    <b:if cond='data:imagePlacement == &quot;REPLACE&quot;'>
      <!--Show just the image, no text-->
      <div id='header-inner'>
        <a expr:href='data:blog.homepageUrl' style='display: block'>
          <img expr:alt='data:title' expr:height='data:height' expr:id='data:widget.instanceId + &quot;_headerimg&quot;' expr:src='data:sourceUrl' expr:width='data:width' style='display: block'/>
        </a>
      </div>
    <b:else/>
      <!--
      Show image as background to text. You can't really calculate the width
      reliably in JS because margins are not taken into account by any of
      clientWidth, offsetWidth or scrollWidth, so we don't force a minimum
      width if the user is using shrink to fit.
      This results in a margin-width's worth of pixels being cropped. If the
      user is not using shrink to fit then we expand the header.
      -->
      <div expr:style='&quot;background-image: url(\&quot;&quot; + data:sourceUrl + &quot;\&quot;); &quot;                      + &quot;background-position: &quot;                      + data:backgroundPositionStyleStr + &quot;; &quot;                      + data:widthStyleStr                      + &quot;min-height: &quot; + data:height + &quot;px;&quot;                      + &quot;_height: &quot; + data:height + &quot;px;&quot;                      + &quot;background-repeat: no-repeat; &quot;' id='header-inner'>
        <div class='titlewrapper' style='background: transparent'>
          <b:if cond='data:blog.pageType != &quot;item&quot;'>
          <h1 class='title' style='background: transparent; border-width: 0px'>
            <b:include name='title'/>
          </h1>
<b:else/>
          <p class='title' style='background: transparent; border-width: 0px'>
            <b:include name='title'/>
          </p>
</b:if>
        </div>
        <b:include name='description'/>
      </div>
    </b:if>
  <b:else/>
    <!--No header image -->
    <div id='header-inner'>
      <div class='titlewrapper'>
        <b:if cond='data:blog.pageType != &quot;item&quot;'>
        <h1 class='title'>
          <b:include name='title'/>
        </h1>
<b:else/>
        <p class='title' style='font-size:26px; font-weight:bold;letter-spacing:-1px;line-height:normal;margin:5px 5px 0;padding:15px 20px 3px 0;'>
          <b:include name='title'/>
        </p>
</b:if>
      </div>
      <b:include name='description'/>
    </div>
  </b:if>
</b:includable>
          <b:includable id='description'>
  <div class='descriptionwrapper'>
    <p class='description'><span><data:description/></span></p>
  </div>
</b:includable>
          <b:includable id='title'>
  <b:if cond='data:blog.url == data:blog.homepageUrl'>
    <data:title/>
  <b:else/>
    <a expr:href='data:blog.homepageUrl'><data:title/></a>
  </b:if>
</b:includable>
        </b:widget>
      </b:section>
    </div>
 
    <div id='content-wrapper'>

      <div id='crosscol-wrapper' style='text-align:center'>
        <b:section class='crosscol' id='crosscol' showaddelement='no'/>
      </div>

      <div id='main-wrapper'>
        <b:section class='main' id='main' showaddelement='no'>
          <b:widget id='Blog1' locked='true' title='Blog Posts' type='Blog'>
            <b:includable id='main' var='top'>
  <!-- posts -->
  <div class='blog-posts hfeed'>

<b:include data='top' name='status-message'/>
<b:include data='posts' name='breadcrumb'/>

    <data:defaultAdStart/>
    <b:loop values='data:posts' var='post'>
      <b:include data='post' name='post'/>
      <b:if cond='data:blog.pageType == &quot;static_page&quot;'>
        <b:include data='post' name='comments'/>
      </b:if>
      <b:if cond='data:blog.pageType == &quot;item&quot;'>
        <b:include data='post' name='comments'/>
      </b:if>
      <b:if cond='data:post.includeAd'>
        <b:if cond='data:post.isFirstPost'>
          <data:defaultAdEnd/>
        <b:else/>
          <data:adEnd/>
        </b:if>
        <div class='inline-ad'>
          <data:adCode/>
        </div>
        <data:adStart/>
      </b:if>
      <b:if cond='data:post.trackLatency'>
        <data:post.latencyJs/>
      </b:if>
    </b:loop>
    <data:adEnd/>
  </div>

  <!-- navigation -->
  <b:include name='nextprev'/>


  
  <b:if cond='data:top.showStars'>
    <script src='http://www.google.com/jsapi' type='text/javascript'/>
    <script type='text/javascript'>
      google.load(&quot;annotations&quot;, &quot;1&quot;, {&quot;locale&quot;: &quot;<data:top.languageCode/>&quot;});
      function initialize() {
        google.annotations.setApplicationId(<data:top.blogspotReviews/>);
        google.annotations.createAll();
        google.annotations.fetch();
      }
      google.setOnLoadCallback(initialize);
    </script>
  </b:if>
</b:includable>
            <b:includable id='backlinkDeleteIcon' var='backlink'>
  <span expr:class='&quot;item-control &quot; + data:backlink.adminClass'>
    <a expr:href='data:backlink.deleteUrl' expr:title='data:top.deleteBacklinkMsg'>
      <img src='http://www.blogger.com/img/icon_delete13.gif'/>
    </a>
  </span>
</b:includable>
            <b:includable id='backlinks' var='post'>
  <a name='links'/><h4><data:post.backlinksLabel/></h4>
  <b:if cond='data:post.numBacklinks != 0'>
     <dl class='comments-block' id='comments-block'>
        <b:loop values='data:post.comments' var='comment'>
          <dt class='comment-author' id='comment-author'>
            <a expr:name='data:comment.anchorName'/>
            <b:if cond='data:comment.authorUrl'>
              <a expr:href='data:comment.authorUrl' rel='nofollow'><data:comment.author/></a>
            <b:else/>
              <data:comment.author/>
            </b:if>
            <data:commentPostedByMsg/>
          </dt>
          <dd class='comment-body'>
            <b:if cond='data:comment.isDeleted'>
              <span class='deleted-comment'><data:comment.body/></span>
            <b:else/>
              <p><data:comment.body/></p>
            </b:if>
          </dd>
          <dd class='comment-footer'>
            <span class='comment-timestamp'>
                <i><data:comment.timestamp/></i>
              <b:include data='comment' name='commentDeleteIcon'/>
            </span>
          </dd>
        </b:loop>
      </dl>
  </b:if>
  <p class='comment-footer'>
    <a class='comment-link' expr:href='data:post.createLinkUrl' expr:id='data:widget.instanceId + &quot;_backlinks-create-link&quot;' target='_blank'><data:post.createLinkLabel/></a>
  </p>
</b:includable>
            <b:includable id='breadcrumb' var='posts'>
<b:if cond='data:blog.homepageUrl == data:blog.url'>
<!-- No breadcrumb on home page -->
<b:else/>
<b:if cond='data:blog.pageType == &quot;item&quot;'>
<!-- breadcrumb for the post page -->
  <p class='breadcrumbs'><br/>
<span class='post-labels'>
<a expr:href='data:blog.homepageUrl' rel='tag'>Home</a>
<b:loop values='data:posts' var='post'>
<b:if cond='data:post.labels'>
<b:loop values='data:post.labels' var='label'>
<b:if cond='data:label.isLast == &quot;true&quot;'> &#187;
<a expr:href='data:label.url' rel='tag'><data:label.name/></a>
</b:if>
</b:loop>
<b:else/>
&#187;Unlabelled
</b:if>
&#187; <span><data:post.title/></span>
</b:loop>
</span>
</p>
<b:else/>
<b:if cond='data:blog.pageType == &quot;archive&quot;'>
<!-- breadcrumb for the label archive page and search pages.. -->
<p class='breadcrumbs'>
<span class='post-labels'>
<a expr:href='data:blog.homepageUrl'>Home</a> &#187; Archives for <data:blog.pageName/>
</span>
</p>
<b:else/>
<b:if cond='data:blog.pageType == &quot;index&quot;'>
<p class='breadcrumbs'>
<span class='post-labels'>
<b:if cond='data:blog.pageName == &quot;&quot;'>
<a expr:href='data:blog.homepageUrl'>Home</a> &#187; All posts
<b:else/>
<a expr:href='data:blog.homepageUrl'>Home</a> &#187; Posts filed under <data:blog.pageName/>
</b:if>
</span>
</p>
</b:if>
</b:if>
</b:if>
</b:if>
</b:includable>
            <b:includable id='comment-form' var='post'>
  <div class='comment-form'>
    <a name='comment-form'/>
    <h4 id='comment-post-message'><data:postCommentMsg/></h4>
    <p><data:blogCommentMessage/></p>
    <data:blogTeamBlogMessage/>
    <a expr:href='data:post.commentFormIframeSrc' id='comment-editor-src'/>
    <iframe allowtransparency='true' class='blogger-iframe-colorize blogger-comment-from-post' frameborder='0' height='230' id='comment-editor' name='comment-editor' src='' width='567'/>
    <data:post.friendConnectJs/>
    <data:post.cmtfpIframe/>
    <script type='text/javascript'>
      BLOG_CMT_createIframe(&#39;<data:post.appRpcRelayPath/>&#39;, &#39;<data:post.communityId/>&#39;);
    </script>
  </div>
</b:includable>
            <b:includable id='commentDeleteIcon' var='comment'>
  <span expr:class='&quot;item-control &quot; + data:comment.adminClass'>
    <a expr:href='data:comment.deleteUrl' expr:title='data:top.deleteCommentMsg'>
      <img src='http://www.blogger.com/img/icon_delete13.gif'/>
    </a>
  </span>
</b:includable>
            <b:includable id='comment_count_picker' var='post'>
  <b:if cond='data:post.commentSource == 1'>
    <span class='cmt_count_iframe_holder' expr:data-count='data:post.numComments' expr:data-onclick='data:post.addCommentOnclick' expr:data-post-url='data:post.url' expr:data-url='data:post.canonicalUrl'>
    </span>
  <b:else/>
    <a class='comment-link' expr:href='data:post.addCommentUrl' expr:onclick='data:post.addCommentOnclick'>
      <data:post.commentLabelFull/>:
    </a>
  </b:if>
</b:includable>
            <b:includable id='comment_picker' var='post'>
  <b:if cond='data:post.commentSource == 1'>
    <b:include data='post' name='iframe_comments'/>
  <b:else/>
    <b:if cond='data:post.showThreadedComments'>
      <b:include data='post' name='threaded_comments'/>
    <b:else/>
      <b:include data='post' name='comments'/>
    </b:if>
  </b:if>
</b:includable>
            <b:includable id='comments' var='post'>
  <div class='comments' id='comments'>
    <a name='comments'/>
    <b:if cond='data:post.allowComments'>
      <h4>{
        <b:if cond='data:post.numComments == 1'>
          1 <data:commentLabel/>... read them below or <a href='#comment-form' rel='nofollow'>add one</a>
        <b:else/>
          <data:post.numComments/> <data:commentLabelPlural/>... read them below or <a href='#comment-form' rel='nofollow'>add one</a>
        </b:if>}
      </h4>

      <b:if cond='data:post.commentPagingRequired'>
        <span class='paging-control-container'>
          <a expr:class='data:post.oldLinkClass' expr:href='data:post.oldestLinkUrl'><data:post.oldestLinkText/></a>
          &#160;
          <a expr:class='data:post.oldLinkClass' expr:href='data:post.olderLinkUrl'><data:post.olderLinkText/></a>
          &#160;
          <data:post.commentRangeText/>
          &#160;
          <a expr:class='data:post.newLinkClass' expr:href='data:post.newerLinkUrl'><data:post.newerLinkText/></a>
          &#160;
          <a expr:class='data:post.newLinkClass' expr:href='data:post.newestLinkUrl'><data:post.newestLinkText/></a>
        </span>
      </b:if>
<dl id='comments-block'>
        <b:loop values='data:post.comments' var='comment'>
          <dt class='comment-author' expr:id='data:comment.anchorName'>
		  <a expr:name='data:comment.anchorName'/>
            <b:if cond='data:comment.authorUrl'>
              <a expr:href='data:comment.authorUrl' rel='nofollow'><data:comment.author/></a>
            <b:else/>
              <data:comment.author/>
            </b:if>
            <data:commentPostedByMsg/>
			
          </dt>

<b:if cond='data:comment.author == data:post.author'>
<dd class='owner-Body'>
<p><data:comment.body/></p>
</dd>
<b:else/>
          <dd class='comment-body'>
            <b:if cond='data:comment.isDeleted'>
              <span class='deleted-comment'><data:comment.body/></span>
            <b:else/>
              <p><data:comment.body/></p>
            </b:if>
          </dd>
</b:if>
          <dd class='comment-footer'>
            <span class='comment-timestamp'>
              <b:if cond='data:post.commentPagingRequired'>
<a expr:href='data:comment.url' title='comment permalink'> <data.comment.timestamp/></a>
<b:else/>
<a expr:href='data:blog.url + &quot;#&quot; + data:comment.anchorName' rel='nofollow' title='comment permalink'><data:comment.timestamp/></a></b:if>
              <b:include data='comment' name='commentDeleteIcon'/>
            </span>
          </dd>
        </b:loop>
      </dl>
      <p class='comment-footer'>
        <b:if cond='data:post.embedCommentForm'>
<br/>
          <b:include data='post' name='comment-form'/>
        <b:else/>
          <b:if cond='data:post.allowComments'>
            <a expr:href='data:post.addCommentUrl' expr:onclick='data:post.addCommentOnclick'><data:postCommentMsg/></a>
          </b:if>
       </b:if>
      </p>
    </b:if>
    <div id='backlinks-container'>
    <div expr:id='data:widget.instanceId + &quot;_backlinks-container&quot;'>
       <b:if cond='data:post.showBacklinks'>
         <b:include data='post' name='backlinks'/>
       </b:if>
    </div>
    </div>
  </div>
</b:includable>
            <b:includable id='feedLinks'>
  <b:if cond='data:blog.pageType != &quot;item&quot;'> <!-- Blog feed links -->
    <b:if cond='data:feedLinks'>
      <div class='blog-feeds'>
        <b:include data='feedLinks' name='feedLinksBody'/>
      </div>
    </b:if>

    <b:else/> <!--Post feed links -->
    <div class='post-feeds'>
      <b:loop values='data:posts' var='post'>
        <b:if cond='data:post.allowComments'>
          <b:if cond='data:post.feedLinks'>
            <b:include data='post.feedLinks' name='feedLinksBody'/>
          </b:if>
        </b:if>
      </b:loop>
    </div>
  </b:if>
</b:includable>
            <b:includable id='feedLinksBody' var='links'>
  <div class='feed-links'>
  <data:feedLinksMsg/>
  <b:loop values='data:links' var='f'>
     <a class='feed-link' expr:href='data:f.url' expr:type='data:f.mimeType' target='_blank'><data:f.name/> (<data:f.feedType/>)</a>
  </b:loop>
  </div>
</b:includable>
            <b:includable id='iframe_comments' var='post'>

  <b:if cond='data:post.allowIframeComments'>
    <script expr:src='data:post.iframeCommentSrc' type='text/javascript'/>
    <div class='cmt_iframe_holder' expr:data-href='data:post.canonicalUrl' expr:data-viewtype='data:post.viewType'/>

    <b:if cond='data:post.embedCommentForm == &quot;false&quot;'>
      <a expr:href='data:post.addCommentUrl' expr:onclick='data:post.addCommentOnclick'><data:postCommentMsg/></a>
    </b:if>
  </b:if>
</b:includable>
            <b:includable id='mobile-index-post' var='post'>
  <div class='mobile-date-outer date-outer'>
    <b:if cond='data:post.dateHeader'>
      <div class='date-header'>
        <span><data:post.dateHeader/></span>
      </div>
    </b:if>

    <div class='mobile-post-outer'>
      <a expr:href='data:post.url'>
        <h3 class='mobile-index-title entry-title' itemprop='name'>
          <data:post.title/>
        </h3>

        <div class='mobile-index-arrow'>&amp;rsaquo;</div>

        <div class='mobile-index-contents'>
          <b:if cond='data:post.thumbnailUrl'>
            <div class='mobile-index-thumbnail'>
              <div class='Image'>
                <img expr:src='data:post.thumbnailUrl'/>
              </div>
            </div>
          </b:if>

          <div class='post-body'>
            <b:if cond='data:post.snippet'><data:post.snippet/></b:if>
          </div>
        </div>

        <div style='clear: both;'/>
      </a>

      <div class='mobile-index-comment'>
        <b:if cond='data:blog.pageType != &quot;static_page&quot;'>
          <b:if cond='data:post.allowComments'>
            <b:if cond='data:post.numComments != 0'>
              <b:include data='post' name='comment_count_picker'/>
            </b:if>
          </b:if>
        </b:if>
      </div>
    </div>
  </div>
</b:includable>
            <b:includable id='mobile-main' var='top'>
    <!-- posts -->
    <div class='blog-posts hfeed'>

      <b:include data='top' name='status-message'/>

      <b:if cond='data:blog.pageType == &quot;index&quot;'>
        <b:loop values='data:posts' var='post'>
          <b:include data='post' name='mobile-index-post'/>
        </b:loop>
      <b:else/>
        <b:loop values='data:posts' var='post'>
          <b:include data='post' name='mobile-post'/>
        </b:loop>
      </b:if>
    </div>

   <b:include name='mobile-nextprev'/>
</b:includable>
            <b:includable id='mobile-nextprev'>
  <div class='blog-pager' id='blog-pager'>
    <b:if cond='data:newerPageUrl'>
      <div class='mobile-link-button' id='blog-pager-newer-link'>
      <a class='blog-pager-newer-link' expr:href='data:newerPageUrl' expr:id='data:widget.instanceId + &quot;_blog-pager-newer-link&quot;' expr:title='data:newerPageTitle'>&amp;lsaquo;</a>
      </div>
    </b:if>

    <b:if cond='data:olderPageUrl'>
      <div class='mobile-link-button' id='blog-pager-older-link'>
      <a class='blog-pager-older-link' expr:href='data:olderPageUrl' expr:id='data:widget.instanceId + &quot;_blog-pager-older-link&quot;' expr:title='data:olderPageTitle'>&amp;rsaquo;</a>
      </div>
    </b:if>

    <div class='mobile-link-button' id='blog-pager-home-link'>
    <a class='home-link' expr:href='data:blog.homepageUrl'><data:homeMsg/></a>
    </div>

    <div class='mobile-desktop-link'>
      <a class='home-link' expr:href='data:desktopLinkUrl'><data:desktopLinkMsg/></a>
    </div>

  </div>
  <div class='clear'/>
</b:includable>
            <b:includable id='mobile-post' var='post'>
  <div class='date-outer'>
    <b:if cond='data:post.dateHeader'>
      <h2 class='date-header'><span><data:post.dateHeader/></span></h2>
    </b:if>
    <div class='date-posts'>
      <div class='post-outer'>

        <div class='post hentry uncustomized-post-template' itemscope='itemscope' itemtype='http://schema.org/BlogPosting'>
          <b:if cond='data:post.thumbnailUrl'>
            <meta expr:content='data:post.thumbnailUrl' itemprop='image_url'/>
          </b:if>
          <meta expr:content='data:blog.blogId' itemprop='blogId'/>
          <meta expr:content='data:post.id' itemprop='postId'/>

          
          <b:if cond='data:post.title'>
            <h3 class='post-title entry-title' itemprop='name'>
              <b:if cond='data:post.link'>
                <a expr:href='data:post.link'><data:post.title/></a>
              <b:else/>
                <b:if cond='data:post.url'>
                  <b:if cond='data:blog.url != data:post.url'>
                    <a expr:href='data:post.url'><data:post.title/></a>
                  <b:else/>
                    <data:post.title/>
                  </b:if>
                <b:else/>
                  <data:post.title/>
                </b:if>
              </b:if>
            </h3>
          </b:if>

          <div class='post-header'>
            <div class='post-header-line-1'/>
          </div>

          <div class='post-body entry-content' expr:id='&quot;post-body-&quot; + data:post.id' itemprop='articleBody'>
            <data:post.body/>
            <div style='clear: both;'/> <!-- clear for photos floats -->
          </div>

          <div class='post-footer'>
            <div class='post-footer-line post-footer-line-1'>
              <span class='post-author vcard'>
                <b:if cond='data:top.showAuthor'>
                  <b:if cond='data:post.authorProfileUrl'>
                    <span class='fn' itemprop='author' itemscope='itemscope' itemtype='http://schema.org/Person'>
                      <meta expr:content='data:post.authorProfileUrl' itemprop='url'/>
                      <a expr:href='data:post.authorProfileUrl' rel='author' title='author profile'>
                        <span itemprop='name'><data:post.author/></span>
                      </a>
                    </span>
                  <b:else/>
                    <span class='fn' itemprop='author' itemscope='itemscope' itemtype='http://schema.org/Person'>
                      <span itemprop='name'><data:post.author/></span>
                    </span>
                  </b:if>
                </b:if>
              </span>

              <span class='post-timestamp'>
                <b:if cond='data:top.showTimestamp'>
                  <data:top.timestampLabel/>
                  <b:if cond='data:post.url'>
                    <meta expr:content='data:post.canonicalUrl' itemprop='url'/>
                    <a class='timestamp-link' expr:href='data:post.url' rel='bookmark' title='permanent link'><abbr class='published' expr:title='data:post.timestampISO8601' itemprop='datePublished'><data:post.timestamp/></abbr></a>
                  </b:if>
                </b:if>
              </span>

              <span class='post-comment-link'>
                <b:if cond='data:blog.pageType != &quot;item&quot;'>
                  <b:if cond='data:blog.pageType != &quot;static_page&quot;'>
                    <b:if cond='data:post.allowComments'>
                      <b:include data='post' name='comment_count_picker'/>
                    </b:if>
                  </b:if>
                </b:if>
              </span>
            </div>

            <div class='post-footer-line post-footer-line-2'>
              <b:if cond='data:top.showMobileShare'>
                <div class='mobile-link-button goog-inline-block' id='mobile-share-button'>
                  <a href='javascript:void(0);'><data:shareMsg/></a>
                </div>
              </b:if>
              <b:if cond='data:top.showDummy'>
                <div class='goog-inline-block dummy-container'><data:post.dummyTag/></div>
              </b:if>
            </div>

          </div>
        </div>

        <b:if cond='data:blog.pageType == &quot;static_page&quot;'>
          <b:include data='post' name='comment_picker'/>
        </b:if>
        <b:if cond='data:blog.pageType == &quot;item&quot;'>
          <b:include data='post' name='comment_picker'/>
        </b:if>
      </div>
    </div>
  </div>
</b:includable>
            <b:includable id='nextprev'>
  <div class='blog-pager' id='blog-pager'>
    <b:if cond='data:newerPageUrl'>
      <span id='blog-pager-newer-link'>
     <a class='bumk medium blue' expr:href='data:newerPageUrl'><span>Newer Post</span></a>
      </span>
    </b:if>

    <b:if cond='data:olderPageUrl'>
      <span id='blog-pager-older-link'>
      <a class='bumk medium blue' expr:href='data:olderPageUrl'><span>Older Post</span></a>
      </span>
    </b:if>

    

  </div>
  <div class='clear'/>
</b:includable>
            <b:includable id='post' var='post'>
  <div class='post hentry'>
    
    <b:if cond='data:blog.pageType != &quot;item&quot;'>
<b:if cond='data:post.title'>
      <h2 class='post-title entry-title'>
     <b:if cond='data:post.link'>
       <a expr:href='data:post.link'><data:post.title/></a>
     <b:else/>
        <b:if cond='data:post.url'>
          <a expr:href='data:post.url'><data:post.title/></a>
        <b:else/>
          <data:post.title/>
        </b:if>
     </b:if>
      </h2>
</b:if>
<b:else/>
      <h1 class='post-title entry-title'>
     <b:if cond='data:post.link'>
       <a expr:href='data:post.link'><data:post.title/></a>
     <b:else/>
        <b:if cond='data:post.url'>
          <a expr:href='data:post.url'><data:post.title/></a>
        <b:else/>
          <data:post.title/>
        </b:if>
     </b:if>
      </h1>
</b:if>

    <div class='post-header-line-1'/>
<p><i><data:top.authorLabel/>
<span class='fn'><data:post.author/></span><b:if cond='data:post.dateHeader'> on <data:post.dateHeader/></b:if></i></p>
    <div class='post-body entry-content'>
<!-- Auto read more Start -->
<b:if cond='data:blog.pageType == &quot;item&quot;'>
<data:post.body/>
<b:else/>
<b:if cond='data:blog.pageType == &quot;static_page&quot;'>
<data:post.body/>
<b:else/>
<div expr:id='&quot;summary&quot; + data:post.id'><data:post.body/></div>
<script type='text/javascript'> createSummaryAndThumb(&quot;summary<data:post.id/>&quot;);
</script>
<a class='bumk small blue' expr:href='data:post.url'><span>Continue Reading</span></a>
</b:if>
</b:if>
<!-- Auto read more End -->
      

      <div style='clear: both;'/> <!-- clear for photos floats -->
    </div>
  
    <b:if cond='data:post.hasJumpLink'>
      <div class='jump-link'>
        <a expr:href='data:post.url + &quot;#more&quot;'><data:post.jumpText/></a>  
      </div>
    </b:if>
    
    <div class='post-footer'>
    <div class='post-footer-line post-footer-line-1'> <span class='post-comment-link'>
        
        
      </span> <span class='post-icons'>
        <!-- email post links -->
        <b:if cond='data:post.emailPostUrl'>
          <span class='item-action'>
          <a expr:href='data:post.emailPostUrl' expr:title='data:top.emailPostMsg'>
              <img alt='' class='icon-action' height='13' src='http://www.blogger.com/img/icon18_email.gif' width='18'/>
          </a>
          </span>
        </b:if>

        <!-- quickedit pencil -->
        <b:include data='post' name='postQuickEdit'/>
      </span> </div>

      <div class='post-footer-line post-footer-line-2'> </div>

      <div class='post-footer-line post-footer-line-3'/>
<b:if cond='data:blog.pageType == &quot;item&quot;'>
  <!-- iklan3 -->
<div align='center'><a href='#link iklan'><img src='http://i.imgur.com/s9RVWv1.png'/></a>
  </div><br/>
  <div align='center'><span class='st_facebook_hcount' displayText='Facebook'/>
<span class='st_twitter_hcount' displayText='Tweet'/>
<span class='st_linkedin_hcount' displayText='LinkedIn'/>
<span class='st_pinterest_hcount' displayText='Pinterest'/>
    <span class='st_email_hcount' displayText='Email'/></div>
  <br/><br/>



<!-- custom comment box -->
<!-- START: Livefyre Embed -->
<div id='livefyre-comments'/>
<script src='http://zor.livefyre.com/wjs/v3.0/javascripts/livefyre.js' type='text/javascript'/>
<script type='text/javascript'>
(function () {
    var articleId = fyre.conv.load.makeArticleId(null);
    fyre.conv.load({}, [{
        el: &#39;livefyre-comments&#39;,
        network: &quot;livefyre.com&quot;,
        siteId: &quot;350219&quot;,
        articleId: articleId,
        signed: false,
        collectionMeta: {
            articleId: articleId,
            url: fyre.conv.load.makeCollectionUrl(),
        }
    }], function() {});
}());
</script>
<!-- END: Livefyre Embed -->
</b:if>
            
    </div>
  </div>
</b:includable>
            <b:includable id='postQuickEdit' var='post'>
  <b:if cond='data:post.editUrl'>
    <span expr:class='&quot;item-control &quot; + data:post.adminClass'>
      <a expr:href='data:post.editUrl' expr:title='data:top.editPostMsg'>
        <img alt='' class='icon-action' height='18' src='http://img2.blogblog.com/img/icon18_edit_allbkg.gif' width='18'/>
      </a>
    </span>
  </b:if>
</b:includable>
            <b:includable id='shareButtons' var='post'>
  <b:if cond='data:post.sharePostUrl'>
      <a class='share-button sb-email' expr:href='data:post.sharePostUrl + &quot;&amp;target=email&quot;' expr:title='data:top.emailThisMsg' target='_blank'>
        <span class='share-button-link-text'><data:top.emailThisMsg/></span></a>
      <a class='share-button sb-blog' expr:href='data:post.sharePostUrl + &quot;&amp;target=blog&quot;' expr:onclick='&quot;window.open(this.href, \&quot;_blank\&quot;, \&quot;height=270,width=475\&quot;); return false;&quot;' expr:title='data:top.blogThisMsg' target='_blank'>
        <span class='share-button-link-text'><data:top.blogThisMsg/></span></a>
      <a class='share-button sb-twitter' expr:href='data:post.sharePostUrl + &quot;&amp;target=twitter&quot;' expr:title='data:top.shareToTwitterMsg' target='_blank'>
        <span class='share-button-link-text'><data:top.shareToTwitterMsg/></span></a>
      <a class='share-button sb-facebook' expr:href='data:post.sharePostUrl + &quot;&amp;target=facebook&quot;' expr:onclick='&quot;window.open(this.href, \&quot;_blank\&quot;, \&quot;height=430,width=640\&quot;); return false;&quot;' expr:title='data:top.shareToFacebookMsg' target='_blank'>
        <span class='share-button-link-text'><data:top.shareToFacebookMsg/></span></a>
      <a class='share-button sb-buzz' expr:href='data:post.sharePostUrl + &quot;&amp;target=buzz&quot;' expr:onclick='&quot;window.open(this.href, \&quot;_blank\&quot;, \&quot;height=415,width=690\&quot;); return false;&quot;' expr:title='data:top.shareToBuzzMsg' target='_blank'>
        <span class='share-button-link-text'><data:top.shareToBuzzMsg/></span></a>
  </b:if>
</b:includable>
            <b:includable id='status-message'>
  <b:if cond='data:navMessage'>
  <div class='status-msg-wrap'>
    <div class='status-msg-body'>
      <data:navMessage/>
    </div>
    <div class='status-msg-border'>
      <div class='status-msg-bg'>
        <div class='status-msg-hidden'><data:navMessage/></div>
      </div>
    </div>
  </div>
  <div style='clear: both;'/>
  </b:if>
</b:includable>
            <b:includable id='threaded-comment-form' var='post'>
  <div class='comment-form'>
    <a name='comment-form'/>
    <b:if cond='data:mobile'>
      <p><data:blogCommentMessage/></p>
      <data:blogTeamBlogMessage/>
      <a expr:href='data:post.commentFormIframeSrc' id='comment-editor-src'/>
      <iframe allowtransparency='true' class='blogger-iframe-colorize blogger-comment-from-post' frameborder='0' height='410' id='comment-editor' name='comment-editor' src='' style='display: none' width='100%'/>
    <b:else/>
      <p><data:blogCommentMessage/></p>
      <data:blogTeamBlogMessage/>
      <a expr:href='data:post.commentFormIframeSrc' id='comment-editor-src'/>
      <iframe allowtransparency='true' class='blogger-iframe-colorize blogger-comment-from-post' frameborder='0' height='410' id='comment-editor' name='comment-editor' src='' width='100%'/>
    </b:if>
    <data:post.friendConnectJs/>
    <data:post.cmtfpIframe/>
    <script type='text/javascript'>
      BLOG_CMT_createIframe(&#39;<data:post.appRpcRelayPath/>&#39;, &#39;<data:post.communityId/>&#39;);
    </script>
  </div>
</b:includable>
            <b:includable id='threaded_comment_js' var='post'>
  <script async='async' expr:src='data:post.commentSrc' type='text/javascript'/>

  <script type='text/javascript'>
    (function() {
      var items = <data:post.commentJso/>;
      var msgs = <data:post.commentMsgs/>;
      var config = <data:post.commentConfig/>;

// <![CDATA[
      var cursor = null;
      if (items && items.length > 0) {
        cursor = parseInt(items[items.length - 1].timestamp) + 1;
      }

      var bodyFromEntry = function(entry) {
        if (entry.gd$extendedProperty) {
          for (var k in entry.gd$extendedProperty) {
            if (entry.gd$extendedProperty[k].name == 'blogger.contentRemoved') {
              return '<span class="deleted-comment">' + entry.content.$t + '</span>';
            }
          }
        }
        return entry.content.$t;
      }

      var parse = function(data) {
        cursor = null;
        var comments = [];
        if (data && data.feed && data.feed.entry) {
          for (var i = 0, entry; entry = data.feed.entry[i]; i++) {
            var comment = {};
            // comment ID, parsed out of the original id format
            var id = /blog-(\d+).post-(\d+)/.exec(entry.id.$t);
            comment.id = id ? id[2] : null;
            comment.body = bodyFromEntry(entry);
            comment.timestamp = Date.parse(entry.published.$t) + '';
            if (entry.author && entry.author.constructor === Array) {
              var auth = entry.author[0];
              if (auth) {
                comment.author = {
                  name: (auth.name ? auth.name.$t : undefined),
                  profileUrl: (auth.uri ? auth.uri.$t : undefined),
                  avatarUrl: (auth.gd$image ? auth.gd$image.src : undefined)
                };
              }
            }
            if (entry.link) {
              if (entry.link[2]) {
                comment.link = comment.permalink = entry.link[2].href;
              }
              if (entry.link[3]) {
                var pid = /.*comments\/default\/(\d+)\?.*/.exec(entry.link[3].href);
                if (pid && pid[1]) {
                  comment.parentId = pid[1];
                }
              }
            }
            comment.deleteclass = 'item-control blog-admin';
            if (entry.gd$extendedProperty) {
              for (var k in entry.gd$extendedProperty) {
                if (entry.gd$extendedProperty[k].name == 'blogger.itemClass') {
                  comment.deleteclass += ' ' + entry.gd$extendedProperty[k].value;
                } else if (entry.gd$extendedProperty[k].name == 'blogger.displayTime') {
                  comment.displayTime = entry.gd$extendedProperty[k].value;
                }
              }
            }
            comments.push(comment);
          }
        }
        return comments;
      };

      var paginator = function(callback) {
        if (hasMore()) {
          var url = config.feed + '?alt=json&v=2&orderby=published&reverse=false&max-results=50';
          if (cursor) {
            url += '&published-min=' + new Date(cursor).toISOString();
          }
          window.bloggercomments = function(data) {
            var parsed = parse(data);
            cursor = parsed.length < 50 ? null
                : parseInt(parsed[parsed.length - 1].timestamp) + 1
            callback(parsed);
            window.bloggercomments = null;
          }
          url += '&callback=bloggercomments';
          var script = document.createElement('script');
          script.type = 'text/javascript';
          script.src = url;
          document.getElementsByTagName('head')[0].appendChild(script);
        }
      };
      var hasMore = function() {
        return !!cursor;
      };
      var getMeta = function(key, comment) {
        if ('iswriter' == key) {
          var matches = !!comment.author
              && comment.author.name == config.authorName
              && comment.author.profileUrl == config.authorUrl;
          return matches ? 'true' : '';
        } else if ('deletelink' == key) {
          return config.baseUri + '/delete-comment.g?blogID='
               + config.blogId + '&postID=' + comment.id;
        } else if ('deleteclass' == key) {
          return comment.deleteclass;
        }
        return '';
      };

      var replybox = null;
      var replyUrlParts = null;
      var replyParent = undefined;

      var onReply = function(commentId, domId) {
        if (replybox == null) {
          // lazily cache replybox, and adjust to suit this style:
          replybox = document.getElementById('comment-editor');
          if (replybox != null) {
            replybox.height = '250px';
            replybox.style.display = 'block';
            replyUrlParts = replybox.src.split('#');
          }
        }
        if (replybox && (commentId !== replyParent)) {
          document.getElementById(domId).insertBefore(replybox, null);
          replybox.src = replyUrlParts[0]
              + (commentId ? '&parentID=' + commentId : '')
              + '#' + replyUrlParts[1];
          replyParent = commentId;
        }
      };

      var hash = (window.location.hash || '#').substring(1);
      var startThread, targetComment;
      if (/^comment-form_/.test(hash)) {
        startThread = hash.substring('comment-form_'.length);
      } else if (/^c[0-9]+$/.test(hash)) {
        targetComment = hash.substring(1);
      }

      // Configure commenting API:
      var configJso = {
        'maxDepth': config.maxThreadDepth
      };
      var provider = {
        'id': config.postId,
        'data': items,
        'loadNext': paginator,
        'hasMore': hasMore,
        'getMeta': getMeta,
        'onReply': onReply,
        'rendered': true,
        'initComment': targetComment,
        'initReplyThread': startThread,
        'config': configJso,
        'messages': msgs
      };

      var render = function() {
        if (window.goog && window.goog.comments) {
          var holder = document.getElementById('comment-holder');
          window.goog.comments.render(holder, provider);
        }
      };

      // render now, or queue to render when library loads:
      if (window.goog && window.goog.comments) {
        render();
      } else {
        window.goog = window.goog || {};
        window.goog.comments = window.goog.comments || {};
        window.goog.comments.loadQueue = window.goog.comments.loadQueue || [];
        window.goog.comments.loadQueue.push(render);
      }
    })();
// ]]>
  </script>
</b:includable>
            <b:includable id='threaded_comments' var='post'>
  <div class='comments' id='comments'>
    <a name='comments'/>
    <h4><data:post.commentLabelFull/>:</h4>

    <div class='comments-content'>
      <b:if cond='data:post.embedCommentForm'>
        <b:include data='post' name='threaded_comment_js'/>
      </b:if>
      <div id='comment-holder'>
         <data:post.commentHtml/>
      </div>
    </div>

    <p class='comment-footer'>
      <b:if cond='data:post.allowNewComments'>
        <b:include data='post' name='threaded-comment-form'/>
      <b:else/>
        <data:post.noNewCommentsText/>
      </b:if>
    </p>

    <b:if cond='data:showCmtPopup'>
      <div id='comment-popup'>
        <iframe allowtransparency='true' frameborder='0' id='comment-actions' name='comment-actions' scrolling='no'>
        </iframe>
      </div>
    </b:if>

    <div id='backlinks-container'>
    <div expr:id='data:widget.instanceId + &quot;_backlinks-container&quot;'>
       <b:if cond='data:post.showBacklinks'>
         <b:include data='post' name='backlinks'/>
       </b:if>
    </div>
    </div>
  </div>
</b:includable>
          </b:widget>
        </b:section>
</div>
<div id='sidebar-top'>
<b:section class='sidebar' id='sidebar' preferred='yes'>
  <b:widget id='HTML1' locked='false' title='' type='HTML'>
    <b:includable id='main'>
  <!-- only display title if it's non-empty -->
  <b:if cond='data:title != &quot;&quot;'>
    <h2 class='title'><data:title/></h2>
  </b:if>
  <div class='widget-content'>
    <data:content/>
  </div>

  
</b:includable>
  </b:widget>
  <b:widget id='Navbar1' locked='true' title='Navbar' type='Navbar'>
    <b:includable id='main'>&lt;script type=&quot;text/javascript&quot;&gt;
    function setAttributeOnload(object, attribute, val) {
      if(window.addEventListener) {
        window.addEventListener(&#39;load&#39;,
          function(){ object[attribute] = val; }, false);
      } else {
        window.attachEvent(&#39;onload&#39;, function(){ object[attribute] = val; });
      }
    }
  &lt;/script&gt;
&lt;div id=&quot;navbar-iframe-container&quot;&gt;&lt;/div&gt;
&lt;script type=&quot;text/javascript&quot; src=&quot;https://apis.google.com/js/plusone.js&quot;&gt;&lt;/script&gt;
&lt;script type=&quot;text/javascript&quot;&gt;
        gapi.load(&quot;gapi.iframes:gapi.iframes.style.bubble&quot;, function() {
          if (gapi.iframes &amp;&amp; gapi.iframes.getContext) {
            gapi.iframes.getContext().openChild({
                url: &#39;https://www.blogger.com/navbar.g?targetBlogID\0751580928616301950372\46blogName\75Thesis2+Seo+Blogger+Template\46publishMode\75PUBLISH_MODE_BLOGSPOT\46navbarType\75LIGHT\46layoutType\75LAYOUTS\46searchRoot\75http://thesis2-seo.blogspot.com/search\46blogLocale\75en\46v\0752\46homepageUrl\75http://thesis2-seo.blogspot.com/\46vt\0757737441271396227600&#39;,
                where: document.getElementById(&quot;navbar-iframe-container&quot;),
                id: &quot;navbar-iframe&quot;
            });
          }
        });
      &lt;/script&gt;&lt;script type=&quot;text/javascript&quot;&gt;
(function() {
var script = document.createElement(&#39;script&#39;);
script.type = &#39;text/javascript&#39;;
script.src = &#39;//pagead2.googlesyndication.com/pagead/js/google_top_exp.js&#39;;
var head = document.getElementsByTagName(&#39;head&#39;)[0];
if (head) {
head.appendChild(script);
}})();
&lt;/script&gt;
</b:includable>
  </b:widget>
</b:section>
</div>
<div id='sidebar-wrapper'>
<b:section class='sidebar' id='sidebar2' preferred='yes'>
  <b:widget id='HTML2' locked='false' title='Sponsor' type='HTML'>
    <b:includable id='main'>
  <!-- only display title if it's non-empty -->
  <b:if cond='data:title != &quot;&quot;'>
    <h2 class='title'><data:title/></h2>
  </b:if>
  <div class='widget-content'>
    <data:content/>
  </div>

  
</b:includable>
  </b:widget>
  <b:widget id='HTML5' locked='false' title='Post Terkini' type='HTML'>
    <b:includable id='main'>
  <!-- only display title if it's non-empty -->
  <b:if cond='data:title != &quot;&quot;'>
    <h2 class='title'><data:title/></h2>
  </b:if>
  <div class='widget-content'>
    <data:content/>
  </div>

  
</b:includable>
  </b:widget>
  <b:widget id='HTML6' locked='false' title='Service Bina Blog' type='HTML'>
    <b:includable id='main'>
  <!-- only display title if it's non-empty -->
  <b:if cond='data:title != &quot;&quot;'>
    <h2 class='title'><data:title/></h2>
  </b:if>
  <div class='widget-content'>
    <data:content/>
  </div>

  
</b:includable>
  </b:widget>
  <b:widget id='HTML3' locked='false' title='About Thesis2 Seo' type='HTML'>
    <b:includable id='main'>
  <!-- only display title if it's non-empty -->
  <b:if cond='data:title != &quot;&quot;'>
    <h2 class='title'><data:title/></h2>
  </b:if>
  <div class='widget-content'>
    <data:content/>
  </div>

  
</b:includable>
  </b:widget>
</b:section>
</div>
      <!-- spacer for skins that want sidebar and main to be the same height-->
      <div class='clear'>&#160;</div>
    </div> <!-- end content-wrapper -->
   <div id='footer'>
     <!-- hargai karya orang lain :) saya menghabiskan banyak masa untuk menyiapkan ini, terima kasih kawan -->
<p class='link'>2014 All Rights Reserved  <a expr:href='data:blog.homepageUrl'><data:blog.title/></a>.</p>
     <p class='copyright'>Original version by <a href='http://thesis-seo-bloggertemplate.blogspot.com/' target='_blank'><b>Jurangan</b></a> Update Version by <a href='http://bukharimalek.my' target='_blank'><b>BukhariMalek | #bumk</b></a></p></div></div></div> <!-- end outer-wrapper --></body></HTML>