<?xml version="1.0" encoding="UTF-8" ?>
<!DOCTYPE html PUBLIC "-//W3C//DTD XHTML 1.0 Strict//EN" "http://www.w3.org/TR/xhtml1/DTD/xhtml1-strict.dtd">
<html expr:dir='data:blog.languageDirection' xmlns='http://www.w3.org/1999/xhtml' xmlns:b='http://www.google.com/2005/gml/b' xmlns:data='http://www.google.com/2005/gml/data' xmlns:expr='http://www.google.com/2005/gml/expr'>
<head>

<link href='http://fonts.googleapis.com/css?family=PT+Sans:400,700' rel='stylesheet' type='text/css'/>
<link href='http://fonts.googleapis.com/css?family=Lato:400,300,700,900' rel='stylesheet' type='text/css'/>

<b:include data='blog' name='all-head-content'/>

<!-- Start www.bloggertipandtrick.net: Changing the Blogger Title Tag  -->
<b:if cond='data:blog.pageType == &quot;index&quot;'>
<title><data:blog.pageTitle/></title> 
<b:else/>
<title><data:blog.pageName/> ~ <data:blog.title/></title>
</b:if>
<!-- End www.bloggertipandtrick.net: Changing the Blogger Title Tag  -->

<b:skin><![CDATA[/*
-----------------------------------------------
Blogger Template Style
Name:   WiseBusiness
Author: Lasantha Bandara
URL 1:  http://www.premiumbloggertemplates.com/
URL 2:  http://www.bloggertipandtrick.net/
Date:   October 2013
License:  This free Blogger template is licensed under the Creative Commons Attribution 3.0 License, which permits both personal and commercial use.
However, to satisfy the 'attribution' clause of the license, you are required to keep the footer links intact which provides due credit to its authors. For more specific details about the license, you may visit the URL below:
http://creativecommons.org/licenses/by/3.0/
----------------------------------------------- */
body#layout ul{list-style-type:none;list-style:none}
body#layout ul li{list-style-type:none;list-style:none}
body#layout #content {}
body#layout #homeHeader {display:none;}
body#layout #headbox{display:none;}
/* Variable definitions
====================
*/
/* Use this with templates/template-twocol.html */
/* MAIN STYLES
-------------------------------------------*/
*{margin:0; padding:0}
.section, .widget {margin:0px;padding:0px;}
body, html{font-weight:normal; font-family:PT Sans,Arial,Helvetica,sans-serif; font-size:13px; color:#555; margin:0; padding:0; background:#000 url(http://4.bp.blogspot.com/-HY4Nhx_JtCE/Ukoz9cWECVI/AAAAAAAAKTI/cj6ZTjWiync/s1600/bk_body.jpg) 50% 15px no-repeat; line-height:22px;}
ul{list-style:none}
a{color:#3393D9; text-decoration:none}
a:hover{text-decoration:underline}
a:focus{outline:none}
p{margin:1em 0}
h1{font-size:26px; font-weight:normal; color:#3393D9; line-height:110%; margin-bottom:5px; letter-spacing:-1px; padding:10px 0 5px}
h1 a:hover{}
h1.home{font-size:20px; font-weight:normal; border-bottom:3px solid #DDD; border-top:1px solid #DDD; padding-bottom:9px; padding-top:17px; margin-top:20px; position:relative; text-transform:uppercase}
h2{font-size:18px; color:#3393D9; font-weight:normal}
h2.comments{color:#333; padding:20px 0}
/* LAYOUT STRUCTURE
--------------------------------------------------*/
#wrapper{margin:0 auto; width:944px}
#headerwrap{height:123px; position:relative; z-index:99; padding:0 8px}
#content{padding:18px 20px; padding-bottom:30px; background:#FFF; position:relative}
#colLeft{width:595px; float:left}
#colRight{width:285px; float:left; margin-left:23px}
#footer{background:#F3F3F3 url(http://2.bp.blogspot.com/-yVETgpcYu6k/UkoytU65MoI/AAAAAAAAKNc/pfJ2xComPDw/s1600/bk_footer.jpg) 0 0 repeat-x; padding:30px 0 0; color:#666; position:relative}
#footerInner{margin-left:-7px; padding-bottom:30px}
#footerInnerBottom{background:#000; border-top:8px solid #333; padding:0 10px 50px; font-size:12px; position:relative}
/* HEADER ELEMENTS
------------------------------------------*/
#site5top{position:absolute; top:40px; right:8px}
#site5top a{display:block; width:197px; height:22px; text-indent:-9999px; background:url(http://2.bp.blogspot.com/-bU22tQ9p1bg/UkozGTKvb8I/AAAAAAAAKRk/sCFU0okzimA/s1600/site5_top.png) 0 0 no-repeat}
/* -- logo --*/
#logo{position:absolute; top:30px; left:10px}
#logo h1 {font-size: 32px; font-weight: bold; line-height: 32px; margin: 0 0 5px; padding: 0;}
#logo h2 {font-size: 14px; line-height: 14px; margin: 0; padding: 0;}
#logo a {text-decoration: none;}
#logo a img{border:none}
#logo span{display:block; color:#999; padding-top:5px; padding-left:5px; font-size:12px}
/* -- top menu --*/
#topMenu{position:absolute; bottom:0; right:0; border-top:1px solid #80E1FF; border-right:1px solid #80E1FF; /*background:url(http://2.bp.blogspot.com/-AiS4sQhZJWo/Ukoz97Nf19I/AAAAAAAAKTQ/KOWPHYX0PzU/s1600/bk_top_menu.jpg) 0 0 repeat-x; */background:url(http://1.bp.blogspot.com/-xivp1nmEfEo/Ukoz-AZiGII/AAAAAAAAKTw/A6lv0T0nhrI/s1600/bk_top_menu_ov.jpg) 0 0 repeat-x}
#topMenu ul.sf-menu li{float:left}
#topMenu ul.sf-menu li:hover{}
#topMenu ul.sf-menu li a{display:block; text-transform:uppercase; color:#B3E3FD; font-size:11px; line-height:36px; border-left:1px solid #54C1FB; padding:0 17px; height:36px}
#topMenu ul.sf-menu li a:hover{color:#FFF; text-decoration:none; /*background:url(http://1.bp.blogspot.com/-xivp1nmEfEo/Ukoz-AZiGII/AAAAAAAAKTw/A6lv0T0nhrI/s1600/bk_top_menu_ov.jpg) 0 0 repeat-x; */background:url(http://2.bp.blogspot.com/-AiS4sQhZJWo/Ukoz97Nf19I/AAAAAAAAKTQ/KOWPHYX0PzU/s1600/bk_top_menu.jpg) 0 0 repeat-x}
#topMenu ul.sf-menu li li ul.children{margin:0 0 0 26px}
#topMenu ul.sf-menu li li a{padding:0 12px}
#topMenu ul.sf-menu li li a:hover{background:#009FFF}
#topMenu ul.sf-menu li li{padding:0; background:#0082CE; border-bottom:1px solid #21AEFA; border-right:1px solid #21AEFA}
/* CONTENT ELEMENTS
--------------------------------------------------*/
.alignleft{float:left; margin:5px 10px 5px 0}
.alignright{float:right; margin:5px 0 5px 10px}
#homeHeader{height:306px; background:url(http://2.bp.blogspot.com/-jGiFRb6lTno/Ukoy508HPBI/AAAAAAAAKO4/2lnS2l7gORk/s1600/bk_slider.jpg); position:relative;margin:0px 0px 20px 0px;}
#homeHeader #headerImg{position:absolute; right:60px; top:30px}
#homeHeader #headerText{padding-top:30px; padding-left:20px; width:450px; font-size:14px; color:#999; line-height:18px;}
#homeHeader #headerText a{color:#93CA0C; text-transform:uppercase}
#homeHeader #buttons{position:absolute; bottom:15px; left:10px}
#homeHeader #buttons a{display:block; width:112px; height:35px; background:url(http://4.bp.blogspot.com/-xp3gYxRaTQI/Ukoz_RvOa1I/AAAAAAAAKUA/BjMKIPnYye4/s1600/but_slider.png) 0 0 no-repeat; padding:8px 40px 0 13px; font-weight:bold; text-shadow:#fff 1px 1px; text-transform:uppercase; font-size:12px; float:left; margin-left:10px;line-height:18px;}
#features{background:#ECECEC url(http://4.bp.blogspot.com/-IDSEgTr-FnY/Ukoy09GuOmI/AAAAAAAAKNo/vudPKEFWIFw/s1600/bk_featured.jpg) 0 0 repeat-x; width:938px; position:relative; margin-left:-31px; padding-left:28px}
#featuresBottom{width:966px; margin-left:-31px; height:10px; background:url(http://2.bp.blogspot.com/-Y6qyPrPNXkA/UkoytY-V1VI/AAAAAAAAKNY/HFnpt1LSMM4/s1600/bk_featured_bottom.png) 0 0 no-repeat}
#features .featuresInner{width:279px; float:left; background:url(http://1.bp.blogspot.com/-WHSkgJ8UKAU/Ukoy192FeNI/AAAAAAAAKN0/Za6Eozs-td8/s1600/bk_line_vert.jpg) 0 0 repeat-y; padding:25px 18px 10px 20px}
#features .featuresInner h2{font-size:16px; font-weight:bold; text-transform:uppercase}
#features .first{background:none; padding-left:0}
#features .featuresInner img{float:left; margin:0 10px 40px 0}
.latestPosts{margin-left:-25px}
.latestPosts li{display:block; border-bottom:1px solid #ddd; padding:15px 0; width:283px; float:left; margin-left:25px}
.latestPosts li img{float:left; padding:5px; background:url(http://3.bp.blogspot.com/-jQIVNVwUsKQ/Ukoy6ZGaH0I/AAAAAAAAKPM/E7Gy6V284f4/s1600/bk_thumbs.jpg) 0 0 no-repeat; margin:0 10px 0 0}
.latestPosts li span{font-size:11px; color:#999}
h1.home .links{position:absolute; font-size:11px; right:5px; top:18px; color:#ddd; font-weight:bold}
h1.home .links img{vertical-align:middle; margin-right:7px; margin-bottom:1px}
#innerTop{height:90px; padding:28px 20px 0 20px; background:url(http://1.bp.blogspot.com/-v_lQ-D718uk/Ukoz9uvNapI/AAAAAAAAKTM/7yJc6Hoi-TQ/s1600/bk_top_inner.jpg) 0 0 no-repeat}
.innerTitle, .innerTitle h1{font-size:40px; font-weight:bold; padding:0; padding-right:11px; float:left; height:38px; letter-spacing:-1px;  color:#fff; line-height:38px}
.innerDesc{float:left; height:30px; border-left:1px solid #666; padding-left:20px; font-size:20px; font-weight:normal; line-height:26px; color:#CCC; padding-top:13px}
.innerDesc p{margin:0}
/* COL LEFT
-------------------------------------------------*/
/* share icons */
#colLeft .social{padding:0 0 15px; border-bottom:1px solid #ddd; margin-top:-15px}
#colLeft .social img{border:none; margin:5px 5px 0 0}
.more-link{display:block; clear:both}
#archive-title, .searchQuery{border-bottom:1px solid #ddd; padding:7px 0 10px; margin-bottom:20px}
#colLeft .post{font-size:14px;border-bottom:1px solid #ddd; margin-bottom:25px; position:relative; /*padding-left:12px; */}
.post-title {font-family: Lato; color: #3393D9;font-size: 26px;font-weight: bold;letter-spacing: -1px;line-height: 110%;margin-bottom: 5px;padding: 10px 0 5px;}
.post-title a {text-decoration:none;}
#colLeft .post .postComments{position:absolute; left:0; top:-3px; width:37px; background:url(http://1.bp.blogspot.com/-OaW5qqVhmoE/Ukoz8yiVVuI/AAAAAAAAKTA/nhV3QGSkKoA/s1600/bk_ico_comments.png) 0 3px no-repeat; text-align:center; height:40px; font-size:14px; font-weight:bold; line-height:27px; text-shadow:#CF881E 1px 1px; padding-right:12px; /*border-right:1px solid #ddd; */padding-top:3px}
#colLeft .post .postComments a{color:#fff}
#colLeft .post .postRight{float:left; width:520px; /*padding-left:12px; */}
#colLeft .post .meta{font-size:11px; /*width:520px; */color:#999}
#colLeft .post .meta .metadata{display:block; background:#F3F3F3; padding:0px 10px 4px; margin-bottom:5px; margin-left:37px; color:#444; font-size:12px}
#colLeft .post .meta img{vertical-align:middle}
#colLeft ul{list-style:disc; list-style-position:inside}
#colLeft .testimonial{padding:15px 0 25px; border-bottom:1px solid #ddd; background:url(http://4.bp.blogspot.com/-7FCfzTXewmo/Ukoy6EsEoCI/AAAAAAAAKO8/6nYARXjpqnU/s1600/bk_testimonial.png) 95% 80% no-repeat}
#colLeft .testimonial p img{float:left; margin:0 10px 0 0; padding:5px; background:url(http://3.bp.blogspot.com/-jQIVNVwUsKQ/Ukoy6ZGaH0I/AAAAAAAAKPM/E7Gy6V284f4/s1600/bk_thumbs.jpg) 0 0 no-repeat}
#colLeft .testimonial p{font-family:Georgia,"Times New Roman",Times,serif; font-size:12px; font-style:italic; margin:0.7em 0 0.2em}
/* COL RIGHT
--------------------------------------------------*/
#colRight .sidebar .widget{border:1px solid #dedede;background:#f3f3f3;margin:0px 0px 20px 0px;-webkit-border-radius:5px 5px 0px 0px;-moz-border-radius:5px 5px 0px 0px;border-radius:5px 5px 0px 0px;}
#colRight h2{background:#ededed; color:#3393D9; padding:11px 10px 9px; text-transform:uppercase; font-size:14px; font-weight:bold}
#colRight .sidebar .widget-content{margin:0px;padding:6px 6px 6px 6px;}
#colRight .sidebar ul{list-style-type:none;list-style:none;margin:0px;padding:0px;}
#colRight .sidebar ul li{padding:6px 0px 6px 0px;margin:0px;border-bottom:1px solid #ddd;}
#colRight #searchBox{background:url(http://3.bp.blogspot.com/-qxkfWtanCkE/Ukoy4huW5GI/AAAAAAAAKOs/mclmlLLoTro/s1600/bk_search.png) 0 0 no-repeat; padding:13px 10px; width:265px; height:47px; margin: 0px 0px 20px 0px;}
#colRight #searchBox h2{background:none; color:#666; padding:0; margin:0; line-height:100%; height:20px}
.BlogArchive #ArchiveList ul li {border:none; text-indent: 0;}
/* FOOTER ELEMENTS
--------------------------------------------*/
#footer .footerBox{width:283px; float:left; margin-left:25px}
#footer .footerBox h2{border-bottom:1px solid #DDD; padding-bottom:10px; text-transform:uppercase; font-size:14px; color:#3393D9; font-weight:bold}
#footer .footerBox ul li{border-bottom:1px solid #DDD; padding:5px 0; background:url(http://1.bp.blogspot.com/-izVi4NDjzO4/Ukoz-XnTMXI/AAAAAAAAKTg/YvEsWzjzGzA/s1600/bullet_list_footer.png) 0 12px no-repeat; padding-left:12px}
#copy{clear:both; padding:20px 0 10px}
#footer #footerMenu ul li{float:left; padding:0 10px; border-left:1px solid #292929; line-height:100%}
#site5bottom{position:absolute; right:10px; top:20px; text-align:right}
#site5bottom a{/*display:block; width:221px; height:47px; text-indent:-9999px; background:url(http://3.bp.blogspot.com/-RAQUUf7z_lo/UkozK70wGeI/AAAAAAAAKSI/NpTcqYNBipA/s1600/site5bottom.png) 0 0 no-repeat; */}
/* FORMS
-------------------------------------------*/
fieldset{border:1px solid #ddd; background:#F3f3f3; padding:15px; padding-bottom:20px; position:relative}
#searchform input{border:1px solid #DADADA; background:#FFF; padding:4px; color:#999; width:175px; float:left}
#searchform input#searchsubmit{width:72px; height:26px; border:none; background:url(http://2.bp.blogspot.com/-zFOm1M1EFpg/Ukoz-gxVCGI/AAAAAAAAKTk/MA6Ds7I7ih4/s1600/but_form.png) 0 0 no-repeat; cursor:pointer; text-align:center; color:#FFF; font-size:11px; margin-left:5px; font-weight:bold; padding:0}
/* CLEARING
---------------------------------------------------*/
.clearfix:after{ content:".";  display:block;  height:0;  clear:both;  visibility:hidden}
.clearfix{display:block}
/* Hides from IE-mac \*/
* html .clearfix{height:1%}
.clearfix{display:block}
/* End hide from IE-mac */
.clear{clear:both}
.noclear{clear:none}
/* SUPERFISH STYLESHEET ---------------------------------- */
.sf-menu, .sf-menu * { margin:0; padding:0; list-style:none }
.sf-menu { line-height:1.0 }
.sf-menu ul { position:absolute; top:-999em; width:12em }
.sf-menu ul li { width:100% }
/* fixes IE7 'sticky bug' */
.sf-menu li:hover { visibility:inherit }
.sf-menu li { float:left; position:relative }
.sf-menu a { display:block; position:relative }
.sf-menu li:hover ul,
.sf-menu li.sfHover ul { left:0; top:2.4em; /* match top ul list item height */ z-index:99 }
ul.sf-menu li:hover li ul,
ul.sf-menu li.sfHover li ul { top:-999em }
ul.sf-menu li li:hover ul,
ul.sf-menu li li.sfHover ul { left:12em; top:-0.1em }
ul.sf-menu li li:hover li ul,
ul.sf-menu li li.sfHover li ul { top:-999em }
ul.sf-menu li li li:hover ul,
ul.sf-menu li li li.sfHover ul { left:12em; top:-0.1em }
.sf-menu li:hover ul,
.sf-menu li.sfHover ul {
left:			0;
top:			2.5em; /* match top ul list item height */
z-index:		99;
}
ul.sf-menu li:hover li ul,
ul.sf-menu li.sfHover li ul {
top:			-999em;
}
ul.sf-menu li li:hover ul,
ul.sf-menu li li.sfHover ul {
left:			10em; /* match ul width */
top:			0;
}
ul.sf-menu li li:hover li ul,
ul.sf-menu li li.sfHover li ul {
top:			-999em;
}
ul.sf-menu li li li:hover ul,
ul.sf-menu li li li.sfHover ul {
left:			10em; /* match ul width */
top:			0;
}
.boxgrid{width:266px; height:250px; margin:0 15px 13px 0; float:left; border:8px solid #ddd; overflow:hidden; position:relative; background:#000}
.boxgrid img{position:absolute; top:0; left:0; border:0; border:1px solid #FFF}
.boxgrid p{color:#999; padding:0 15px; margin-top:10px}
.boxgrid p a.title{font-size:18px; color:#eee; line-height:100%}
.boxcaption{ padding-top:10px; font-size:11px; float:left; position:absolute; background:#000; height:100px; width:100%; opacity:.85; /* For IE 5-7 */filter:progid:DXImageTransform.Microsoft.Alpha(Opacity=85); /* For IE 8 */-MS-filter:"progid:DXImageTransform.Microsoft.Alpha(Opacity=85)"}
.captionfull .boxcaption{top:250px; left:0}
.caption .boxcaption{top:190px; left:0}
h2.date-header {
margin: 1.5em 0 .5em;
display: none;
}
.main .widget {
margin: 0 0 5px;
padding: 0 0 2px;
}
.main .Blog {
border-bottom-width: 0;
}
#header .description {
color:#ffffff;
font-size:14px;
text-shadow:0px 1px 0px #000000;
}
/* Comments----------------------------------------------- */
#comments {
padding:10px;
color:#666;
margin-bottom:20px;
}
#comments h4 {
font-size:22px;
margin-bottom:10px;
}
#comment-name-url {
width: 365px;
float: left;
}
#comment-date {
width: 365px;
float: left;
margin-top: 5px;
font-size: 10px;
}
#comment-header {
float: left;
padding: 5px 0 40px 10px;
margin: 5px 0 15px 0;
position: relative;
background-color: #ffffff;
border: 1px dashed #eeeeee;
}
.avatar-image-container {
background: url(http: //4.bp.blogspot.com/_4HKUHirY_2U/TLlJUqSaolI/AAAAAAAAEq4/qpgAHAOe9x0/s1600/comment-avatar.jpg);
width: 32px;
height: 32px;
float: right;
margin: 5px 10px 5px 5px;
border: 1px solid #dddddd;
}
.avatar-image-container img {
width: 32px;
height: 32px;
}
a.comments-autor-name {
color: #000000;
font: normal bold 14px Arial, Tahoma, Verdana;
}
a.says {
color: #000000;
font: normal 14px Arial, Tahoma, Verdana;
}
.says a:hover {
text-decoration: none;
}
.deleted-comment {
font-style: italic;
color: gray;
}
#blog-pager-newer-link {
float: left;
}
#blog-pager-older-link {
float: right;
}
#blog-pager {
text-align: center;
padding:5px;
}
.feed-links {
clear: both;
}
/* Profile ----------------------------------------------- */
.profile-img {
float: left;
margin-top: 0;
margin-right: 5px;
margin-bottom: 5px;
margin-left: 0;
padding: 4px;
border: 1px solid #eeeeee;
}
.profile-data {
margin: 0;
text-transform: uppercase;
letter-spacing: .1em;
color: #000000;
font-weight: bold;
line-height: 1.6em;
}
.profile-datablock {
margin: .5em 0 .5em;
}
.profile-textblock {
margin: 0.5em 0;
line-height: 1.6em;
}
.avatar-image-container {
background: url(http://4.bp.blogspot.com/_4HKUHirY_2U/TLlJUqSaolI/AAAAAAAAEq4/qpgAHAOe9x0/s1600/comment-avatar.jpg);
width: 32px;
height: 32px;
float: right;
margin: 5px 10px 5px 5px;
border: 1px solid #dddddd;
}
.avatar-image-container img {
width: 32px;
height: 32px;
}
.profile-link {
text-transform: uppercase;
letter-spacing: .1em;
}
.comment-form {
max-width: 600px;
}
#navbar-iframe {
height: 0;
visibility: hidden;
display: none;
}
.PopularPosts .widget-content ul li {
padding:6px 0px;
}
.reaction-buttons table{
border:none;
margin-bottom:5px;
}
.reaction-buttons table, .reaction-buttons td{
border:none;
}
]]></b:skin>

<script src='https://ajax.googleapis.com/ajax/libs/jquery/1.10.2/jquery.min.js' type='text/javascript'/>

<script type='text/javascript'>
//<![CDATA[

/*! jQuery Migrate v1.2.1 | (c) 2005, 2013 jQuery Foundation, Inc. and other contributors | jquery.org/license */
jQuery.migrateMute===void 0&&(jQuery.migrateMute=!0),function(e,t,n){function r(n){var r=t.console;i[n]||(i[n]=!0,e.migrateWarnings.push(n),r&&r.warn&&!e.migrateMute&&(r.warn("JQMIGRATE: "+n),e.migrateTrace&&r.trace&&r.trace()))}function a(t,a,i,o){if(Object.defineProperty)try{return Object.defineProperty(t,a,{configurable:!0,enumerable:!0,get:function(){return r(o),i},set:function(e){r(o),i=e}}),n}catch(s){}e._definePropertyBroken=!0,t[a]=i}var i={};e.migrateWarnings=[],!e.migrateMute&&t.console&&t.console.log&&t.console.log("JQMIGRATE: Logging is active"),e.migrateTrace===n&&(e.migrateTrace=!0),e.migrateReset=function(){i={},e.migrateWarnings.length=0},"BackCompat"===document.compatMode&&r("jQuery is not compatible with Quirks Mode");var o=e("<input/>",{size:1}).attr("size")&&e.attrFn,s=e.attr,u=e.attrHooks.value&&e.attrHooks.value.get||function(){return null},c=e.attrHooks.value&&e.attrHooks.value.set||function(){return n},l=/^(?:input|button)$/i,d=/^[238]$/,p=/^(?:autofocus|autoplay|async|checked|controls|defer|disabled|hidden|loop|multiple|open|readonly|required|scoped|selected)$/i,f=/^(?:checked|selected)$/i;a(e,"attrFn",o||{},"jQuery.attrFn is deprecated"),e.attr=function(t,a,i,u){var c=a.toLowerCase(),g=t&&t.nodeType;return u&&(4>s.length&&r("jQuery.fn.attr( props, pass ) is deprecated"),t&&!d.test(g)&&(o?a in o:e.isFunction(e.fn[a])))?e(t)[a](i):("type"===a&&i!==n&&l.test(t.nodeName)&&t.parentNode&&r("Can't change the 'type' of an input or button in IE 6/7/8"),!e.attrHooks[c]&&p.test(c)&&(e.attrHooks[c]={get:function(t,r){var a,i=e.prop(t,r);return i===!0||"boolean"!=typeof i&&(a=t.getAttributeNode(r))&&a.nodeValue!==!1?r.toLowerCase():n},set:function(t,n,r){var a;return n===!1?e.removeAttr(t,r):(a=e.propFix[r]||r,a in t&&(t[a]=!0),t.setAttribute(r,r.toLowerCase())),r}},f.test(c)&&r("jQuery.fn.attr('"+c+"') may use property instead of attribute")),s.call(e,t,a,i))},e.attrHooks.value={get:function(e,t){var n=(e.nodeName||"").toLowerCase();return"button"===n?u.apply(this,arguments):("input"!==n&&"option"!==n&&r("jQuery.fn.attr('value') no longer gets properties"),t in e?e.value:null)},set:function(e,t){var a=(e.nodeName||"").toLowerCase();return"button"===a?c.apply(this,arguments):("input"!==a&&"option"!==a&&r("jQuery.fn.attr('value', val) no longer sets properties"),e.value=t,n)}};var g,h,v=e.fn.init,m=e.parseJSON,y=/^([^<]*)(<[\w\W]+>)([^>]*)$/;e.fn.init=function(t,n,a){var i;return t&&"string"==typeof t&&!e.isPlainObject(n)&&(i=y.exec(e.trim(t)))&&i[0]&&("<"!==t.charAt(0)&&r("$(html) HTML strings must start with '<' character"),i[3]&&r("$(html) HTML text after last tag is ignored"),"#"===i[0].charAt(0)&&(r("HTML string cannot start with a '#' character"),e.error("JQMIGRATE: Invalid selector string (XSS)")),n&&n.context&&(n=n.context),e.parseHTML)?v.call(this,e.parseHTML(i[2],n,!0),n,a):v.apply(this,arguments)},e.fn.init.prototype=e.fn,e.parseJSON=function(e){return e||null===e?m.apply(this,arguments):(r("jQuery.parseJSON requires a valid JSON string"),null)},e.uaMatch=function(e){e=e.toLowerCase();var t=/(chrome)[ \/]([\w.]+)/.exec(e)||/(webkit)[ \/]([\w.]+)/.exec(e)||/(opera)(?:.*version|)[ \/]([\w.]+)/.exec(e)||/(msie) ([\w.]+)/.exec(e)||0>e.indexOf("compatible")&&/(mozilla)(?:.*? rv:([\w.]+)|)/.exec(e)||[];return{browser:t[1]||"",version:t[2]||"0"}},e.browser||(g=e.uaMatch(navigator.userAgent),h={},g.browser&&(h[g.browser]=!0,h.version=g.version),h.chrome?h.webkit=!0:h.webkit&&(h.safari=!0),e.browser=h),a(e,"browser",e.browser,"jQuery.browser is deprecated"),e.sub=function(){function t(e,n){return new t.fn.init(e,n)}e.extend(!0,t,this),t.superclass=this,t.fn=t.prototype=this(),t.fn.constructor=t,t.sub=this.sub,t.fn.init=function(r,a){return a&&a instanceof e&&!(a instanceof t)&&(a=t(a)),e.fn.init.call(this,r,a,n)},t.fn.init.prototype=t.fn;var n=t(document);return r("jQuery.sub() is deprecated"),t},e.ajaxSetup({converters:{"text json":e.parseJSON}});var b=e.fn.data;e.fn.data=function(t){var a,i,o=this[0];return!o||"events"!==t||1!==arguments.length||(a=e.data(o,t),i=e._data(o,t),a!==n&&a!==i||i===n)?b.apply(this,arguments):(r("Use of jQuery.fn.data('events') is deprecated"),i)};var j=/\/(java|ecma)script/i,w=e.fn.andSelf||e.fn.addBack;e.fn.andSelf=function(){return r("jQuery.fn.andSelf() replaced by jQuery.fn.addBack()"),w.apply(this,arguments)},e.clean||(e.clean=function(t,a,i,o){a=a||document,a=!a.nodeType&&a[0]||a,a=a.ownerDocument||a,r("jQuery.clean() is deprecated");var s,u,c,l,d=[];if(e.merge(d,e.buildFragment(t,a).childNodes),i)for(c=function(e){return!e.type||j.test(e.type)?o?o.push(e.parentNode?e.parentNode.removeChild(e):e):i.appendChild(e):n},s=0;null!=(u=d[s]);s++)e.nodeName(u,"script")&&c(u)||(i.appendChild(u),u.getElementsByTagName!==n&&(l=e.grep(e.merge([],u.getElementsByTagName("script")),c),d.splice.apply(d,[s+1,0].concat(l)),s+=l.length));return d});var Q=e.event.add,x=e.event.remove,k=e.event.trigger,N=e.fn.toggle,T=e.fn.live,M=e.fn.die,S="ajaxStart|ajaxStop|ajaxSend|ajaxComplete|ajaxError|ajaxSuccess",C=RegExp("\\b(?:"+S+")\\b"),H=/(?:^|\s)hover(\.\S+|)\b/,A=function(t){return"string"!=typeof t||e.event.special.hover?t:(H.test(t)&&r("'hover' pseudo-event is deprecated, use 'mouseenter mouseleave'"),t&&t.replace(H,"mouseenter$1 mouseleave$1"))};e.event.props&&"attrChange"!==e.event.props[0]&&e.event.props.unshift("attrChange","attrName","relatedNode","srcElement"),e.event.dispatch&&a(e.event,"handle",e.event.dispatch,"jQuery.event.handle is undocumented and deprecated"),e.event.add=function(e,t,n,a,i){e!==document&&C.test(t)&&r("AJAX events should be attached to document: "+t),Q.call(this,e,A(t||""),n,a,i)},e.event.remove=function(e,t,n,r,a){x.call(this,e,A(t)||"",n,r,a)},e.fn.error=function(){var e=Array.prototype.slice.call(arguments,0);return r("jQuery.fn.error() is deprecated"),e.splice(0,0,"error"),arguments.length?this.bind.apply(this,e):(this.triggerHandler.apply(this,e),this)},e.fn.toggle=function(t,n){if(!e.isFunction(t)||!e.isFunction(n))return N.apply(this,arguments);r("jQuery.fn.toggle(handler, handler...) is deprecated");var a=arguments,i=t.guid||e.guid++,o=0,s=function(n){var r=(e._data(this,"lastToggle"+t.guid)||0)%o;return e._data(this,"lastToggle"+t.guid,r+1),n.preventDefault(),a[r].apply(this,arguments)||!1};for(s.guid=i;a.length>o;)a[o++].guid=i;return this.click(s)},e.fn.live=function(t,n,a){return r("jQuery.fn.live() is deprecated"),T?T.apply(this,arguments):(e(this.context).on(t,this.selector,n,a),this)},e.fn.die=function(t,n){return r("jQuery.fn.die() is deprecated"),M?M.apply(this,arguments):(e(this.context).off(t,this.selector||"**",n),this)},e.event.trigger=function(e,t,n,a){return n||C.test(e)||r("Global events are undocumented and deprecated"),k.call(this,e,t,n||document,a)},e.each(S.split("|"),function(t,n){e.event.special[n]={setup:function(){var t=this;return t!==document&&(e.event.add(document,n+"."+e.guid,function(){e.event.trigger(n,null,t,!0)}),e._data(this,n,e.guid++)),!1},teardown:function(){return this!==document&&e.event.remove(document,n+"."+e._data(this,n)),!1}}})}(jQuery,window);

//]]>
</script>

<script type='text/javascript'>
//<![CDATA[


/*
 * Superfish v1.4.8 - jQuery menu widget
 * Copyright (c) 2008 Joel Birch
 *
 * Dual licensed under the MIT and GPL licenses:
 * 	http://www.opensource.org/licenses/mit-license.php
 * 	http://www.gnu.org/licenses/gpl.html
 *
 * CHANGELOG: http://users.tpg.com.au/j_birch/plugins/superfish/changelog.txt
 */

;(function($){
	$.fn.superfish = function(op){

		var sf = $.fn.superfish,
			c = sf.c,
			$arrow = $(['<span class="',c.arrowClass,'"> <strong>&#187;</strong></span>'].join('')),
			over = function(){
				var $$ = $(this), menu = getMenu($$);
				clearTimeout(menu.sfTimer);
				$$.showSuperfishUl().siblings().hideSuperfishUl();
			},
			out = function(){
				var $$ = $(this), menu = getMenu($$), o = sf.op;
				clearTimeout(menu.sfTimer);
				menu.sfTimer=setTimeout(function(){
					o.retainPath=($.inArray($$[0],o.$path)>-1);
					$$.hideSuperfishUl();
					if (o.$path.length && $$.parents(['li.',o.hoverClass].join('')).length<1){over.call(o.$path);}
				},o.delay);	
			},
			getMenu = function($menu){
				var menu = $menu.parents(['ul.',c.menuClass,':first'].join(''))[0];
				sf.op = sf.o[menu.serial];
				return menu;
			},
			addArrow = function($a){ $a.addClass(c.anchorClass).append($arrow.clone()); };
			
		return this.each(function() {
			var s = this.serial = sf.o.length;
			var o = $.extend({},sf.defaults,op);
			o.$path = $('li.'+o.pathClass,this).slice(0,o.pathLevels).each(function(){
				$(this).addClass([o.hoverClass,c.bcClass].join(' '))
					.filter('li:has(ul)').removeClass(o.pathClass);
			});
			sf.o[s] = sf.op = o;
			
			$('li:has(ul)',this)[($.fn.hoverIntent && !o.disableHI) ? 'hoverIntent' : 'hover'](over,out).each(function() {
				if (o.autoArrows) addArrow( $('>a:first-child',this) );
			})
			.not('.'+c.bcClass)
				.hideSuperfishUl();
			
			var $a = $('a',this);
			$a.each(function(i){
				var $li = $a.eq(i).parents('li');
				$a.eq(i).focus(function(){over.call($li);}).blur(function(){out.call($li);});
			});
			o.onInit.call(this);
			
		}).each(function() {
			menuClasses = [c.menuClass];
			if (sf.op.dropShadows  && !($.browser.msie && $.browser.version < 7)) menuClasses.push(c.shadowClass);
			$(this).addClass(menuClasses.join(' '));
		});
	};

	var sf = $.fn.superfish;
	sf.o = [];
	sf.op = {};
	sf.IE7fix = function(){
		var o = sf.op;
		if ($.browser.msie && $.browser.version > 6 && o.dropShadows && o.animation.opacity!=undefined)
			this.toggleClass(sf.c.shadowClass+'-off');
		};
	sf.c = {
		bcClass     : 'sf-breadcrumb',
		menuClass   : 'sf-js-enabled',
		anchorClass : 'sf-with-ul',
		arrowClass  : 'sf-sub-indicator',
		shadowClass : 'sf-shadow'
	};
	sf.defaults = {
		hoverClass	: 'sfHover',
		pathClass	: 'overideThisToUse',
		pathLevels	: 1,
		delay		: 800,
		animation	: {opacity:'show'},
		speed		: 'normal',
		autoArrows	: true,
		dropShadows : true,
		disableHI	: false,		// true disables hoverIntent detection
		onInit		: function(){}, // callback functions
		onBeforeShow: function(){},
		onShow		: function(){},
		onHide		: function(){}
	};
	$.fn.extend({
		hideSuperfishUl : function(){
			var o = sf.op,
				not = (o.retainPath===true) ? o.$path : '';
			o.retainPath = false;
			var $ul = $(['li.',o.hoverClass].join(''),this).add(this).not(not).removeClass(o.hoverClass)
					.find('>ul').hide().css('visibility','hidden');
			o.onHide.call($ul);
			return this;
		},
		showSuperfishUl : function(){
			var o = sf.op,
				sh = sf.c.shadowClass+'-off',
				$ul = this.addClass(o.hoverClass)
					.find('>ul:hidden').css('visibility','visible');
			sf.IE7fix.call($ul);
			o.onBeforeShow.call($ul);
			$ul.animate(o.animation,o.speed,function(){ sf.IE7fix.call($ul); o.onShow.call($ul); });
			return this;
		}
	});

})(jQuery);

//]]>
</script>

<script type='text/javascript'>
//<![CDATA[

// dropdown setup 

$(document).ready(function(){ 

	$("ul.sf-menu").superfish({

		delay:       200,                             // one second delay on mouseout 

		animation:   {opacity:'show',height:'show'},  // fade-in and slide-down animation 

		speed:       'fast',                          // faster animation speed 

		autoArrows:  true,                           // disable generation of arrow mark-up 

		dropShadows: true                            // disable drop shadows 			

		}); 

});

//sliding boxes

$(document).ready(function(){

		//To switch directions up/down and left/right just place a "-" in front of the top/left attribute

		//Vertical Sliding

		$('.boxgrid.slidedown').hover(function(){

			$(".cover", this).stop().animate({top:'-260px'},{queue:false,duration:300});

		}, function() {

			$(".cover", this).stop().animate({top:'0px'},{queue:false,duration:300});

		});

		//Horizontal Sliding

		$('.boxgrid.slideright').hover(function(){

			$(".cover", this).stop().animate({left:'325px'},{queue:false,duration:300});

		}, function() {

			$(".cover", this).stop().animate({left:'0px'},{queue:false,duration:300});

		});

		//Diagnal Sliding

		$('.boxgrid.thecombo').hover(function(){

			$(".cover", this).stop().animate({top:'260px', left:'325px'},{queue:false,duration:300});

		}, function() {

			$(".cover", this).stop().animate({top:'0px', left:'0px'},{queue:false,duration:300});

		});

		//Partial Sliding (Only show some of background)

		$('.boxgrid.peek').hover(function(){

			$(".cover", this).stop().animate({top:'90px'},{queue:false,duration:160});

		}, function() {

			$(".cover", this).stop().animate({top:'0px'},{queue:false,duration:160});

		});

		//Full Caption Sliding (Hidden to Visible)

		$('.boxgrid.captionfull').hover(function(){

			$(".cover", this).stop().animate({top:'180px'},{queue:false,duration:160});

		}, function() {

			$(".cover", this).stop().animate({top:'250px'},{queue:false,duration:160});

		});

		//Caption Sliding (Partially Hidden to Visible)

		$('.boxgrid.caption').hover(function(){

			$(".cover", this).stop().animate({top:'180px'},{queue:false,duration:160});

		}, function() {

			$(".cover", this).stop().animate({top:'250px'},{queue:false,duration:160});

		});

	});

//]]>
</script>

<script type='text/javascript'>
//<![CDATA[

function showrecentcomments(json){for(var i=0;i<a_rc;i++){var b_rc=json.feed.entry[i];var c_rc;if(i==json.feed.entry.length)break;for(var k=0;k<b_rc.link.length;k++){if(b_rc.link[k].rel=='alternate'){c_rc=b_rc.link[k].href;break;}}c_rc=c_rc.replace("#","#comment-");var d_rc=c_rc.split("#");d_rc=d_rc[0];var e_rc=d_rc.split("/");e_rc=e_rc[5];e_rc=e_rc.split(".html");e_rc=e_rc[0];var f_rc=e_rc.replace(/-/g," ");f_rc=f_rc.link(d_rc);var g_rc=b_rc.published.$t;var h_rc=g_rc.substring(0,4);var i_rc=g_rc.substring(5,7);var j_rc=g_rc.substring(8,10);var k_rc=new Array();k_rc[1]="Jan";k_rc[2]="Feb";k_rc[3]="Mar";k_rc[4]="Apr";k_rc[5]="May";k_rc[6]="Jun";k_rc[7]="Jul";k_rc[8]="Aug";k_rc[9]="Sep";k_rc[10]="Oct";k_rc[11]="Nov";k_rc[12]="Dec";if("content" in b_rc){var l_rc=b_rc.content.$t;}else if("summary" in b_rc){var l_rc=b_rc.summary.$t;}else var l_rc="";var re=/<\S[^>]*>/g;l_rc=l_rc.replace(re,"");if(m_rc==true)document.write('On '+k_rc[parseInt(i_rc,10)]+' '+j_rc+' ');document.write('<a href="'+c_rc+'">'+b_rc.author[0].name.$t+'</a> commented');if(n_rc==true)document.write(' on '+f_rc);document.write(': ');if(l_rc.length<o_rc){document.write('<i>&#8220;');document.write(l_rc);document.write('&#8221;</i><br/><br/>');}else{document.write('<i>&#8220;');l_rc=l_rc.substring(0,o_rc);var p_rc=l_rc.lastIndexOf(" ");l_rc=l_rc.substring(0,p_rc);document.write(l_rc+'&hellip;&#8221;</i>');document.write('<br/><br/>');}}}

function rp(json){document.write('<ul>');for(var i=0;i<numposts;i++){document.write('<li>');var entry=json.feed.entry[i];var posttitle=entry.title.$t;var posturl;if(i==json.feed.entry.length)break;for(var k=0;k<entry.link.length;k++){if(entry.link[k].rel=='alternate'){posturl=entry.link[k].href;break}}posttitle=posttitle.link(posturl);var readmorelink="(more)";readmorelink=readmorelink.link(posturl);var postdate=entry.published.$t;var cdyear=postdate.substring(0,4);var cdmonth=postdate.substring(5,7);var cdday=postdate.substring(8,10);var monthnames=new Array();monthnames[1]="Jan";monthnames[2]="Feb";monthnames[3]="Mar";monthnames[4]="Apr";monthnames[5]="May";monthnames[6]="Jun";monthnames[7]="Jul";monthnames[8]="Aug";monthnames[9]="Sep";monthnames[10]="Oct";monthnames[11]="Nov";monthnames[12]="Dec";if("content"in entry){var postcontent=entry.content.$t}else if("summary"in entry){var postcontent=entry.summary.$t}else var postcontent="";var re=/<\S[^>]*>/g;postcontent=postcontent.replace(re,"");document.write(posttitle);if(showpostdate==true)document.write(' - '+monthnames[parseInt(cdmonth,10)]+' '+cdday);if(showpostsummary==true){if(postcontent.length<numchars){document.write(postcontent)}else{postcontent=postcontent.substring(0,numchars);var quoteEnd=postcontent.lastIndexOf(" ");postcontent=postcontent.substring(0,quoteEnd);document.write(postcontent+'...'+readmorelink)}}document.write('</li>')}document.write('</ul>')}

//]]>
</script>

<script type='text/javascript'>
summary_noimg = 550;
summary_img = 450;
img_thumb_height = 200;
img_thumb_width = 200; 
</script>
<script type='text/javascript'>
//<![CDATA[

function removeHtmlTag(strx,chop){ 
	if(strx.indexOf("<")!=-1)
	{
		var s = strx.split("<"); 
		for(var i=0;i<s.length;i++){ 
			if(s[i].indexOf(">")!=-1){ 
				s[i] = s[i].substring(s[i].indexOf(">")+1,s[i].length); 
			} 
		} 
		strx =  s.join(""); 
	}
	chop = (chop < strx.length-1) ? chop : strx.length-2; 
	while(strx.charAt(chop-1)!=' ' && strx.indexOf(' ',chop)!=-1) chop++; 
	strx = strx.substring(0,chop-1); 
	return strx+'...'; 
}

function createSummaryAndThumb(pID){
	var div = document.getElementById(pID);
	var imgtag = "";
	var img = div.getElementsByTagName("img");
	var summ = summary_noimg;
	if(img.length>=1) {	
		imgtag = '<span style="float:left; padding:0px 10px 5px 0px;"><img src="'+img[0].src+'" width="'+img_thumb_width+'px" height="'+img_thumb_height+'px" style="padding:3px;"/></span>';
		summ = summary_img;
	}
	
	var summary = imgtag + '<div>' + removeHtmlTag(div.innerHTML,summ) + '</div>';
	div.innerHTML = summary;
}

//]]>
</script>
	
<style type='text/css'>
body, html{background:#000 url(http://4.bp.blogspot.com/-HY4Nhx_JtCE/Ukoz9cWECVI/AAAAAAAAKTI/cj6ZTjWiync/s1600/bk_body.jpg) 50% 15px no-repeat}

a{color:#3393D9}

h1{color:#3393D9}

h2{color:#3393D9}

h2.comments{color:#333}

 /* LAYOUT STRUCTURE
--------------------------------------------------*/
#footerInnerBottom{background:#000; border-top:8px solid #333}

/* HEADER ELEMENTS
------------------------------------------*/
#logo span{color:#999}

/* -- top menu --*/
#topMenu{border-top:1px solid #80E1FF; border-right:1px solid #80E1FF; background:url(http://1.bp.blogspot.com/-xivp1nmEfEo/Ukoz-AZiGII/AAAAAAAAKTw/A6lv0T0nhrI/s1600/bk_top_menu_ov.jpg) 0 0 repeat-x}

#topMenu ul.sf-menu li a{color:#B3E3FD; border-left:1px solid #54C1FB}

#topMenu ul.sf-menu li a:hover{color:#FFF; background:url(http://2.bp.blogspot.com/-AiS4sQhZJWo/Ukoz97Nf19I/AAAAAAAAKTQ/KOWPHYX0PzU/s1600/bk_top_menu.jpg) 0 0 repeat-x}

#topMenu ul.sf-menu li li a:hover{background:#009FFF}

#topMenu ul.sf-menu li li{background:#0082CE; border-bottom:1px solid #21AEFA; border-right:1px solid #21AEFA}

/* CONTENT ELEMENTS
--------------------------------------------------*/
#homeHeader #headerText{color:#999}

#homeHeader #headerText a{color:#93CA0C}

#homeHeader #buttons a{background:url(http://4.bp.blogspot.com/-xp3gYxRaTQI/Ukoz_RvOa1I/AAAAAAAAKUA/BjMKIPnYye4/s1600/but_slider.png) 0 0 no-repeat}

#innerTop{background:url(http://1.bp.blogspot.com/-v_lQ-D718uk/Ukoz9uvNapI/AAAAAAAAKTM/7yJc6Hoi-TQ/s1600/bk_top_inner.jpg) 0 0 no-repeat}

.innerTitle, .innerTitle h1{ color:#fff}

.innerDesc{color:#CCC}

/* COL LEFT
-------------------------------------------------*/
#colLeft .post .postComments{background:url(http://1.bp.blogspot.com/-OaW5qqVhmoE/Ukoz8yiVVuI/AAAAAAAAKTA/nhV3QGSkKoA/s1600/bk_ico_comments.png) 0 3px no-repeat; text-shadow:#CF881E 1px 1px}

#colLeft .post .postComments a{color:#fff}

/* COL RIGHT
--------------------------------------------------*/

#colRight #searchBox h2{color:#666}

/* FOOTER ELEMENTS
--------------------------------------------*/
#footer .footerBox h2{color:#3393D9}

#footer .footerBox ul li{background:url(http://1.bp.blogspot.com/-izVi4NDjzO4/Ukoz-XnTMXI/AAAAAAAAKTg/YvEsWzjzGzA/s1600/bullet_list_footer.png) 0 10px no-repeat}

/* FORMS
-------------------------------------------*/
#searchform input#searchsubmit{background:url(http://2.bp.blogspot.com/-zFOm1M1EFpg/Ukoz-gxVCGI/AAAAAAAAKTk/MA6Ds7I7ih4/s1600/but_form.png) 0 0 no-repeat; color:#FFF}
</style>

<!--[if IE 7]>
<style type='text/css'>
.clearfix{display:inline-block}
#colRight h2{padding-top:12px}
#colRight h2 span{padding-top:0px}
</style>
<![endif]-->
	
</head>
<body>

<!-- begin wrapper -->
<div id='wrapper'>

<!-- begin header -->
<div id='headerwrap'>

<!-- logo -->
<div id='logo'>
<b:section class='headersec' id='headersec' maxwidgets='1' showaddelement='no'>
  <b:widget id='Header1' locked='true' title='WiseBusiness (Header)' type='Header'>
    <b:includable id='main'>
  <b:if cond='data:useImage'>
    <b:if cond='data:imagePlacement == &quot;REPLACE&quot;'>
      <!--Show just the image, no text-->
      <div id='header-inner'>
        <a expr:href='data:blog.homepageUrl' style='display: block'>
          <img expr:alt='data:title' expr:height='data:height' expr:id='data:widget.instanceId + &quot;_headerimg&quot;' expr:src='data:sourceUrl' expr:width='data:width' style='display: block;padding-left:0px;padding-top:0px;'/>
        </a>
      </div>
    <b:else/>
      <!--
      Show image as background to text. You can't really calculate the width
      reliably in JS because margins are not taken into account by any of
      clientWidth, offsetWidth or scrollWidth, so we don't force a minimum
      width if the user is using shrink to fit.
      This results in a margin-width's worth of pixels being cropped. If the
      user is not using shrink to fit then we expand the header.
      -->
      <div expr:style='&quot;background-image: url(\&quot;&quot; + data:sourceUrl + &quot;\&quot;); &quot;                      + &quot;background-position: &quot;                      + data:backgroundPositionStyleStr + &quot;; &quot;                      + data:widthStyleStr                      + &quot;min-height: &quot; + data:height + &quot;px;&quot;                      + &quot;_height: &quot; + data:height + &quot;px;&quot;                      + &quot;background-repeat: no-repeat; &quot;' id='header-inner'>
        <div class='titlewrapper' style='background: transparent'>
          <h1 class='title' style='background: transparent; border-width: 0px'>
            <b:include name='title'/>
          </h1>
        </div>
        <b:include name='description'/>
      </div>
    </b:if>
  <b:else/>
    <!--No header image -->
    <div id='header-inner'>
      <div class='titlewrapper'>
        <h1 class='title'>
          <b:include name='title'/>
        </h1>
      </div>
      <b:include name='description'/>
    </div>
  </b:if>
</b:includable>
    <b:includable id='description'>
  <div class='descriptionwrapper'>
    <h2><data:description/></h2>
  </div>
</b:includable>
    <b:includable id='title'>
<a expr:href='data:blog.homepageUrl'><data:title/></a>
</b:includable>
  </b:widget>
</b:section>
</div>

<!-- top menu -->
<div class='menu-topmenu-container' id='topMenu'>
<ul class='sf-menu' id='menu-topmenu'>
<li><a expr:href='data:blog.homepageUrl'>Home</a></li>
<li><a href='#'>About Us</a>
<ul class='sub-menu'>
	<li><a href='#'>The Company</a></li>
	<li><a href='#'>The Team</a></li>
</ul>
</li>
<li><a href='#'>Blog</a>
<ul class='sub-menu'>
	<li><a href='#'>General</a></li>
	<li><a href='#'>CSS</a></li>
	<li><a href='#'>Fonts</a></li>
</ul>
</li>
<li><a href='#'>Portfolio</a></li>
<li><a href='#'>Testimonials</a></li>
<li><a href='#'>Contact us</a></li>
</ul>
</div>
<!-- end top menu -->

</div>
<!-- end header -->

<!-- begin content -->
<div class='clearfix' id='content'>

<!-- home header -->
<div id='homeHeader'>
<div id='headerImg'><img src='http://3.bp.blogspot.com/-pX-uRFx6FeY/UkozLBWydEI/AAAAAAAAKSM/K04VXNNRJPA/s1600/sample_img_slider.png'/></div>
<div id='headerText'>
	<img src='http://4.bp.blogspot.com/-1L6qIFEtLbA/UkozGFAXi2I/AAAAAAAAKRg/OE3Ewy0IadE/s1600/sample_title_slider.png'/>
	<p>Lorem ipsum dolor sit amet, consectetur adipisicing elit, sed do eiusmod tempor incididunt ut labore et dolore Lorem ipsum dolor sit amet, consectetur adipisicing elit, sed do eiusmod tempor incididunt ut labore et dolore  lorem ipsum dolor sit amet, consectetur adipisicing elit, sed do eiusmod tempor incididunt ut labore et dolore</p>
	<p><strong><a href='#'>Read more </a></strong></p>
</div>
<div id='buttons'>
	<a href='#'>Take the tour</a>
	<a href='#'>Request a trial</a>
</div>
</div>
<!-- end home header -->

<!-- begin colLeft -->
<div id='colLeft'>

<b:section class='mainblog' id='mainblog' showaddelement='no'>
  <b:widget id='Blog1' locked='true' title='Blog Posts' type='Blog'>
    <b:includable id='main' var='top'>
  <b:if cond='data:mobile == &quot;false&quot;'>

    <!-- posts -->
    <div class='blog-posts hfeed'>

      <b:include data='top' name='status-message'/>

      <data:defaultAdStart/>
      <b:loop values='data:posts' var='post'>
        <b:if cond='data:post.isDateStart'>
          <b:if cond='data:post.isFirstPost == &quot;false&quot;'>
            &lt;/div&gt;&lt;/div&gt;
          </b:if>
        </b:if>
        <b:if cond='data:post.isDateStart'>
          &lt;div class=&quot;date-outer&quot;&gt;
        </b:if>
        <b:if cond='data:post.dateHeader'>
          <h2 class='date-header'><span><data:post.dateHeader/></span></h2>
        </b:if>
        <b:if cond='data:post.isDateStart'>
          &lt;div class=&quot;date-posts&quot;&gt;
        </b:if>
        <div class='post-outer'>
        <b:include data='post' name='post'/>
        <b:if cond='data:blog.pageType == &quot;static_page&quot;'>
          <b:if cond='data:post.showThreadedComments'>
            <b:include data='post' name='threaded_comments'/>
          <b:else/>
            <b:include data='post' name='comments'/>
          </b:if>
        </b:if>
        <b:if cond='data:blog.pageType == &quot;item&quot;'>
          <b:if cond='data:post.showThreadedComments'>
            <b:include data='post' name='threaded_comments'/>
          <b:else/>
            <b:include data='post' name='comments'/>
          </b:if>
        </b:if>
        </div>
        <b:if cond='data:post.includeAd'>
          <b:if cond='data:post.isFirstPost'>
            <data:defaultAdEnd/>
          <b:else/>
            <data:adEnd/>
          </b:if>
          <div class='inline-ad'>
            <data:adCode/>
          </div>
          <data:adStart/>
        </b:if>
      </b:loop>
      <b:if cond='data:numPosts != 0'>
        &lt;/div&gt;&lt;/div&gt;
      </b:if>
      <data:adEnd/>
    </div>

<div style='clear: both;'/>
<b:if cond='data:blog.pageType != &quot;item&quot;'>
<!-- navigation -->
<b:include name='nextprev'/>
</b:if>

    <!-- feed links -->
    <b:include name='feedLinks'/>

    <b:if cond='data:top.showStars'>
      <script src='//www.google.com/jsapi' type='text/javascript'/>
      <script type='text/javascript'>
        google.load(&quot;annotations&quot;, &quot;1&quot;, {&quot;locale&quot;: &quot;<data:top.languageCode/>&quot;});
        function initialize() {
          google.annotations.setApplicationId(<data:top.blogspotReviews/>);
          google.annotations.createAll();
          google.annotations.fetch();
        }
        google.setOnLoadCallback(initialize);
      </script>
    </b:if>

  <b:else/>
    <b:include name='mobile-main'/>
  </b:if>

  <b:if cond='data:top.showDummy'>
    <data:top.dummyBootstrap/>
  </b:if>

</b:includable>
    <b:includable id='backlinkDeleteIcon' var='backlink'>
  <span expr:class='&quot;item-control &quot; + data:backlink.adminClass'>
    <a expr:href='data:backlink.deleteUrl' expr:title='data:top.deleteBacklinkMsg'>
      <img src='//www.blogger.com/img/icon_delete13.gif'/>
    </a>
  </span>
</b:includable>
    <b:includable id='backlinks' var='post'>
  <a name='links'/><h4><data:post.backlinksLabel/></h4>
  <b:if cond='data:post.numBacklinks != 0'>
    <dl class='comments-block' id='comments-block'>
      <b:loop values='data:post.backlinks' var='backlink'>
        <div class='collapsed-backlink backlink-control'>
          <dt class='comment-title'>
            <span class='backlink-toggle-zippy'>&#160;</span>
            <a expr:href='data:backlink.url' rel='nofollow'><data:backlink.title/></a>
            <b:include data='backlink' name='backlinkDeleteIcon'/>
          </dt>
          <dd class='comment-body collapseable'>
            <data:backlink.snippet/>
          </dd>
          <dd class='comment-footer collapseable'>
            <span class='comment-author'><data:post.authorLabel/> <data:backlink.author/></span>
            <span class='comment-timestamp'><data:post.timestampLabel/> <data:backlink.timestamp/></span>
          </dd>
        </div>
      </b:loop>
    </dl>
  </b:if>
  <p class='comment-footer'>
    <a class='comment-link' expr:href='data:post.createLinkUrl' expr:id='data:widget.instanceId + &quot;_backlinks-create-link&quot;' target='_blank'><data:post.createLinkLabel/></a>
  </p>
</b:includable>
    <b:includable id='comment-form' var='post'>
  <div class='comment-form'>
    <a name='comment-form'/>
    <b:if cond='data:mobile'>
      <h4 id='comment-post-message'>
        <a expr:id='data:widget.instanceId + &quot;_comment-editor-toggle-link&quot;' href='javascript:void(0)'><data:postCommentMsg/></a></h4>
      <p><data:blogCommentMessage/></p>
      <data:blogTeamBlogMessage/>
      <a expr:href='data:post.commentFormIframeSrc' id='comment-editor-src'/>
      <iframe allowtransparency='true' class='blogger-iframe-colorize blogger-comment-from-post' frameborder='0' height='410' id='comment-editor' name='comment-editor' src='' style='display: none' width='100%'/>
    <b:else/>
      <h4 id='comment-post-message'><data:postCommentMsg/></h4>
      <p><data:blogCommentMessage/></p>
      <data:blogTeamBlogMessage/>
      <a expr:href='data:post.commentFormIframeSrc' id='comment-editor-src'/>
      <iframe allowtransparency='true' class='blogger-iframe-colorize blogger-comment-from-post' frameborder='0' height='410' id='comment-editor' name='comment-editor' src='' width='100%'/>
    </b:if>
    <data:post.friendConnectJs/>
    <data:post.cmtfpIframe/>
    <script type='text/javascript'>
      BLOG_CMT_createIframe(&#39;<data:post.appRpcRelayPath/>&#39;, &#39;<data:post.communityId/>&#39;);
    </script>
  </div>
</b:includable>
    <b:includable id='commentDeleteIcon' var='comment'>
  <span expr:class='&quot;item-control &quot; + data:comment.adminClass'>
    <b:if cond='data:showCmtPopup'>
      <div class='goog-toggle-button'>
        <div class='goog-inline-block comment-action-icon'/>
      </div>
    <b:else/>
      <a class='comment-delete' expr:href='data:comment.deleteUrl' expr:title='data:top.deleteCommentMsg'>
        <img src='//www.blogger.com/img/icon_delete13.gif'/>
      </a>
    </b:if>
  </span>
</b:includable>
    <b:includable id='comment_count_picker' var='post'>
  <b:if cond='data:post.commentSource == 1'>
    <span class='cmt_count_iframe_holder' expr:data-count='data:post.numComments' expr:data-onclick='data:post.addCommentOnclick' expr:data-post-url='data:post.url' expr:data-url='data:post.canonicalUrl'>
    </span>
  <b:else/>
    <a class='comment-link' expr:href='data:post.addCommentUrl' expr:onclick='data:post.addCommentOnclick'>
      <data:post.commentLabelFull/>:
    </a>
  </b:if>
</b:includable>
    <b:includable id='comment_picker' var='post'>
  <b:if cond='data:post.commentSource == 1'>
    <b:include data='post' name='iframe_comments'/>
  <b:else/>
    <b:if cond='data:post.showThreadedComments'>
      <b:include data='post' name='threaded_comments'/>
    <b:else/>
      <b:include data='post' name='comments'/>
    </b:if>
  </b:if>
</b:includable>
    <b:includable id='comments' var='post'>
  <div class='comments' id='comments'>
    <a name='comments'/>
    <b:if cond='data:post.allowComments'>
      <h4>
        <b:if cond='data:post.numComments == 1'>
          1 <data:commentLabel/>:
        <b:else/>
          <data:post.numComments/> <data:commentLabelPlural/>:
        </b:if>
      </h4>

      <b:if cond='data:post.commentPagingRequired'>
        <span class='paging-control-container'>
          <a expr:class='data:post.oldLinkClass' expr:href='data:post.oldestLinkUrl'><data:post.oldestLinkText/></a>
          &#160;
          <a expr:class='data:post.oldLinkClass' expr:href='data:post.olderLinkUrl'><data:post.olderLinkText/></a>
          &#160;
          <data:post.commentRangeText/>
          &#160;
          <a expr:class='data:post.newLinkClass' expr:href='data:post.newerLinkUrl'><data:post.newerLinkText/></a>
          &#160;
          <a expr:class='data:post.newLinkClass' expr:href='data:post.newestLinkUrl'><data:post.newestLinkText/></a>
        </span>
      </b:if>

      <div expr:id='data:widget.instanceId + &quot;_comments-block-wrapper&quot;'>
        <dl expr:class='data:post.avatarIndentClass' id='comments-block'>
          <b:loop values='data:post.comments' var='comment'>
            <dt expr:class='&quot;comment-author &quot; + data:comment.authorClass' expr:id='data:comment.anchorName'>
              <b:if cond='data:comment.favicon'>
                <img expr:src='data:comment.favicon' height='16px' style='margin-bottom:-2px;' width='16px'/>
              </b:if>
              <a expr:name='data:comment.anchorName'/>
              <b:if cond='data:blog.enabledCommentProfileImages'>
                <data:comment.authorAvatarImage/>
              </b:if>
              <b:if cond='data:comment.authorUrl'>
                <a expr:href='data:comment.authorUrl' rel='nofollow'><data:comment.author/></a>
              <b:else/>
                <data:comment.author/>
              </b:if>
              <data:commentPostedByMsg/>
            </dt>
            <dd class='comment-body' expr:id='data:widget.instanceId + data:comment.cmtBodyIdPostfix'>
              <b:if cond='data:comment.isDeleted'>
                <span class='deleted-comment'><data:comment.body/></span>
              <b:else/>
                <p>
                  <data:comment.body/>
                </p>
              </b:if>
            </dd>
            <dd class='comment-footer'>
              <span class='comment-timestamp'>
                <a expr:href='data:comment.url' title='comment permalink'>
                  <data:comment.timestamp/>
                </a>
                <b:include data='comment' name='commentDeleteIcon'/>
              </span>
            </dd>
          </b:loop>
        </dl>
      </div>

      <b:if cond='data:post.commentPagingRequired'>
        <span class='paging-control-container'>
          <a expr:class='data:post.oldLinkClass' expr:href='data:post.oldestLinkUrl'>
            <data:post.oldestLinkText/>
          </a>
          <a expr:class='data:post.oldLinkClass' expr:href='data:post.olderLinkUrl'>
            <data:post.olderLinkText/>
          </a>
          &#160;
          <data:post.commentRangeText/>
          &#160;
          <a expr:class='data:post.newLinkClass' expr:href='data:post.newerLinkUrl'>
            <data:post.newerLinkText/>
          </a>
          <a expr:class='data:post.newLinkClass' expr:href='data:post.newestLinkUrl'>
            <data:post.newestLinkText/>
          </a>
        </span>
      </b:if>

      <p class='comment-footer'>
        <b:if cond='data:post.embedCommentForm'>
          <b:if cond='data:post.allowNewComments'>
            <b:include data='post' name='comment-form'/>
          <b:else/>
            <data:post.noNewCommentsText/>
          </b:if>
        <b:else/>
          <b:if cond='data:post.allowComments'>
            <a expr:href='data:post.addCommentUrl' expr:onclick='data:post.addCommentOnclick'><data:postCommentMsg/></a>
          </b:if>
        </b:if>

      </p>
    </b:if>
    <b:if cond='data:showCmtPopup'>
      <div id='comment-popup'>
        <iframe allowtransparency='true' frameborder='0' id='comment-actions' name='comment-actions' scrolling='no'>
        </iframe>
      </div>
    </b:if>

    <div id='backlinks-container'>
    <div expr:id='data:widget.instanceId + &quot;_backlinks-container&quot;'>
       <b:if cond='data:post.showBacklinks'>
         <b:include data='post' name='backlinks'/>
       </b:if>
    </div>
    </div>
  </div>
</b:includable>
    <b:includable id='feedLinks'>
  <b:if cond='data:blog.pageType != &quot;item&quot;'> <!-- Blog feed links -->
    <b:if cond='data:feedLinks'>
      <div class='blog-feeds'>
        <b:include data='feedLinks' name='feedLinksBody'/>
      </div>
    </b:if>

    <b:else/> <!--Post feed links -->
    <div class='post-feeds'>
      <b:loop values='data:posts' var='post'>
        <b:if cond='data:post.allowComments'>
          <b:if cond='data:post.feedLinks'>
            <b:include data='post.feedLinks' name='feedLinksBody'/>
          </b:if>
        </b:if>
      </b:loop>
    </div>
  </b:if>
</b:includable>
    <b:includable id='feedLinksBody' var='links'>
  <div class='feed-links'>
  <data:feedLinksMsg/>
  <b:loop values='data:links' var='f'>
     <a class='feed-link' expr:href='data:f.url' expr:type='data:f.mimeType' target='_blank'><data:f.name/> (<data:f.feedType/>)</a>
  </b:loop>
  </div>
</b:includable>
    <b:includable id='iframe_comments' var='post'>

  <b:if cond='data:post.allowComments'>
    <script expr:src='data:post.commentSrc' type='text/javascript'/>
    <div class='cmt_iframe_holder'/>

    <b:if cond='data:post.embedCommentForm == &quot;false&quot;'>
      <a expr:href='data:post.addCommentUrl' expr:onclick='data:post.addCommentOnclick'><data:postCommentMsg/></a>
    </b:if>
  </b:if>
</b:includable>
    <b:includable id='mobile-index-post' var='post'>
  <div class='mobile-date-outer date-outer'>
    <b:if cond='data:post.dateHeader'>
      <div class='date-header'>
        <span><data:post.dateHeader/></span>
      </div>
    </b:if>

    <div class='mobile-post-outer'>
      <a expr:href='data:post.url'>
        <h3 class='mobile-index-title entry-title'>
          <data:post.title/>
        </h3>

        <div class='mobile-index-arrow'>&amp;rsaquo;</div>

        <div class='mobile-index-contents'>
          <b:if cond='data:post.thumbnailUrl'>
            <div class='mobile-index-thumbnail'>
              <div class='Image'>
                <img expr:src='data:post.thumbnailUrl'/>
              </div>
            </div>
          </b:if>

          <div class='post-body'>
            <b:if cond='data:post.snippet'><data:post.snippet/></b:if>
          </div>
        </div>

        <div style='clear: both;'/>
      </a>

      <div class='mobile-index-comment'>
        <b:if cond='data:blog.pageType != &quot;static_page&quot;'>
          <b:if cond='data:post.allowComments'>
            <b:if cond='data:post.numComments != 0'>
              <a class='comment-link' expr:href='data:post.addCommentUrl' expr:onclick='data:post.addCommentOnclick'><b:if cond='data:post.numComments == 1'>1 <data:top.commentLabel/><b:else/><data:post.numComments/> <data:top.commentLabelPlural/></b:if></a>
            </b:if>
          </b:if>
        </b:if>
      </div>
    </div>
  </div>
</b:includable>
    <b:includable id='mobile-main' var='top'>
    <!-- posts -->
    <div class='blog-posts hfeed'>

      <b:include data='top' name='status-message'/>

      <b:if cond='data:blog.pageType == &quot;index&quot;'>
        <b:loop values='data:posts' var='post'>
          <b:include data='post' name='mobile-index-post'/>
        </b:loop>
      <b:else/>
        <b:loop values='data:posts' var='post'>
          <b:include data='post' name='mobile-post'/>
        </b:loop>
      </b:if>
    </div>

   <b:include name='mobile-nextprev'/>
</b:includable>
    <b:includable id='mobile-nextprev'>
  <div class='blog-pager' id='blog-pager'>
    <b:if cond='data:newerPageUrl'>
      <div class='mobile-link-button' id='blog-pager-newer-link'>
      <a class='blog-pager-newer-link' expr:href='data:newerPageUrl' expr:id='data:widget.instanceId + &quot;_blog-pager-newer-link&quot;' expr:title='data:newerPageTitle'>&amp;lsaquo;</a>
      </div>
    </b:if>

    <b:if cond='data:olderPageUrl'>
      <div class='mobile-link-button' id='blog-pager-older-link'>
      <a class='blog-pager-older-link' expr:href='data:olderPageUrl' expr:id='data:widget.instanceId + &quot;_blog-pager-older-link&quot;' expr:title='data:olderPageTitle'>&amp;rsaquo;</a>
      </div>
    </b:if>

    <div class='mobile-link-button' id='blog-pager-home-link'>
    <a class='home-link' expr:href='data:blog.homepageUrl'><data:homeMsg/></a>
    </div>

    <div class='mobile-desktop-link'>
      <a class='home-link' expr:href='data:desktopLinkUrl'><data:desktopLinkMsg/></a>
    </div>

  </div>
  <div class='clear'/>
</b:includable>
    <b:includable id='mobile-post' var='post'>
  <div class='date-outer'>
    <b:if cond='data:post.dateHeader'>
      <h2 class='date-header'><span><data:post.dateHeader/></span></h2>
    </b:if>
    <div class='date-posts'>
      <div class='post-outer'>

        <div class='post hentry uncustomized-post-template'>
          <a expr:name='data:post.id'/>
          <b:if cond='data:post.title'>
            <h3 class='post-title entry-title'>
              <b:if cond='data:post.link'>
                <a expr:href='data:post.link'><data:post.title/></a>
              <b:else/>
                <b:if cond='data:post.url'>
                  <b:if cond='data:blog.url != data:post.url'>
                    <a expr:href='data:post.url'><data:post.title/></a>
                  <b:else/>
                    <data:post.title/>
                  </b:if>
                <b:else/>
                  <data:post.title/>
                </b:if>
              </b:if>
            </h3>
          </b:if>

          <div class='post-header'>
            <div class='post-header-line-1'/>
          </div>

          <div class='post-body entry-content' expr:id='&quot;post-body-&quot; + data:post.id'>
            <data:post.body/>
            <div style='clear: both;'/> <!-- clear for photos floats -->
          </div>

          <div class='post-footer'>
            <div class='post-footer-line post-footer-line-1'>
              <span class='post-author vcard'>
                <b:if cond='data:top.showAuthor'>
                  <b:if cond='data:post.authorProfileUrl'>
                    <span class='fn'>
                      <a expr:href='data:post.authorProfileUrl' rel='author' title='author profile'>
                        <data:post.author/>
                      </a>
                    </span>
                  <b:else/>
                    <span class='fn'><data:post.author/></span>
                  </b:if>
                </b:if>
              </span>

              <span class='post-timestamp'>
                <b:if cond='data:top.showTimestamp'>
                  <data:top.timestampLabel/>
                  <b:if cond='data:post.url'>
                    <a class='timestamp-link' expr:href='data:post.url' rel='bookmark' title='permanent link'><abbr class='published' expr:title='data:post.timestampISO8601'><data:post.timestamp/></abbr></a>
                  </b:if>
                </b:if>
              </span>

              <span class='post-comment-link'>
                <b:if cond='data:blog.pageType != &quot;item&quot;'>
                  <b:if cond='data:blog.pageType != &quot;static_page&quot;'>
                    <b:if cond='data:post.allowComments'>
                      <a class='comment-link' expr:href='data:post.addCommentUrl' expr:onclick='data:post.addCommentOnclick'><b:if cond='data:post.numComments == 1'>1 <data:top.commentLabel/><b:else/><data:post.numComments/> <data:top.commentLabelPlural/></b:if></a>
                    </b:if>
                  </b:if>
                </b:if>
              </span>
            </div>

            <div class='post-footer-line post-footer-line-2'>
              <b:if cond='data:top.showMobileShare'>
                <div class='mobile-link-button goog-inline-block' id='mobile-share-button'>
                  <a href='javascript:void(0);'><data:shareMsg/></a>
                </div>
              </b:if>
              <b:if cond='data:top.showDummy'>
                <div class='goog-inline-block dummy-container'><data:post.dummyTag/></div>
              </b:if>
            </div>

          </div>
        </div>

        <b:if cond='data:blog.pageType == &quot;static_page&quot;'>
          <b:if cond='data:post.showThreadedComments'>
            <b:include data='post' name='threaded_comments'/>
          <b:else/>
            <b:include data='post' name='comments'/>
          </b:if>
        </b:if>
        <b:if cond='data:blog.pageType == &quot;item&quot;'>
          <b:if cond='data:post.showThreadedComments'>
            <b:include data='post' name='threaded_comments'/>
          <b:else/>
            <b:include data='post' name='comments'/>
          </b:if>
        </b:if>
      </div>
    </div>
  </div>
</b:includable>
    <b:includable id='nextprev'>
  <div class='blog-pager' id='blog-pager'>
    <b:if cond='data:newerPageUrl'>
      <span id='blog-pager-newer-link'>
      <a class='blog-pager-newer-link' expr:href='data:newerPageUrl' expr:id='data:widget.instanceId + &quot;_blog-pager-newer-link&quot;' expr:title='data:newerPageTitle'><data:newerPageTitle/></a>
      </span>
    </b:if>

    <b:if cond='data:olderPageUrl'>
      <span id='blog-pager-older-link'>
      <a class='blog-pager-older-link' expr:href='data:olderPageUrl' expr:id='data:widget.instanceId + &quot;_blog-pager-older-link&quot;' expr:title='data:olderPageTitle'><data:olderPageTitle/></a>
      </span>
    </b:if>

    <a class='home-link' expr:href='data:blog.homepageUrl'><data:homeMsg/></a>

    <b:if cond='data:mobileLinkUrl'>
      <div class='blog-mobile-link'>
        <a expr:href='data:mobileLinkUrl'><data:mobileLinkMsg/></a>
      </div>
    </b:if>

  </div>
  <div class='clear'/>
</b:includable>
    <b:includable id='post' var='post'>
<div class='post hentry clearfix'>

<a expr:name='data:post.id'/>

<b:if cond='data:blog.pageType != &quot;static_page&quot;'>
<div class='postComments'>
	<b:if cond='data:post.allowComments'><a expr:href='data:post.addCommentUrl' expr:onclick='data:post.addCommentOnclick'><b:if cond='data:post.numComments == 0'>0</b:if><b:if cond='data:post.numComments == 1'>1</b:if><b:if cond='data:post.numComments &gt;= 2'><data:post.numComments/></b:if></a></b:if>
</div>
</b:if>
<div class='meta'>
<b:if cond='data:blog.pageType != &quot;static_page&quot;'>
<span class='metadata'><img alt='Posted' src='http://4.bp.blogspot.com/-H-as2ns6pE8/Ukoy9QjdUvI/AAAAAAAAKP8/H7MgTuOa8m0/s1600/ico_folder.png'/> <data:post.timestamp/> <b:if cond='data:post.labels'>in <b:loop values='data:post.labels' var='label'><a expr:href='data:label.url' rel='tag'><data:label.name/></a><b:if cond='data:label.isLast != &quot;true&quot;'>, </b:if></b:loop></b:if> by <data:post.author/></span>
</b:if>
<h2 class='post-title entry-title'>
     <b:if cond='data:post.link'>
       <a expr:href='data:post.link'><data:post.title/></a>
     <b:else/>
        <b:if cond='data:post.url'>
          <a expr:href='data:post.url'><data:post.title/></a>
        <b:else/>
          <data:post.title/>
        </b:if>
     </b:if>
</h2>	
</div>

<div class='post-header-line-1'/>

<div class='entry'>
<div class='post-body entry-content'>

<b:if cond='data:blog.pageType != &quot;static_page&quot;'>
<b:if cond='data:blog.pageType != &quot;item&quot;'>
<div expr:id='&quot;summary&quot; + data:post.id'><data:post.body/></div>
<script type='text/javascript'>createSummaryAndThumb(&quot;summary<data:post.id/>&quot;);</script>
</b:if>
</b:if>
<b:if cond='data:blog.pageType == &quot;item&quot;'><data:post.body/></b:if>

<b:if cond='data:blog.pageType == &quot;static_page&quot;'><data:post.body/></b:if>

<b:if cond='data:blog.pageType != &quot;static_page&quot;'>
<b:if cond='data:blog.pageType != &quot;item&quot;'>
<div style='float:right;padding-right:10px;margin-top:10px;'>
<a class='more-link' expr:href='data:post.url'><strong>Read more </strong></a>
</div>
</b:if>
</b:if>

<b:if cond='data:blog.pageType == &quot;item&quot;'>
<div style='clear:both;'/>
<div class='post-share-buttons'>
<b:include data='post' name='shareButtons'/>
</div>
<span class='reaction-buttons'>
<b:if cond='data:top.showReactions'>
<table border='0' cellpadding='0' width='100%'><tr>
<td style='font-size:12px;padding-top:2px;' valign='top'><span class='reactions-label'><data:top.reactionsLabel/></span></td>
<td><iframe allowtransparency='true' class='reactions-iframe' expr:src='data:post.reactionsUrl' frameborder='0' name='reactions' scrolling='no'/></td>
</tr></table>
</b:if>
</span>
</b:if>

      <div style='clear: both;'/> <!-- clear for photos floats -->
</div>
</div>

</div>
<div style='clear: both;'/>

<b:if cond='data:blog.pageType == &quot;item&quot;'>
<!-- navigation -->
<b:include name='nextprev'/>
</b:if>

</b:includable>
    <b:includable id='postQuickEdit' var='post'>
  <b:if cond='data:post.editUrl'>
    <span expr:class='&quot;item-control &quot; + data:post.adminClass'>
      <a expr:href='data:post.editUrl' expr:title='data:top.editPostMsg'>
        <img alt='' class='icon-action' height='18' src='http://img2.blogblog.com/img/icon18_edit_allbkg.gif' width='18'/>
      </a>
    </span>
  </b:if>
</b:includable>
    <b:includable id='shareButtons' var='post'>
  <b:if cond='data:top.showEmailButton'><a class='goog-inline-block share-button sb-email' expr:href='data:post.sharePostUrl + &quot;&amp;target=email&quot;' expr:title='data:top.emailThisMsg' target='_blank'><span class='share-button-link-text'><data:top.emailThisMsg/></span></a></b:if><b:if cond='data:top.showBlogThisButton'><a class='goog-inline-block share-button sb-blog' expr:href='data:post.sharePostUrl + &quot;&amp;target=blog&quot;' expr:onclick='&quot;window.open(this.href, \&quot;_blank\&quot;, \&quot;height=270,width=475\&quot;); return false;&quot;' expr:title='data:top.blogThisMsg' target='_blank'><span class='share-button-link-text'><data:top.blogThisMsg/></span></a></b:if><b:if cond='data:top.showTwitterButton'><a class='goog-inline-block share-button sb-twitter' expr:href='data:post.sharePostUrl + &quot;&amp;target=twitter&quot;' expr:title='data:top.shareToTwitterMsg' target='_blank'><span class='share-button-link-text'><data:top.shareToTwitterMsg/></span></a></b:if><b:if cond='data:top.showFacebookButton'><a class='goog-inline-block share-button sb-facebook' expr:href='data:post.sharePostUrl + &quot;&amp;target=facebook&quot;' expr:onclick='&quot;window.open(this.href, \&quot;_blank\&quot;, \&quot;height=430,width=640\&quot;); return false;&quot;' expr:title='data:top.shareToFacebookMsg' target='_blank'><span class='share-button-link-text'><data:top.shareToFacebookMsg/></span></a></b:if><b:if cond='data:top.showOrkutButton'><a class='goog-inline-block share-button sb-orkut' expr:href='data:post.sharePostUrl + &quot;&amp;target=orkut&quot;' expr:title='data:top.shareToOrkutMsg' target='_blank'><span class='share-button-link-text'><data:top.shareToOrkutMsg/></span></a></b:if><b:if cond='data:top.showDummy'><div class='goog-inline-block dummy-container'><data:post.dummyTag/></div></b:if>
</b:includable>
    <b:includable id='status-message'>
  <b:if cond='data:navMessage'>
  <div class='status-msg-wrap'>
    <div class='status-msg-body'>
      <data:navMessage/>
    </div>
    <div class='status-msg-border'>
      <div class='status-msg-bg'>
        <div class='status-msg-hidden'><data:navMessage/></div>
      </div>
    </div>
  </div>
  <div style='clear: both;'/>
  </b:if>
</b:includable>
    <b:includable id='threaded-comment-form' var='post'>
  <div class='comment-form'>
    <a name='comment-form'/>
    <b:if cond='data:mobile'>
      <p><data:blogCommentMessage/></p>
      <data:blogTeamBlogMessage/>
      <a expr:href='data:post.commentFormIframeSrc' id='comment-editor-src'/>
      <iframe allowtransparency='true' class='blogger-iframe-colorize blogger-comment-from-post' frameborder='0' height='410' id='comment-editor' name='comment-editor' src='' style='display: none' width='100%'/>
    <b:else/>
      <p><data:blogCommentMessage/></p>
      <data:blogTeamBlogMessage/>
      <a expr:href='data:post.commentFormIframeSrc' id='comment-editor-src'/>
      <iframe allowtransparency='true' class='blogger-iframe-colorize blogger-comment-from-post' frameborder='0' height='410' id='comment-editor' name='comment-editor' src='' width='100%'/>
    </b:if>
    <data:post.friendConnectJs/>
    <data:post.cmtfpIframe/>
    <script type='text/javascript'>
      BLOG_CMT_createIframe(&#39;<data:post.appRpcRelayPath/>&#39;, &#39;<data:post.communityId/>&#39;);
    </script>
  </div>
</b:includable>
    <b:includable id='threaded_comment_js' var='post'>
  <script async='async' expr:src='data:post.commentSrc' type='text/javascript'/>

  <script type='text/javascript'>
    (function() {
      var items = <data:post.commentJso/>;
      var msgs = <data:post.commentMsgs/>;
      var config = <data:post.commentConfig/>;

// <![CDATA[
      var cursor = null;
      if (items && items.length > 0) {
        cursor = parseInt(items[items.length - 1].timestamp) + 1;
      }

      var bodyFromEntry = function(entry) {
        if (entry.gd$extendedProperty) {
          for (var k in entry.gd$extendedProperty) {
            if (entry.gd$extendedProperty[k].name == 'blogger.contentRemoved') {
              return '<span class="deleted-comment">' + entry.content.$t + '</span>';
            }
          }
        }
        return entry.content.$t;
      }

      var parse = function(data) {
        cursor = null;
        var comments = [];
        if (data && data.feed && data.feed.entry) {
          for (var i = 0, entry; entry = data.feed.entry[i]; i++) {
            var comment = {};
            // comment ID, parsed out of the original id format
            var id = /blog-(\d+).post-(\d+)/.exec(entry.id.$t);
            comment.id = id ? id[2] : null;
            comment.body = bodyFromEntry(entry);
            comment.timestamp = Date.parse(entry.published.$t) + '';
            if (entry.author && entry.author.constructor === Array) {
              var auth = entry.author[0];
              if (auth) {
                comment.author = {
                  name: (auth.name ? auth.name.$t : undefined),
                  profileUrl: (auth.uri ? auth.uri.$t : undefined),
                  avatarUrl: (auth.gd$image ? auth.gd$image.src : undefined)
                };
              }
            }
            if (entry.link) {
              if (entry.link[2]) {
                comment.link = comment.permalink = entry.link[2].href;
              }
              if (entry.link[3]) {
                var pid = /.*comments\/default\/(\d+)\?.*/.exec(entry.link[3].href);
                if (pid && pid[1]) {
                  comment.parentId = pid[1];
                }
              }
            }
            comment.deleteclass = 'item-control blog-admin';
            if (entry.gd$extendedProperty) {
              for (var k in entry.gd$extendedProperty) {
                if (entry.gd$extendedProperty[k].name == 'blogger.itemClass') {
                  comment.deleteclass += ' ' + entry.gd$extendedProperty[k].value;
                }
              }
            }
            comments.push(comment);
          }
        }
        return comments;
      };

      var paginator = function(callback) {
        if (hasMore()) {
          var url = config.feed + '?alt=json&v=2&orderby=published&reverse=false&max-results=50';
          if (cursor) {
            url += '&published-min=' + new Date(cursor).toISOString();
          }
          window.bloggercomments = function(data) {
            var parsed = parse(data);
            cursor = parsed.length < 50 ? null
                : parseInt(parsed[parsed.length - 1].timestamp) + 1
            callback(parsed);
            window.bloggercomments = null;
          }
          url += '&callback=bloggercomments';
          var script = document.createElement('script');
          script.type = 'text/javascript';
          script.src = url;
          document.getElementsByTagName('head')[0].appendChild(script);
        }
      };
      var hasMore = function() {
        return !!cursor;
      };
      var getMeta = function(key, comment) {
        if ('iswriter' == key) {
          var matches = !!comment.author
              && comment.author.name == config.authorName
              && comment.author.profileUrl == config.authorUrl;
          return matches ? 'true' : '';
        } else if ('deletelink' == key) {
          return config.baseUri + '/delete-comment.g?blogID='
               + config.blogId + '&postID=' + comment.id;
        } else if ('deleteclass' == key) {
          return comment.deleteclass;
        }
        return '';
      };

      var replybox = null;
      var replyUrlParts = null;
      var replyParent = undefined;

      var onReply = function(commentId, domId) {
        if (replybox == null) {
          // lazily cache replybox, and adjust to suit this style:
          replybox = document.getElementById('comment-editor');
          if (replybox != null) {
            replybox.height = '250px';
            replybox.style.display = 'block';
            replyUrlParts = replybox.src.split('#');
          }
        }
        if (replybox && (commentId !== replyParent)) {
          document.getElementById(domId).insertBefore(replybox, null);
          replybox.src = replyUrlParts[0]
              + (commentId ? '&parentID=' + commentId : '')
              + '#' + replyUrlParts[1];
          replyParent = commentId;
        }
      };

      var hash = (window.location.hash || '#').substring(1);
      var startThread, targetComment;
      if (/^comment-form_/.test(hash)) {
        startThread = hash.substring('comment-form_'.length);
      } else if (/^c[0-9]+$/.test(hash)) {
        targetComment = hash.substring(1);
      }

      // Configure commenting API:
      var configJso = {
        'maxDepth': config.maxThreadDepth
      };
      var provider = {
        'id': config.postId,
        'data': items,
        'loadNext': paginator,
        'hasMore': hasMore,
        'getMeta': getMeta,
        'onReply': onReply,
        'rendered': true,
        'initComment': targetComment,
        'initReplyThread': startThread,
        'config': configJso,
        'messages': msgs
      };

      var render = function() {
        if (window.goog && window.goog.comments) {
          var holder = document.getElementById('comment-holder');
          window.goog.comments.render(holder, provider);
        }
      };

      // render now, or queue to render when library loads:
      if (window.goog && window.goog.comments) {
        render();
      } else {
        window.goog = window.goog || {};
        window.goog.comments = window.goog.comments || {};
        window.goog.comments.loadQueue = window.goog.comments.loadQueue || [];
        window.goog.comments.loadQueue.push(render);
      }
    })();
// ]]>
  </script>
</b:includable>
    <b:includable id='threaded_comments' var='post'>
  <div class='comments' id='comments'>
    <a name='comments'/>
    <h4><data:post.commentLabelFull/>:</h4>

    <div class='comments-content'>
      <b:if cond='data:post.embedCommentForm'>
        <b:include data='post' name='threaded_comment_js'/>
      </b:if>
      <div id='comment-holder'>
         <data:post.commentHtml/>
      </div>
    </div>

    <p class='comment-footer'>
      <b:if cond='data:post.allowNewComments'>
        <b:include data='post' name='threaded-comment-form'/>
      <b:else/>
        <data:post.noNewCommentsText/>
      </b:if>
    </p>

    <b:if cond='data:showCmtPopup'>
      <div id='comment-popup'>
        <iframe allowtransparency='true' frameborder='0' id='comment-actions' name='comment-actions' scrolling='no'>
        </iframe>
      </div>
    </b:if>

    <div id='backlinks-container'>
    <div expr:id='data:widget.instanceId + &quot;_backlinks-container&quot;'>
       <b:if cond='data:post.showBacklinks'>
         <b:include data='post' name='backlinks'/>
       </b:if>
    </div>
    </div>
  </div>
</b:includable>
  </b:widget>
</b:section>

</div>
<!-- end colLeft -->
	
<!-- begin colRight -->
<div id='colRight'>

<!-- Search box -->
<div id='searchBox'>
<h2>Search the site</h2>
	<form action='/search' id='searchform' method='get'>
		<input id='s' name='q' type='text' value=''/>
		<input id='searchsubmit' type='submit' value='SEARCH'/>
	</form>
</div>

<b:section class='sidebar' id='sidebartop' preferred='yes'>
  <b:widget id='PopularPosts1' locked='false' title='Popular Posts' type='PopularPosts'>
    <b:includable id='main'>
  <b:if cond='data:title'><h2><data:title/></h2></b:if>
  <div class='widget-content popular-posts'>
    <ul>
      <b:loop values='data:posts' var='post'>
      <li>
        <b:if cond='data:showThumbnails == &quot;false&quot;'>
          <b:if cond='data:showSnippets == &quot;false&quot;'>
            <!-- (1) No snippet/thumbnail -->
            <a expr:href='data:post.href'><data:post.title/></a>
          <b:else/>
            <!-- (2) Show only snippets -->
            <div class='item-title'><a expr:href='data:post.href'><data:post.title/></a></div>
            <div class='item-snippet'><data:post.snippet/></div>
          </b:if>
        <b:else/>
          <b:if cond='data:showSnippets == &quot;false&quot;'>
            <!-- (3) Show only thumbnails -->
            <div class='item-thumbnail-only'>
              <b:if cond='data:post.thumbnail'>
                <div class='item-thumbnail'>
                  <a expr:href='data:post.href' target='_blank'>
                    <img alt='' border='0' expr:height='data:thumbnailSize' expr:src='data:post.thumbnail' expr:width='data:thumbnailSize'/>
                  </a>
                </div>
              </b:if>
              <div class='item-title'><a expr:href='data:post.href'><data:post.title/></a></div>
            </div>
            <div style='clear: both;'/>
          <b:else/>
            <!-- (4) Show snippets and thumbnails -->
            <div class='item-content'>
              <b:if cond='data:post.thumbnail'>
                <div class='item-thumbnail'>
                  <a expr:href='data:post.href' target='_blank'>
                    <img alt='' border='0' expr:height='data:thumbnailSize' expr:src='data:post.thumbnail' expr:width='data:thumbnailSize'/>
                  </a>
                </div>
              </b:if>
              <div class='item-title'><a expr:href='data:post.href'><data:post.title/></a></div>
              <div class='item-snippet'><data:post.snippet/></div>
            </div>
            <div style='clear: both;'/>
          </b:if>
        </b:if>
      </li>
      </b:loop>
    </ul>
    <b:include name='quickedit'/>
  </div>
</b:includable>
  </b:widget>
  <b:widget id='HTML1' locked='false' title='Recent Posts' type='HTML'>
    <b:includable id='main'>
  <!-- only display title if it's non-empty -->
  <b:if cond='data:title != &quot;&quot;'>
    <h2 class='title'><data:title/></h2>
  </b:if>
  <div class='widget-content'>
    <data:content/>
  </div>

  <b:include name='quickedit'/>
</b:includable>
  </b:widget>
  <b:widget id='Label1' locked='false' title='Labels' type='Label'>
    <b:includable id='main'>
  <b:if cond='data:title'>
    <h2><data:title/></h2>
  </b:if>
  <div expr:class='&quot;widget-content &quot; + data:display + &quot;-label-widget-content&quot;'>
    <b:if cond='data:display == &quot;list&quot;'>
      <ul>
      <b:loop values='data:labels' var='label'>
        <li>
          <b:if cond='data:blog.url == data:label.url'>
            <span expr:dir='data:blog.languageDirection'><data:label.name/></span>
          <b:else/>
            <a expr:dir='data:blog.languageDirection' expr:href='data:label.url'><data:label.name/></a>
          </b:if>
          <b:if cond='data:showFreqNumbers'>
            <span dir='ltr'>(<data:label.count/>)</span>
          </b:if>
        </li>
      </b:loop>
      </ul>
    <b:else/>
      <b:loop values='data:labels' var='label'>
        <span expr:class='&quot;label-size label-size-&quot; + data:label.cssSize'>
          <b:if cond='data:blog.url == data:label.url'>
            <span expr:dir='data:blog.languageDirection'><data:label.name/></span>
          <b:else/>
            <a expr:dir='data:blog.languageDirection' expr:href='data:label.url'><data:label.name/></a>
          </b:if>
          <b:if cond='data:showFreqNumbers'>
            <span class='label-count' dir='ltr'>(<data:label.count/>)</span>
          </b:if>
        </span>
      </b:loop>
    </b:if>
    <b:include name='quickedit'/>
  </div>
</b:includable>
  </b:widget>
  <b:widget id='HTML2' locked='false' title='Sample Text' type='HTML'>
    <b:includable id='main'>
  <!-- only display title if it's non-empty -->
  <b:if cond='data:title != &quot;&quot;'>
    <h2 class='title'><data:title/></h2>
  </b:if>
  <div class='widget-content'>
    <data:content/>
  </div>

  <b:include name='quickedit'/>
</b:includable>
  </b:widget>
  <b:widget id='BlogArchive1' locked='false' title='Blog Archive' type='BlogArchive'>
    <b:includable id='main'>
  <b:if cond='data:title'>
    <h2><data:title/></h2>
  </b:if>
  <div class='widget-content'>
  <div id='ArchiveList'>
  <div expr:id='data:widget.instanceId + &quot;_ArchiveList&quot;'>
    <b:if cond='data:style == &quot;HIERARCHY&quot;'>
     <b:include data='data' name='interval'/>
    </b:if>
    <b:if cond='data:style == &quot;FLAT&quot;'>
      <b:include data='data' name='flat'/>
    </b:if>
    <b:if cond='data:style == &quot;MENU&quot;'>
      <b:include data='data' name='menu'/>
    </b:if>
  </div>
  </div>
  <b:include name='quickedit'/>
  </div>
</b:includable>
    <b:includable id='flat' var='data'>
  <ul class='flat'>
    <b:loop values='data:data' var='i'>
      <li class='archivedate'>
        <a expr:href='data:i.url'><data:i.name/></a> (<data:i.post-count/>)
      </li>
    </b:loop>
  </ul>
</b:includable>
    <b:includable id='interval' var='intervalData'>
  <b:loop values='data:intervalData' var='i'>
      <ul class='hierarchy'>
        <li expr:class='&quot;archivedate &quot; + data:i.expclass'>
          <b:include data='i' name='toggle'/>
          <a class='post-count-link' expr:href='data:i.url'><data:i.name/></a>
            <span class='post-count' dir='ltr'>(<data:i.post-count/>)</span>
          <b:if cond='data:i.data'>
            <b:include data='i.data' name='interval'/>
          </b:if>
          <b:if cond='data:i.posts'>
            <b:include data='i.posts' name='posts'/>
          </b:if>
        </li>
      </ul>
  </b:loop>
</b:includable>
    <b:includable id='menu' var='data'>
  <select expr:id='data:widget.instanceId + &quot;_ArchiveMenu&quot;'>
    <option value=''><data:title/></option>
    <b:loop values='data:data' var='i'>
      <option expr:value='data:i.url'><data:i.name/> (<data:i.post-count/>)</option>
    </b:loop>
  </select>
</b:includable>
    <b:includable id='posts' var='posts'>
  <ul class='posts'>
    <b:loop values='data:posts' var='i'>
      <li><a expr:href='data:i.url'><data:i.title/></a></li>
    </b:loop>
  </ul>
</b:includable>
    <b:includable id='toggle' var='interval'>
  <b:if cond='data:interval.toggleId'>
  <b:if cond='data:interval.expclass == &quot;expanded&quot;'>
    <a class='toggle' href='javascript:void(0)'>
      <span class='zippy toggle-open'>&#9660;&#160;</span>
    </a>
  <b:else/>
    <a class='toggle' href='javascript:void(0)'>
      <span class='zippy'>
        <b:if cond='data:blog.languageDirection == &quot;rtl&quot;'>
          &#9668;&#160;
        <b:else/>
          &#9658;&#160;
        </b:if>
      </span>
    </a>
  </b:if>
 </b:if>
</b:includable>
  </b:widget>
</b:section>

</div>
<!-- end colRight -->

</div>
<!-- end content -->
	
<!-- begin footer -->
<div id='footer'>
<div class='clearfix' id='footerInner'>

<div class='footerBox'>
<b:section class='footersec' id='footersec1' showaddelement='yes'>
  <b:widget id='Feed2' locked='false' title='Blogger Tutorials' type='Feed'>
    <b:includable id='main'>
    <h2><data:title/></h2>
    <div class='widget-content' expr:id='data:widget.instanceId + &quot;_feedItemListDisplay&quot;'>
      <span style='filter: alpha(25); opacity: 0.25;'>
        <a expr:href='data:feedUrl'><data:loadingMsg/></a>
      </span>
    </div>
    <b:include name='quickedit'/>
  </b:includable>
  </b:widget>
</b:section>
</div>

<div class='footerBox'>
<b:section class='footersec' id='footersec2' showaddelement='yes'>
  <b:widget id='Feed1' locked='false' title='Blogger Templates' type='Feed'>
    <b:includable id='main'>
    <h2><data:title/></h2>
    <div class='widget-content' expr:id='data:widget.instanceId + &quot;_feedItemListDisplay&quot;'>
      <span style='filter: alpha(25); opacity: 0.25;'>
        <a expr:href='data:feedUrl'><data:loadingMsg/></a>
      </span>
    </div>
    <b:include name='quickedit'/>
  </b:includable>
  </b:widget>
</b:section>
</div>

<div class='footerBox'>
<b:section class='footersec' id='footersec3' showaddelement='yes'>
  <b:widget id='PageList1' locked='false' title='Pages' type='PageList'>
    <b:includable id='main'>
  <b:if cond='data:title'><h2><data:title/></h2></b:if>
  <div class='widget-content'>
    <b:if cond='data:mobile'>
      <select expr:id='data:widget.instanceId + &quot;_select&quot;'>
        <b:loop values='data:links' var='link'>
          <b:if cond='data:link.isCurrentPage'>
            <option expr:value='data:link.href' selected='selected'><data:link.title/></option>
          <b:else/>
            <option expr:value='data:link.href'><data:link.title/></option>
          </b:if>
        </b:loop>
      </select>
      <span class='pagelist-arrow'>&amp;#9660;</span>

    <b:else/>
      <ul>
        <b:loop values='data:links' var='link'>
          <b:if cond='data:link.isCurrentPage'>
            <li class='selected'><a expr:href='data:link.href'><data:link.title/></a></li>
          <b:else/>
            <li><a expr:href='data:link.href'><data:link.title/></a></li>
          </b:if>
        </b:loop>
      </ul>
    </b:if>
    <b:include name='quickedit'/>
  </div>
</b:includable>
  </b:widget>
</b:section>
</div>

</div>

<div id='footerInnerBottom'>
<div id='copy'>Copyright &#169; <script type='text/javascript'>var creditsyear = new Date();document.write(creditsyear.getFullYear());</script> <a expr:href='data:blog.homepageUrl'><data:blog.title/></a></div>
				
<div id='footerMenu'>
<b:section class='nbttopmenu' id='nbttopmenu' showaddelement='no'>
  <b:widget id='LinkList7' locked='true' title='Edit This Footer Menu' type='LinkList'>
    <b:includable id='main'>
 <div class='widget-content'>
   <ul>
     <b:loop values='data:links' var='link'>
       <li><a expr:href='data:link.target'><data:link.name/></a></li>
     </b:loop>
   </ul>
   <b:include name='quickedit'/>
 </div>
</b:includable>
  </b:widget>
</b:section>
</div>

<div id='site5bottom'>
Design by <a href='http://www.s5themes.com/' target='_blank'>Site5 WordPress Themes</a><br/>Blogger Template by <a href='http://www.premiumbloggertemplates.com/' target='_blank' title='Free Blogger Templates'>PremiumBloggerTemplates.com</a> | <a href='http://kneepainissues.com/' target='_blank'>knee pain issues</a> | Distributed By <a href='http://gooyaabitemplates.com/' rel='dofollow' target='_blank'>Gooyaabi Templates</a>
</div>

</div>

</div>
<!-- end footer -->

</div>
<!-- end wrapper -->
</body>
</html>