<?xml version="1.0" encoding="UTF-8" ?>
<!DOCTYPE html>
<html expr:dir='data:blog.languageDirection' lang='en-US' xmlns='http://www.w3.org/1999/xhtml' xmlns:b='http://www.google.com/2005/gml/b' xmlns:data='http://www.google.com/2005/gml/data' xmlns:expr='http://www.google.com/2005/gml/expr'>
<head>
<meta charset='UTF-8'/>
<meta content='width=device-width, initial-scale=1' name='viewport'/>
<b:include data='blog' name='all-head-content'/>
<link href='http://fonts.googleapis.com/css?family=Open+Sans:400,300,700' media='all' rel='stylesheet' type='text/css'/>
<link href='//fonts.googleapis.com/css?family=Merriweather%3A300%2C400%2C700' media='all' rel='stylesheet' type='text/css'/>
<link href='//netdna.bootstrapcdn.com/font-awesome/4.1.0/css/font-awesome.min.css' rel='stylesheet'/>

<b:if cond='data:blog.pageType == &quot;index&quot;'>
<title><data:blog.pageTitle/></title> 
<b:else/>
<b:if cond='data:blog.pageType != &quot;error_page&quot;'>
<title><data:blog.pageName/> ~ <data:blog.title/></title>
<b:else/>
<title>404 ~ Page Not Found!</title>
</b:if>
</b:if>

<!--[if lt IE 9]>
<script src="https://oss.maxcdn.com/libs/html5shiv/3.7.0/html5shiv.js"></script>
<![endif]-->

<b:skin><![CDATA[/*
-----------------------------------------------
Template Name  : Tungsten
Author         : NewBloggerThemes.com
Author URL     : http://newbloggerthemes.com/
Theme URL      : http://newbloggerthemes.com/tungsten-blogger-template/
Created Date   : Monday, June 9, 2014
License        : This template is free for both personal and commercial use, But to satisfy the 'attribution' clause of the license, you are required to keep the footer links intact which provides due credit to its authors.For more information about this license, please use this link :http://creativecommons.org/licenses/by/3.0/
----------------------------------------------- */
body#layout ul{list-style-type:none;list-style:none}
body#layout ul li{list-style-type:none;list-style:none}
body#layout #headerbwrap {height:auto;}
body#layout .rslides {display:none;}
/* Variable definitions
   ====================

*/

/* Use this with templates/template-twocol.html */

.section, .widget {
  margin:0;
  padding:0;
}

/* =Reset
-------------------------------------------------------------- */

html, body, div, span, applet, object, iframe,
h1, h2, h3, h4, h5, h6, p, blockquote, pre,
a, abbr, acronym, address, big, cite, code,
del, dfn, em, font, ins, kbd, q, s, samp,
small, strike, strong, sub, sup, tt, var,
dl, dt, dd, ol, ul, li,
fieldset, form, label, legend,
table, caption, tbody, tfoot, thead, tr, th, td {
	border: 0;
	font-family: inherit;
	font-size: 100%;
	font-style: inherit;
	font-weight: inherit;
	margin: 0;
	outline: 0;
	padding: 0;
	vertical-align: baseline;
}
html {
	font-size: 62.5%; /* Corrects text resizing oddly in IE6/7 when body font-size is set using em units http://clagnut.com/blog/348/#c790 */
	overflow-y: scroll; /* Keeps page centered in all browsers regardless of content height */
	-webkit-text-size-adjust: 100%; /* Prevents iOS text size adjust after orientation change, without disabling user zoom */
	-ms-text-size-adjust:     100%; /* www.456bereastreet.com/archive/201012/controlling_text_size_in_safari_for_ios_without_disabling_user_zoom/ */
}
*,
*:before,
*:after { /* apply a natural box layout model to all elements; see http://www.paulirish.com/2012/box-sizing-border-box-ftw/ */
	-webkit-box-sizing: border-box; /* Not needed for modern webkit but still used by Blackberry Browser 7.0; see http://caniuse.com/#search=box-sizing */
	-moz-box-sizing:    border-box; /* Still needed for Firefox 28; see http://caniuse.com/#search=box-sizing */
	box-sizing:         border-box;
}
body {
	background: url(http://1.bp.blogspot.com/-H4FYbW9FvyM/U5VG4K6T8II/AAAAAAAAKHU/s8PPSVYiYkA/s1600/body-bg.png) #161616;
	-ms-word-wrap: break-word;
	word-wrap: break-word;
}
article,
aside,
details,
figcaption,
figure,
footer,
header,
main,
nav,
section {
	display: block;
}
ol, ul {
	list-style: none;
}
table { /* tables still need 'cellspacing="0"' in the markup */
	border-collapse: separate;
	border-spacing: 0;
}
caption, th, td {
	font-weight: normal;
	text-align: left;
}
blockquote:before, blockquote:after,
q:before, q:after {
	content: "";
}
blockquote, q {
	quotes: "" "";
}
a:focus {
	outline: thin dotted;
}
a:hover,
a:active {
	outline: 0;
}
a img {
	border: 0;
}

/* =Global
----------------------------------------------- */

body,
button,
input,
select,
textarea {
	color: #404040;
	font-family: 'Merriweather', 'Open Sans', sans-serif;
	font-size: 14px;
	font-size: 1.4rem;
	font-weight: 300;
	line-height: 1.6;
}

a, a:visited {
	color: #BC2605;
}
a:hover,
a:focus,
a:active {
	color: #DD4726;
}

/* Headings */
h1, h2, h3, h4, h5, h6 {
	clear: both;
	margin-bottom: 10px;
}

h1 {
    font-size: 2.6em;
}
h2 {
    font-size: 2.2em;
}
h3 {
    font-size: 1.8em;
}
h4 {
    font-size: 1.6em;
}
h5 {
    font-size: 1.4em;
}
h6 {
    font-size: 1.2em;
}

hr {
	background-color: #ccc;
	border: 0;
	height: 1px;
	margin-bottom: 1.5em;
}

/* Text elements */
p {
	margin-bottom: 1.5em;
}
ul, ol {
	margin: 0 0 1.5em 3em;
}
ul {
	list-style: disc;
}
ol {
	list-style: decimal;
}
li > ul,
li > ol {
	margin-bottom: 0;
	margin-left: 1.5em;
}
dt {
	font-weight: bold;
}
dd {
	margin: 0 1.5em 1.5em;
}
b, strong {
	font-weight: bold;
}
dfn, cite, em, i {
	font-style: italic;
}
blockquote {
    background: none repeat scroll 0 0 #F2F2F2;
    margin: 1.5em;
    padding: 20px;
}
blockquote p{
	margin-bottom: 0;
}
address {
	margin: 0 0 1.5em;
}
pre {
	background: #eee;
	font-family: "Courier 10 Pitch", Courier, monospace;
	font-size: 14px;
	font-size: 1.4rem;
	line-height: 1.6;
	margin-bottom: 1.6em;
	max-width: 100%;
	overflow: auto;
	padding: 1.6em;
}
code, kbd, tt, var {
	font: 14px Monaco, Consolas, "Andale Mono", "DejaVu Sans Mono", monospace;
}
abbr, acronym {
	border-bottom: 1px dotted #666;
	cursor: help;
}
mark, ins {
	background: #fff9c0;
	text-decoration: none;
}
sup,
sub {
	font-size: 75%;
	height: 0;
	line-height: 0;
	position: relative;
	vertical-align: baseline;
}
sup {
	bottom: 1ex;
}
sub {
	top: .5ex;
}
small {
	font-size: 75%;
}
big {
	font-size: 125%;
}
figure {
	margin: 0;
}
table {
	margin: 0 0 1.5em;
	width: 100%;
}
th {
	font-weight: bold;
	background:#DD4726;
	color:#FFF;
	padding:10px;
	border-bottom: 1px solid #EEEEEE;
}
td{
	padding:10px;
}
tr.even{
	background: #f1f1f1;
}
img {
	height: auto; /* Make sure images are scaled correctly. */
	max-width: 100%; /* Adhere to container width. */
}
button,
input,
select,
textarea {
	font-size: 100%; /* Corrects font size not being inherited in all browsers */
	margin: 0; /* Addresses margins set differently in IE6/7, F3/4, S5, Chrome */
	vertical-align: baseline; /* Improves appearance and consistency in all browsers */
	*vertical-align: middle; /* Improves appearance and consistency in all browsers */
}
button,
input[type="button"],
input[type="reset"],
input[type="submit"] {
	border: 1px solid #ccc;
	border-color: #ccc #ccc #bbb #ccc;
	border-radius: 3px;
	background: #e6e6e6;
	box-shadow: inset 0 1px 0 rgba(255, 255, 255, 0.5), inset 0 15px 17px rgba(255, 255, 255, 0.5), inset 0 -5px 12px rgba(0, 0, 0, 0.05);
	color: rgba(0, 0, 0, .8);
	cursor: pointer; /* Improves usability and consistency of cursor style between image-type 'input' and others */
	-webkit-appearance: button; /* Corrects inability to style clickable 'input' types in iOS */
	font-size: 12px;
	font-size: 1.2rem;
	line-height: 1;
	padding: .6em 1em .4em;
	text-shadow: 0 1px 0 rgba(255, 255, 255, 0.8);
}
button:hover,
input[type="button"]:hover,
input[type="reset"]:hover,
input[type="submit"]:hover {
	border-color: #ccc #bbb #aaa #bbb;
	box-shadow: inset 0 1px 0 rgba(255, 255, 255, 0.8), inset 0 15px 17px rgba(255, 255, 255, 0.8), inset 0 -5px 12px rgba(0, 0, 0, 0.02);
}
button:focus,
input[type="button"]:focus,
input[type="reset"]:focus,
input[type="submit"]:focus,
button:active,
input[type="button"]:active,
input[type="reset"]:active,
input[type="submit"]:active {
	border-color: #aaa #bbb #bbb #bbb;
	box-shadow: inset 0 -1px 0 rgba(255, 255, 255, 0.5), inset 0 2px 5px rgba(0, 0, 0, 0.15);
}
input[type="checkbox"],
input[type="radio"] {
	padding: 0; /* Addresses excess padding in IE8/9 */
}
input[type="search"] {
	-webkit-appearance: textfield; /* Addresses appearance set to searchfield in S5, Chrome */
	-webkit-box-sizing: content-box; /* Addresses box sizing set to border-box in S5, Chrome (include -moz to future-proof) */
	-moz-box-sizing:    content-box;
	box-sizing:         content-box;
}
input[type="search"]::-webkit-search-decoration { /* Corrects inner padding displayed oddly in S5, Chrome on OSX */
	-webkit-appearance: none;
}
button::-moz-focus-inner,
input::-moz-focus-inner { /* Corrects inner padding and border displayed oddly in FF3/4 www.sitepen.com/blog/2008/05/14/the-devils-in-the-details-fixing-dojos-toolbar-buttons/ */
	border: 0;
	padding: 0;
}
input[type="text"],
input[type="email"],
input[type="url"],
input[type="password"],
input[type="search"],
textarea {
	color: #666;
	border: 1px solid #ccc;
	border-radius: 3px;
}
input[type="text"]:focus,
input[type="email"]:focus,
input[type="url"]:focus,
input[type="password"]:focus,
input[type="search"]:focus,
textarea:focus {
	color: #111;
}
input[type="text"],
input[type="email"],
input[type="url"],
input[type="password"],
input[type="search"] {
	padding: 3px;
}
textarea {
	overflow: auto; /* Removes default vertical scrollbar in IE6/7/8/9 */
	padding-left: 3px;
	vertical-align: top; /* Improves readability and alignment in all browsers */
	width: 98%;
}

/* Alignment */
.alignleft {
	display: inline;
	float: left;
	margin-right: 1.5em;
}
.alignright {
	display: inline;
	float: right;
	margin-left: 1.5em;
}
.aligncenter {
	clear: both;
	display: block;
	margin: 0 auto;
}

/* Text meant only for screen readers */
.screen-reader-text {
	clip: rect(1px, 1px, 1px, 1px);
	position: absolute !important;
}

.screen-reader-text:hover,
.screen-reader-text:active,
.screen-reader-text:focus {
	background-color: #f1f1f1;
	border-radius: 3px;
	box-shadow: 0 0 2px 2px rgba(0, 0, 0, 0.6);
	clip: auto !important;
	color: #21759b;
	display: block;
	font-size: 14px;
	font-weight: bold;
	height: auto;
	left: 5px;
	line-height: normal;
	padding: 15px 23px 14px;
	text-decoration: none;
	top: 5px;
	width: auto;
	z-index: 100000; /* Above WP toolbar */
}

/* Clearing */
.clear:before,
.clear:after,
.entry-content:before,
.entry-content:after,
.comment-content:before,
.comment-content:after,
.site-headernbt:before,
.site-headernbt:after,
.site-contentnbt:before,
.site-contentnbt:after,
.site-footernbt:before,
.site-footernbt:after {
	content: '';
	display: table;
}

.clear:after,
.entry-content:after,
.comment-content:after,
.site-headernbt:after,
.site-contentnbt:after,
.site-footernbt:after {
	clear: both;
}

/* =Grid
----------------------------------------------- */

@media only screen and (min-width:768px){
.onecol{width:5.801104972%;}
.twocol{width:14.364640883%;}
.threecol{width:22.928176794%;}
.fourcol{width:31.491712705%;}
.fivecol{width:40.055248616%;}
.sixcol{width:48.618784527%;}
.sevencol{width:57.182320438000005%;}
.eightcol{width:65.74585634900001%;}
.ninecol{width:74.30939226%;}
.tencol{width:82.87292817100001%;}
.elevencol{width:91.436464082%;}
.twelvecol{width:99.999999993%;}
.onecol,.twocol,.threecol,.fourcol,.fivecol,.sixcol,.sevencol,.eightcol,.ninecol,.tencol,.elevencol,.twelvecol{position:relative;float:left;margin-left:2.762430939%;} 
.first{margin-left:0;}
.last{float:right;}
}
.clearfixnbt{zoom:1;}.clearfixnbt:before,.clearfixnbt:after{content:"";display:table;}
.clearfixnbt:after{clear:both;}

/* =Header
----------------------------------------------- */
.site-brandingnbt {
    padding: 20px 0 25px;
}
.site-brandingnbt img#logo {
    max-width: 300px;
}

h1.site-title {
    font-size: 40px;
    font-weight: bold;
    margin-bottom: 0;
    letter-spacing: -1px;
}

h1.site-title > a,
h1.site-title > a:hover,
h1.site-title > a:focus,
h1.site-title > a:active,
h1.site-title > a:visited {
    color: #fff;
    text-shadow:2px 2px #000;
    text-decoration: none;
}

h2.site-description {
    color: #ddd;
    text-shadow:2px 2px #000;
    font-size: 16px;
    margin-bottom: 0;
}

/* =Social Icons
----------------------------------------------------------*/

.social_wrapnbt{left:0;position:fixed;bottom:40px;display:none;}
.socialnbt ul{margin:0;padding:0;}
.socialnbt ul li{list-style-type:none;margin-left: 6px;}
.socialnbt ul li a{display:block;text-decoration:none;font-size:32px;line-height:1;}
.socialnbt ul li a{color:#943D2E;}
.socialnbt ul li.soc_fb a{color:#4862A3;}
.socialnbt ul li.soc_tw a{color:#00ACEE;}
.socialnbt ul li.soc_plus a{color:#DD4B39;}
.socialnbt ul li.soc_pinterest a{color:#d51220;}
.socialnbt ul li.soc_linkedin a{color:#0274b3;}
.socialnbt ul li.soc_rss a{color:#E58000;}

/* =Layout
----------------------------------------------- */

@media screen and (min-width: 700px) {
	.content-areanbt {
		float: left;
		margin: 0 -30% 0 0;
		width: 100%;
	}
	.site-mainnbt {
		margin: 0 30% 0 0;
	}
	.site-contentnbt .widget-areanbt {
		float: right;
		overflow: hidden;
		width: 30%;
	}
	.site-footernbt {
		clear: both;
		width: 100%;
	}


	.sidebar-content-layout .content-areanbt {
		float: right;
		margin: 0 0 0 -25%;
		width: 100%;
	}
	.sidebar-content-layout .site-mainnbt {
		margin: 0 0 0 25%;
	}
	.sidebar-content-layout .site-contentnbt .widget-areanbt {
		float: left;
		overflow: hidden;
		width: 25%;
	}
	.sidebar-content-layout .site-footernbt {
		clear: both;
		width: 100%;
	}

	.social_wrapnbt{
		display: block;
	}
}

/* =Color Schemes
----------------------------------------------- */

.main-navigationnbt,
.site-footernbt {
	background: url(http://2.bp.blogspot.com/-NT1PGsWqPiw/U5VG4HYyw2I/AAAAAAAAKHY/fpcHLl7ApmQ/s1600/bg.png) #DD4726;
}
.main-navigationnbt ul ul a {
	border-bottom: 1px solid #DA4423;
}
.main-navigationnbt {
	box-shadow: 0 -2px 2px #C42E0D inset;
}
.main-navigationnbt .current_page_item a,
.main-navigationnbt .current-menu-item a{
	box-shadow: 1px 0 #C42E0D;
}
.main-navigationnbt .current_page_item a,
.main-navigationnbt ul li:hover a,
.main-navigationnbt .current-menu-item a{
	background: #F86241;
}
#contentnbt {
    border-top: 6px solid #F86241;
}
.main-navigationnbt a,
.site-footernbt {
    text-shadow: 1px 1px #CD3717;
}
h1.entry-title > a,
h1.entry-title > a:visited {
    color: #1B1B1B;
    text-decoration: none;
}
h1.entry-title > a:hover {
	color: #DD4726;
}
.rslides .caption {
    background: #DD4726;
    z-index: 9999;
}

/*----------------------------------*/
.blue-skin a,
.blue-skin a:visited {
	color: #4862A3;
}
.blue-skin a:hover,
.blue-skin a:focus,
.blue-skin a:active {
	color: #5E78B9;
}
.blue-skin h1.entry-title > a:hover {
	color: #4862A3;
}
.blue-skin .main-navigationnbt,
.blue-skin .site-footernbt {
	background: url(http://2.bp.blogspot.com/-NT1PGsWqPiw/U5VG4HYyw2I/AAAAAAAAKHY/fpcHLl7ApmQ/s1600/bg.png) #4862A3;
}
.blue-skin .main-navigationnbt ul ul a {
	border-bottom: 1px solid #3A5495;
}
.blue-skin .main-navigationnbt {
	box-shadow: 0 -2px 2px #233D7E inset;
}
.blue-skin .main-navigationnbt .current_page_item a,
.blue-skin .main-navigationnbt .current-menu-item a{
	box-shadow: 1px 0 #233D7E;
}
.blue-skin .main-navigationnbt .current_page_item a,
.blue-skin .main-navigationnbt ul li:hover a,
.blue-skin .main-navigationnbt .current-menu-item a{
	background: #5D77B8;
}
.blue-skin #contentnbt {
    border-top: 6px solid #5D77B8;
}
.blue-skin .main-navigationnbt a,
.blue-skin .site-footernbt {
    text-shadow: 1px 1px #233D7E;
}
.blue-skin .rslides .caption {
    background: #4862A3;
}
.blue-skin th {
	background: #4862A3;
}

/* =Menu
----------------------------------------------- */

.main-navigationnbt {
	clear: both;
	display: block;
	float: left;
	width: 100%;
}
.main-navigationnbt ul {
	list-style: none;
	margin: 0;
	padding-left: 0;
}
.main-navigationnbt li {
	float: left;
	position: relative;
}

.main-navigationnbt a,
.main-navigationnbt a:visited, 
.main-navigationnbt a:hover,
.main-navigationnbt a:focus,
.main-navigationnbt a:active{
	display: block;
	text-decoration: none;
    color: #FFFFFF;
    padding: 10px;
}
.main-navigationnbt a,
.main-navigationnbt ul ul,
.main-navigationnbt ul ul ul {
	transition: all 0.1s ease-in-out 0s;
}
.main-navigationnbt > ul li:first-child a {
    margin-left: 0;
}

.main-navigationnbt ul ul {
	box-shadow: 0 3px 3px rgba(0, 0, 0, 0.5);
	display: none;
	float: left;
	left: 0;
	position: absolute;
	top: 100%;
	z-index: 99999;
}
.main-navigationnbt ul ul ul {
	left: 100%;
	top: 0;
}
.main-navigationnbt ul ul a {
    width: 200px;
    box-shadow: none !important;
}
.main-navigationnbt li:hover > a {
}
.main-navigationnbt ul ul :hover > a {
}
.main-navigationnbt ul ul a:hover {
}
.main-navigationnbt ul li:hover > ul {
	display: block;
}
.main-navigationnbt .current_page_item a,
.main-navigationnbt .current-menu-item a {
}

/* Small menu */
.menu-togglenbt {
	cursor: pointer;
	display: none;
    color: #FFFFFF;
    font-size: 25px;
    font-weight: 300;
    text-align: center;
    text-decoration: underline;
}

@media screen and (max-width: 600px) {
	.menu-togglenbt,
	.main-navigationnbt.toggled .nav-menu {
		display: block;
	}

	.main-navigationnbt ul {
		display: none;
	}
}

/* =Content
----------------------------------------------- */

#pagenbt {
    margin: 0 auto 20px;
    max-width: 1200px;
    padding: 0 40px;
}
#contentnbt {
    background: #FFFFFF;
    display: block;
}
.clear{
	clear:both;
}
#mainnbt{
    padding: 20px;
    font-size: 15px;
    font-weight: 400;
}
.entry-title {
    font-size: 25px;
    font-weight: bold;
}
.entry-metanbt,
.entry-metanbt a,
.entry-metanbt a:hover,
.entry-metanbt a:focus,
.entry-metanbt a:visited,
.entry-metanbt a:active {
    color: #9C9C9C;
    font-size: 14px;
	text-decoration: none;
}
footer.entry-metanbt {
  margin: 0;
}
.readmorenbt {
  text-decoration: none;
}
.entry-thumbnail,
.entry-text{
	display: block;
}
.entry-thumbnail{
	width:23%;
	float:left;
	text-align: center;
}
.entry-text{
	width:75%;
	float:right;
}
.entry-summary {
    margin: 0.8em 0 0;
}
.entry-summary > p {
    margin-bottom: 0;
}
.hentry {
    border-bottom: 1px solid #E7E7E7;
    margin: 0 0 20px;
    padding-bottom: 20px;
}
.byline,
.updated {
}
.single .byline,
.group-blog .byline {
}
.page-content,
.entry-content {
	margin: 1em 0 1em;
}

/* =Asides
----------------------------------------------- */

.blog .format-aside .entry-title,
.archive .format-aside .entry-title {
}

/* =Footer
----------------------------------------------- */

.site-infonbt {
    color: #FFFFFF;
    padding: 20px 40px;
	text-align: center;
}

.site-footernbt a,
.site-footernbt a:active,
.site-footernbt a:focus,
.site-footernbt a:hover,
.site-footernbt a:visited{
	color: #FFFFFF;
}

.creditsnbt {
    float: none;
}
.copyright-textnbt{
	float: none;
}

/* Make sure embeds and iframes fit their containers */
embed,
iframe,
object {
	max-width: 100%;
}

/* =Widgets
----------------------------------------------- */

.site-contentnbt .widget-areanbt {
	padding-top: 20px;
    background: #F6F6F6;
    -webkit-border-radius: 0 0 0 30px;
    -moz-border-radius: 0 0 0 30px;
    border-radius: 0 0 0 30px;
    margin-bottom: 20px;
    color: #888888;
}

.sidebar-content-layout .site-contentnbt .widget-areanbt {
	border-radius: 0 0 30px 0;
}

.widget-areanbt .widget-title{
	font-size: 20px;
	margin-bottom: 12px;
	color: #404040;
}

.widget-areanbt .widget h2{
	font-size: 20px;
	margin-bottom: 12px;
	color: #404040;
	font-weight: bold;
}

.widget-areanbt .widget h3{
	font-size: 20px;
	margin-bottom: 12px;
	color: #404040;
}

.widget-areanbt ul{
	margin: 0;
	list-style: none;
	list-style-type: none;
}

.widget-areanbt a,
.widget-areanbt a:hover,
.widget-areanbt a:active,
.widget-areanbt a:focus,
.widget-areanbt a:visited {
    border-bottom: 0px dotted;
    color: #888888;
    text-decoration: none;
}

.widget-areanbt .widget {
	border-bottom: 1px solid #DADADA;
    box-shadow: 0 1px #FFFFFF;
    margin: 0 15px 15px;
    padding-bottom: 15px;
}

.widget-areanbt .widget ul li:last-child {
    margin-bottom:0;
}

/* Make sure select elements fit in widgets */
.widget select {
	max-width: 100%;
}

/* Search widget */
.widget_search .search-submit {
	display: none;
}

.widget-areanbt li {
    margin-bottom: 8px;
}

/* =rSlides
----------------------------------------------------------*/

.rslides {
  position: relative;
  list-style: none;
  overflow: hidden;
  width: 100%;
  padding: 0;
  margin: 0;
  }

.rslides li {
  -webkit-backface-visibility: hidden;
  position: absolute;
  display: none;
  width: 100%;
  left: 0;
  top: 0;
  }

.rslides li:first-child {
  position: relative;
  display: block;
  float: left;
  }

.rslides img {
  display: block;
  height: auto;
  float: left;
  width: 100%;
  border: 0;
  }

.rslides .caption {
    bottom: 0;
    color: #FFFFFF;
    padding: 3px 20px;
    position: absolute;
}

h2.date-header {
  margin: 10px 0px;
  display: none;
}

.main .widget {
  margin: 0 0 5px;
  padding: 0 0 2px;
}

.main .Blog {
  border-bottom-width: 0;
}

#header .description {
  color:#ffffff;
  font-size:14px;
  text-shadow:0px 1px 0px #000000;
}

/* Comments----------------------------------------------- */
#comments {
	padding:10px;
	margin-bottom:20px;
}

#comments h4 {
    font-size:22px;
    margin-bottom:10px;
}

.deleted-comment {
  font-style: italic;
  color: gray;
}

#blog-pager-newer-link {
  float: left;
}

#blog-pager-older-link {
  float: right;
}

#blog-pager {
  text-align: center;
  padding:5px;
  margin: 1em 0;
}

.feed-links {
  clear: both;
}

.comment-form {
}

#navbar-iframe {
  height: 0;
  visibility: hidden;
  display: none;
}

.separator a[style="margin-left: 1em; margin-right: 1em;"] {margin-left: auto!important;margin-right: auto!important;}

.PopularPosts .widget-content ul li {
  padding:6px 0px;
}

.reaction-buttons table{
  border:none;
  margin-bottom:5px;
}

.reaction-buttons table, .reaction-buttons td{
  border:none !important;
}

.PopularPosts .item-title {
  font-weight: bold;
  padding-bottom: 0.2em;
}

.pbtthumbimg {
  float:left;
  margin:0px 10px 5px 0px;
  padding:0px;
  border:0px solid #eee;
  background:#fff;
  width:200px;
  height:auto;
}

]]></b:skin>

<!--[if lt IE 9]>
<style type='text/css'>
.content-areanbt {
	float: left;
	margin: 0 -30% 0 0;
	width: 100%;
}
.site-mainnbt {
	margin: 0 30% 0 0;
}
.site-contentnbt .widget-areanbt {
	float: right;
	overflow: hidden;
	width: 30%;
}
.site-footernbt {
	clear: both;
	width: 100%;
}

.sidebar-content-layout .content-areanbt {
	float: right;
	margin: 0 0 0 -25%;
	width: 100%;
}
.sidebar-content-layout .site-mainnbt {
	margin: 0 0 0 25%;
}
.sidebar-content-layout .site-contentnbt .widget-areanbt {
	float: left;
	overflow: hidden;
	width: 25%;
}
.sidebar-content-layout .site-footernbt {
	clear: both;
	width: 100%;
}
#pagenbt{
	min-width:700px !important;
}
.screen-reader-text {
	display: none !important;
}
.social_wrapnbt{display:block;}
</style>
<![endif]-->

<script src='https://ajax.googleapis.com/ajax/libs/jquery/1.11.0/jquery.min.js' type='text/javascript'/>

<script type='text/javascript'>
//<![CDATA[

/*! jQuery Migrate v1.2.1 | (c) 2005, 2013 jQuery Foundation, Inc. and other contributors | jquery.org/license */
jQuery.migrateMute===void 0&&(jQuery.migrateMute=!0),function(e,t,n){function r(n){var r=t.console;i[n]||(i[n]=!0,e.migrateWarnings.push(n),r&&r.warn&&!e.migrateMute&&(r.warn("JQMIGRATE: "+n),e.migrateTrace&&r.trace&&r.trace()))}function a(t,a,i,o){if(Object.defineProperty)try{return Object.defineProperty(t,a,{configurable:!0,enumerable:!0,get:function(){return r(o),i},set:function(e){r(o),i=e}}),n}catch(s){}e._definePropertyBroken=!0,t[a]=i}var i={};e.migrateWarnings=[],!e.migrateMute&&t.console&&t.console.log&&t.console.log("JQMIGRATE: Logging is active"),e.migrateTrace===n&&(e.migrateTrace=!0),e.migrateReset=function(){i={},e.migrateWarnings.length=0},"BackCompat"===document.compatMode&&r("jQuery is not compatible with Quirks Mode");var o=e("<input/>",{size:1}).attr("size")&&e.attrFn,s=e.attr,u=e.attrHooks.value&&e.attrHooks.value.get||function(){return null},c=e.attrHooks.value&&e.attrHooks.value.set||function(){return n},l=/^(?:input|button)$/i,d=/^[238]$/,p=/^(?:autofocus|autoplay|async|checked|controls|defer|disabled|hidden|loop|multiple|open|readonly|required|scoped|selected)$/i,f=/^(?:checked|selected)$/i;a(e,"attrFn",o||{},"jQuery.attrFn is deprecated"),e.attr=function(t,a,i,u){var c=a.toLowerCase(),g=t&&t.nodeType;return u&&(4>s.length&&r("jQuery.fn.attr( props, pass ) is deprecated"),t&&!d.test(g)&&(o?a in o:e.isFunction(e.fn[a])))?e(t)[a](i):("type"===a&&i!==n&&l.test(t.nodeName)&&t.parentNode&&r("Can't change the 'type' of an input or button in IE 6/7/8"),!e.attrHooks[c]&&p.test(c)&&(e.attrHooks[c]={get:function(t,r){var a,i=e.prop(t,r);return i===!0||"boolean"!=typeof i&&(a=t.getAttributeNode(r))&&a.nodeValue!==!1?r.toLowerCase():n},set:function(t,n,r){var a;return n===!1?e.removeAttr(t,r):(a=e.propFix[r]||r,a in t&&(t[a]=!0),t.setAttribute(r,r.toLowerCase())),r}},f.test(c)&&r("jQuery.fn.attr('"+c+"') may use property instead of attribute")),s.call(e,t,a,i))},e.attrHooks.value={get:function(e,t){var n=(e.nodeName||"").toLowerCase();return"button"===n?u.apply(this,arguments):("input"!==n&&"option"!==n&&r("jQuery.fn.attr('value') no longer gets properties"),t in e?e.value:null)},set:function(e,t){var a=(e.nodeName||"").toLowerCase();return"button"===a?c.apply(this,arguments):("input"!==a&&"option"!==a&&r("jQuery.fn.attr('value', val) no longer sets properties"),e.value=t,n)}};var g,h,v=e.fn.init,m=e.parseJSON,y=/^([^<]*)(<[\w\W]+>)([^>]*)$/;e.fn.init=function(t,n,a){var i;return t&&"string"==typeof t&&!e.isPlainObject(n)&&(i=y.exec(e.trim(t)))&&i[0]&&("<"!==t.charAt(0)&&r("$(html) HTML strings must start with '<' character"),i[3]&&r("$(html) HTML text after last tag is ignored"),"#"===i[0].charAt(0)&&(r("HTML string cannot start with a '#' character"),e.error("JQMIGRATE: Invalid selector string (XSS)")),n&&n.context&&(n=n.context),e.parseHTML)?v.call(this,e.parseHTML(i[2],n,!0),n,a):v.apply(this,arguments)},e.fn.init.prototype=e.fn,e.parseJSON=function(e){return e||null===e?m.apply(this,arguments):(r("jQuery.parseJSON requires a valid JSON string"),null)},e.uaMatch=function(e){e=e.toLowerCase();var t=/(chrome)[ \/]([\w.]+)/.exec(e)||/(webkit)[ \/]([\w.]+)/.exec(e)||/(opera)(?:.*version|)[ \/]([\w.]+)/.exec(e)||/(msie) ([\w.]+)/.exec(e)||0>e.indexOf("compatible")&&/(mozilla)(?:.*? rv:([\w.]+)|)/.exec(e)||[];return{browser:t[1]||"",version:t[2]||"0"}},e.browser||(g=e.uaMatch(navigator.userAgent),h={},g.browser&&(h[g.browser]=!0,h.version=g.version),h.chrome?h.webkit=!0:h.webkit&&(h.safari=!0),e.browser=h),a(e,"browser",e.browser,"jQuery.browser is deprecated"),e.sub=function(){function t(e,n){return new t.fn.init(e,n)}e.extend(!0,t,this),t.superclass=this,t.fn=t.prototype=this(),t.fn.constructor=t,t.sub=this.sub,t.fn.init=function(r,a){return a&&a instanceof e&&!(a instanceof t)&&(a=t(a)),e.fn.init.call(this,r,a,n)},t.fn.init.prototype=t.fn;var n=t(document);return r("jQuery.sub() is deprecated"),t},e.ajaxSetup({converters:{"text json":e.parseJSON}});var b=e.fn.data;e.fn.data=function(t){var a,i,o=this[0];return!o||"events"!==t||1!==arguments.length||(a=e.data(o,t),i=e._data(o,t),a!==n&&a!==i||i===n)?b.apply(this,arguments):(r("Use of jQuery.fn.data('events') is deprecated"),i)};var j=/\/(java|ecma)script/i,w=e.fn.andSelf||e.fn.addBack;e.fn.andSelf=function(){return r("jQuery.fn.andSelf() replaced by jQuery.fn.addBack()"),w.apply(this,arguments)},e.clean||(e.clean=function(t,a,i,o){a=a||document,a=!a.nodeType&&a[0]||a,a=a.ownerDocument||a,r("jQuery.clean() is deprecated");var s,u,c,l,d=[];if(e.merge(d,e.buildFragment(t,a).childNodes),i)for(c=function(e){return!e.type||j.test(e.type)?o?o.push(e.parentNode?e.parentNode.removeChild(e):e):i.appendChild(e):n},s=0;null!=(u=d[s]);s++)e.nodeName(u,"script")&&c(u)||(i.appendChild(u),u.getElementsByTagName!==n&&(l=e.grep(e.merge([],u.getElementsByTagName("script")),c),d.splice.apply(d,[s+1,0].concat(l)),s+=l.length));return d});var Q=e.event.add,x=e.event.remove,k=e.event.trigger,N=e.fn.toggle,T=e.fn.live,M=e.fn.die,S="ajaxStart|ajaxStop|ajaxSend|ajaxComplete|ajaxError|ajaxSuccess",C=RegExp("\\b(?:"+S+")\\b"),H=/(?:^|\s)hover(\.\S+|)\b/,A=function(t){return"string"!=typeof t||e.event.special.hover?t:(H.test(t)&&r("'hover' pseudo-event is deprecated, use 'mouseenter mouseleave'"),t&&t.replace(H,"mouseenter$1 mouseleave$1"))};e.event.props&&"attrChange"!==e.event.props[0]&&e.event.props.unshift("attrChange","attrName","relatedNode","srcElement"),e.event.dispatch&&a(e.event,"handle",e.event.dispatch,"jQuery.event.handle is undocumented and deprecated"),e.event.add=function(e,t,n,a,i){e!==document&&C.test(t)&&r("AJAX events should be attached to document: "+t),Q.call(this,e,A(t||""),n,a,i)},e.event.remove=function(e,t,n,r,a){x.call(this,e,A(t)||"",n,r,a)},e.fn.error=function(){var e=Array.prototype.slice.call(arguments,0);return r("jQuery.fn.error() is deprecated"),e.splice(0,0,"error"),arguments.length?this.bind.apply(this,e):(this.triggerHandler.apply(this,e),this)},e.fn.toggle=function(t,n){if(!e.isFunction(t)||!e.isFunction(n))return N.apply(this,arguments);r("jQuery.fn.toggle(handler, handler...) is deprecated");var a=arguments,i=t.guid||e.guid++,o=0,s=function(n){var r=(e._data(this,"lastToggle"+t.guid)||0)%o;return e._data(this,"lastToggle"+t.guid,r+1),n.preventDefault(),a[r].apply(this,arguments)||!1};for(s.guid=i;a.length>o;)a[o++].guid=i;return this.click(s)},e.fn.live=function(t,n,a){return r("jQuery.fn.live() is deprecated"),T?T.apply(this,arguments):(e(this.context).on(t,this.selector,n,a),this)},e.fn.die=function(t,n){return r("jQuery.fn.die() is deprecated"),M?M.apply(this,arguments):(e(this.context).off(t,this.selector||"**",n),this)},e.event.trigger=function(e,t,n,a){return n||C.test(e)||r("Global events are undocumented and deprecated"),k.call(this,e,t,n||document,a)},e.each(S.split("|"),function(t,n){e.event.special[n]={setup:function(){var t=this;return t!==document&&(e.event.add(document,n+"."+e.guid,function(){e.event.trigger(n,null,t,!0)}),e._data(this,n,e.guid++)),!1},teardown:function(){return this!==document&&e.event.remove(document,n+"."+e._data(this,n)),!1}}})}(jQuery,window);

//]]>
</script>

<script type='text/javascript'>
//<![CDATA[

function showrecentcomments(json){for(var i=0;i<a_rc;i++){var b_rc=json.feed.entry[i];var c_rc;if(i==json.feed.entry.length)break;for(var k=0;k<b_rc.link.length;k++){if(b_rc.link[k].rel=='alternate'){c_rc=b_rc.link[k].href;break;}}c_rc=c_rc.replace("#","#comment-");var d_rc=c_rc.split("#");d_rc=d_rc[0];var e_rc=d_rc.split("/");e_rc=e_rc[5];e_rc=e_rc.split(".html");e_rc=e_rc[0];var f_rc=e_rc.replace(/-/g," ");f_rc=f_rc.link(d_rc);var g_rc=b_rc.published.$t;var h_rc=g_rc.substring(0,4);var i_rc=g_rc.substring(5,7);var j_rc=g_rc.substring(8,10);var k_rc=new Array();k_rc[1]="Jan";k_rc[2]="Feb";k_rc[3]="Mar";k_rc[4]="Apr";k_rc[5]="May";k_rc[6]="Jun";k_rc[7]="Jul";k_rc[8]="Aug";k_rc[9]="Sep";k_rc[10]="Oct";k_rc[11]="Nov";k_rc[12]="Dec";if("content" in b_rc){var l_rc=b_rc.content.$t;}else if("summary" in b_rc){var l_rc=b_rc.summary.$t;}else var l_rc="";var re=/<\S[^>]*>/g;l_rc=l_rc.replace(re,"");if(m_rc==true)document.write('On '+k_rc[parseInt(i_rc,10)]+' '+j_rc+' ');document.write('<a href="'+c_rc+'">'+b_rc.author[0].name.$t+'</a> commented');if(n_rc==true)document.write(' on '+f_rc);document.write(': ');if(l_rc.length<o_rc){document.write('<i>&#8220;');document.write(l_rc);document.write('&#8221;</i><br/><br/>');}else{document.write('<i>&#8220;');l_rc=l_rc.substring(0,o_rc);var p_rc=l_rc.lastIndexOf(" ");l_rc=l_rc.substring(0,p_rc);document.write(l_rc+'&hellip;&#8221;</i>');document.write('<br/><br/>');}}}

function rp(json){document.write('<ul>');for(var i=0;i<numposts;i++){document.write('<li>');var entry=json.feed.entry[i];var posttitle=entry.title.$t;var posturl;if(i==json.feed.entry.length)break;for(var k=0;k<entry.link.length;k++){if(entry.link[k].rel=='alternate'){posturl=entry.link[k].href;break}}posttitle=posttitle.link(posturl);var readmorelink="(more)";readmorelink=readmorelink.link(posturl);var postdate=entry.published.$t;var cdyear=postdate.substring(0,4);var cdmonth=postdate.substring(5,7);var cdday=postdate.substring(8,10);var monthnames=new Array();monthnames[1]="Jan";monthnames[2]="Feb";monthnames[3]="Mar";monthnames[4]="Apr";monthnames[5]="May";monthnames[6]="Jun";monthnames[7]="Jul";monthnames[8]="Aug";monthnames[9]="Sep";monthnames[10]="Oct";monthnames[11]="Nov";monthnames[12]="Dec";if("content"in entry){var postcontent=entry.content.$t}else if("summary"in entry){var postcontent=entry.summary.$t}else var postcontent="";var re=/<\S[^>]*>/g;postcontent=postcontent.replace(re,"");document.write(posttitle);if(showpostdate==true)document.write(' - '+monthnames[parseInt(cdmonth,10)]+' '+cdday);if(showpostsummary==true){if(postcontent.length<numchars){document.write(postcontent)}else{postcontent=postcontent.substring(0,numchars);var quoteEnd=postcontent.lastIndexOf(" ");postcontent=postcontent.substring(0,quoteEnd);document.write(postcontent+'...'+readmorelink)}}document.write('</li>')}document.write('</ul>')}

//]]>
</script>

<script type='text/javascript'>
summary_noimg = 400;
summary_img = 300;
img_thumb_height = 150;
img_thumb_width = 200; 
</script>
<script type='text/javascript'>
//<![CDATA[

function removeHtmlTag(strx,chop){ 
	if(strx.indexOf("<")!=-1)
	{
		var s = strx.split("<"); 
		for(var i=0;i<s.length;i++){ 
			if(s[i].indexOf(">")!=-1){ 
				s[i] = s[i].substring(s[i].indexOf(">")+1,s[i].length); 
			} 
		} 
		strx =  s.join(""); 
	}
	chop = (chop < strx.length-1) ? chop : strx.length-2; 
	while(strx.charAt(chop-1)!=' ' && strx.indexOf(' ',chop)!=-1) chop++; 
	strx = strx.substring(0,chop-1); 
	return strx+'...'; 
}

function createSummaryAndThumb(pID){
	var div = document.getElementById(pID);
	var imgtag = "";
	var img = div.getElementsByTagName("img");
	var summ = summary_noimg;
	if(img.length>=1) {	
		imgtag = '<img src="'+img[0].src+'" class="pbtthumbimg"/>';
		summ = summary_img;
	}
	
	var summary = imgtag + '<div style="text-align:justify;">' + removeHtmlTag(div.innerHTML,summ) + '</div>';
	div.innerHTML = summary;
}

//]]>
</script>

</head>

<body>

<div class='social_wrapnbt'>
<div class='socialnbt'>
<ul>
   <li class='soc_fb'><a href='#' rel='nofollow' target='_blank' title='Facebook'><i class='fa fa-facebook-square'/></a></li>
   <li class='soc_tw'><a href='#' rel='nofollow' target='_blank' title='Twitter'><i class='fa fa-twitter-square'/></a></li>
   <li class='soc_plus'><a href='#' rel='nofollow' target='_blank' title='Google Plus'><i class='fa fa-google-plus-square'/></a></li>
   <li class='soc_pinterest'><a href='#' rel='nofollow' target='_blank' title='Pinterest'><i class='fa fa-pinterest-square'/></a></li>
   <li class='soc_linkedin'><a href='#' rel='nofollow' target='_blank' title='LinkedIn'><i class='fa fa-linkedin-square'/></a></li>
   <li class='soc_rss'><a href='#' rel='nofollow' target='_blank' title='RSS'><i class='fa fa-rss-square'/></a></li>
</ul>
</div>
</div>

<div id='pagenbt'>

<header class='site-headernbt' id='mastheadnbt' role='banner'>

<div class='site-brandingnbt'>
<b:section class='headersec' id='headersec' maxwidgets='1' showaddelement='no'>
  <b:widget id='Header1' locked='true' title='Tungsten (Header)' type='Header'>
    <b:includable id='main'>
  <b:if cond='data:useImage'>
    <b:if cond='data:imagePlacement == &quot;REPLACE&quot;'>
      <!--Show just the image, no text-->
      <div id='header-inner'>
        <a expr:href='data:blog.homepageUrl' style='display: block'>
          <img expr:alt='data:title' expr:height='data:height' expr:id='data:widget.instanceId + &quot;_headerimg&quot;' expr:src='data:sourceUrl' expr:width='data:width' style='display: block;padding-left:0px;padding-top:0px;'/>
        </a>
      </div>
    <b:else/>
      <!--
      Show image as background to text. You can't really calculate the width
      reliably in JS because margins are not taken into account by any of
      clientWidth, offsetWidth or scrollWidth, so we don't force a minimum
      width if the user is using shrink to fit.
      This results in a margin-width's worth of pixels being cropped. If the
      user is not using shrink to fit then we expand the header.
      -->
      <div expr:style='&quot;background-image: url(\&quot;&quot; + data:sourceUrl + &quot;\&quot;); &quot;                      + &quot;background-position: &quot;                      + data:backgroundPositionStyleStr + &quot;; &quot;                      + data:widthStyleStr                      + &quot;min-height: &quot; + data:height + &quot;px;&quot;                      + &quot;_height: &quot; + data:height + &quot;px;&quot;                      + &quot;background-repeat: no-repeat; &quot;' id='header-inner'>
        <div class='titlewrapper' style='background: transparent'>
          <h1 class='site-title' style='background: transparent; border-width: 0px'>
            <b:include name='title'/>
          </h1>
        </div>
        <b:include name='description'/>
      </div>
    </b:if>
  <b:else/>
    <!--No header image -->
    <div id='header-inner'>
      <div class='titlewrapper'>
        <h1 class='site-title'>
          <b:include name='title'/>
        </h1>
      </div>
      <b:include name='description'/>
    </div>
  </b:if>
</b:includable>
    <b:includable id='description'>
    <h2 class='site-description'><data:description/></h2>
</b:includable>
    <b:includable id='title'>
<a expr:href='data:blog.homepageUrl'><data:title/></a>
</b:includable>
  </b:widget>
</b:section>
</div>

<div class='main-navigationnbt' id='site-navigationnbt' role='navigation'>
<h1 class='menu-togglenbt'>Menu</h1>
<a class='skip-link screen-reader-text' href='#contentnbt'>Skip to content</a>
<div class='menu-testing-menu-container'>
<ul id='menu-testing-menu'>

<li><a expr:href='data:blog.homepageUrl'>Home</a></li>

<li><a href='#'>Business</a>
<ul class='children'>
<li><a href='#'>Internet</a></li>
<li><a href='#'>Market</a></li>
<li><a href='#'>Stock</a></li>
</ul>
</li>

<li><a href='#'>Downloads</a>
<ul class='children'>
<li><a href='#'>Dvd</a></li>
<li><a href='#'>Games</a></li>
<li><a href='#'>Software</a>
<ul class='children'>
<li><a href='#'>Office</a>
</li>
</ul>
</li>
</ul>
</li>

<li><a href='#'>Parent Category</a>
<ul class='children'>
<li><a href='#'>Child Category 1</a>
<ul class='children'>
<li><a href='#'>Sub Child Category 1</a></li>
<li><a href='#'>Sub Child Category 2</a></li>
<li><a href='#'>Sub Child Category 3</a></li>
</ul>
</li>
<li><a href='#'>Child Category 2</a></li>
<li><a href='#'>Child Category 3</a></li>
<li><a href='#'>Child Category 4</a></li>
</ul>
</li>

<li><a href='#'>Featured</a></li>

<li><a href='#'>Health</a>
<ul class='children'>
<li><a href='#'>Childcare</a></li>
<li><a href='#'>Doctors</a></li>
</ul>
</li>

<li><a href='#'>Uncategorized</a></li>

</ul>
</div>
</div><!-- #site-navigation -->
</header><!-- #masthead -->

<div class='site-contentnbt' id='contentnbt'>

<!-- featured post slider started -->
<b:if cond='data:blog.pageType != &quot;static_page&quot;'>
<b:if cond='data:blog.pageType != &quot;item&quot;'>

<script type='text/javascript'>
//<![CDATA[

jQuery.noConflict();
jQuery(document).ready(function () {
  jQuery(".rslides").responsiveSlides();
});

//]]>
</script>

<ul class='rslides'>

   <!-- slide 1 code started -->
   <li>
      <a href='ENTER-SLIDE-1-LINK-HERE'><img src='http://2.bp.blogspot.com/-Lj_EWl7uACo/U5VpqUS0XRI/AAAAAAAAKIU/FtP1qCFTUK4/s1600/slider-image-1.jpg'/></a>
      <p class='caption'>Enter Slide 1 Title Here</p>
   </li>
   <!-- slide 1 code end -->
   
   <!-- slide 2 code started -->
   <li>
      <a href='ENTER-SLIDE-2-LINK-HERE'><img src='http://3.bp.blogspot.com/-MVhttOlANs8/U5VpratlDsI/AAAAAAAAKIc/0J_Fwr0fucQ/s1600/slider-image-2.jpg'/></a>
      <p class='caption'>Enter Slide 2 Title Here</p>
   </li>
   <!-- slide 2 code end -->
   
   <!-- slide 3 code started -->
   <li>
      <a href='ENTER-SLIDE-3-LINK-HERE'><img src='http://4.bp.blogspot.com/-lpNauXwjptM/U5VptFChJdI/AAAAAAAAKIk/SYZpZnpRYqg/s1600/slider-image-3.jpg'/></a>
      <p class='caption'>Enter Slide 3 Title Here</p>
   </li>
   <!-- slide 3 code end -->
   
</ul>

</b:if>
</b:if>
<!-- featured post slider end -->

<div class='content-areanbt' id='primarynbt'>
<div class='site-mainnbt' id='mainnbt' role='main'>
<b:section class='mainblogsec' id='mainblogsec' showaddelement='no'>
  <b:widget id='Blog1' locked='true' title='Blog Posts' type='Blog'>
    <b:includable id='main' var='top'>
  <b:if cond='data:mobile == &quot;false&quot;'>

    <!-- posts -->
    <div class='blog-posts hfeed'>

      <b:include data='top' name='status-message'/>

      <data:defaultAdStart/>
      <b:loop values='data:posts' var='post'>
        <b:if cond='data:post.isDateStart'>
          <b:if cond='data:post.isFirstPost == &quot;false&quot;'>
            &lt;/div&gt;&lt;/div&gt;
          </b:if>
        </b:if>
        <b:if cond='data:post.isDateStart'>
          &lt;div class=&quot;date-outer&quot;&gt;
        </b:if>
        <b:if cond='data:post.dateHeader'>
          <h2 class='date-header'><span><data:post.dateHeader/></span></h2>
        </b:if>
        <b:if cond='data:post.isDateStart'>
          &lt;div class=&quot;date-posts&quot;&gt;
        </b:if>
        <div class='post-outer'>
        <b:include data='post' name='post'/>
        <b:if cond='data:blog.pageType == &quot;static_page&quot;'>
          <b:if cond='data:post.showThreadedComments'>
            <b:include data='post' name='threaded_comments'/>
          <b:else/>
            <b:include data='post' name='comments'/>
          </b:if>
        </b:if>
        <b:if cond='data:blog.pageType == &quot;item&quot;'>
          <b:if cond='data:post.showThreadedComments'>
            <b:include data='post' name='threaded_comments'/>
          <b:else/>
            <b:include data='post' name='comments'/>
          </b:if>
        </b:if>
        </div>
        <b:if cond='data:post.includeAd'>
          <b:if cond='data:post.isFirstPost'>
            <data:defaultAdEnd/>
          <b:else/>
            <data:adEnd/>
          </b:if>
          <div class='inline-ad'>
            <data:adCode/>
          </div>
          <data:adStart/>
        </b:if>
      </b:loop>
      <b:if cond='data:numPosts != 0'>
        &lt;/div&gt;&lt;/div&gt;
      </b:if>
      <data:adEnd/>
    </div>

<div style='clear: both;'/>
<b:if cond='data:blog.pageType != &quot;item&quot;'>
<!-- navigation -->
<b:include name='nextprev'/>
</b:if>

    <!-- feed links -->
    <b:include name='feedLinks'/>

    <b:if cond='data:top.showStars'>
      <script src='//www.google.com/jsapi' type='text/javascript'/>
      <script type='text/javascript'>
        google.load(&quot;annotations&quot;, &quot;1&quot;, {&quot;locale&quot;: &quot;<data:top.languageCode/>&quot;});
        function initialize() {
          google.annotations.setApplicationId(<data:top.blogspotReviews/>);
          google.annotations.createAll();
          google.annotations.fetch();
        }
        google.setOnLoadCallback(initialize);
      </script>
    </b:if>

  <b:else/>
    <b:include name='mobile-main'/>
  </b:if>

  <b:if cond='data:top.showDummy'>
    <data:top.dummyBootstrap/>
  </b:if>

</b:includable>
    <b:includable id='backlinkDeleteIcon' var='backlink'>
  <span expr:class='&quot;item-control &quot; + data:backlink.adminClass'>
    <a expr:href='data:backlink.deleteUrl' expr:title='data:top.deleteBacklinkMsg'>
      <img src='//www.blogger.com/img/icon_delete13.gif'/>
    </a>
  </span>
</b:includable>
    <b:includable id='backlinks' var='post'>
  <a name='links'/><h4><data:post.backlinksLabel/></h4>
  <b:if cond='data:post.numBacklinks != 0'>
    <dl class='comments-block' id='comments-block'>
      <b:loop values='data:post.backlinks' var='backlink'>
        <div class='collapsed-backlink backlink-control'>
          <dt class='comment-title'>
            <span class='backlink-toggle-zippy'>&#160;</span>
            <a expr:href='data:backlink.url' rel='nofollow'><data:backlink.title/></a>
            <b:include data='backlink' name='backlinkDeleteIcon'/>
          </dt>
          <dd class='comment-body collapseable'>
            <data:backlink.snippet/>
          </dd>
          <dd class='comment-footer collapseable'>
            <span class='comment-author'><data:post.authorLabel/> <data:backlink.author/></span>
            <span class='comment-timestamp'><data:post.timestampLabel/> <data:backlink.timestamp/></span>
          </dd>
        </div>
      </b:loop>
    </dl>
  </b:if>
  <p class='comment-footer'>
    <a class='comment-link' expr:href='data:post.createLinkUrl' expr:id='data:widget.instanceId + &quot;_backlinks-create-link&quot;' target='_blank'><data:post.createLinkLabel/></a>
  </p>
</b:includable>
    <b:includable id='comment-form' var='post'>
  <div class='comment-form'>
    <a name='comment-form'/>
    <b:if cond='data:mobile'>
      <h4 id='comment-post-message'>
        <a expr:id='data:widget.instanceId + &quot;_comment-editor-toggle-link&quot;' href='javascript:void(0)'><data:postCommentMsg/></a></h4>
      <p><data:blogCommentMessage/></p>
      <data:blogTeamBlogMessage/>
      <a expr:href='data:post.commentFormIframeSrc' id='comment-editor-src'/>
      <iframe allowtransparency='true' class='blogger-iframe-colorize blogger-comment-from-post' frameborder='0' height='410' id='comment-editor' name='comment-editor' src='' style='display: none' width='100%'/>
    <b:else/>
      <h4 id='comment-post-message'><data:postCommentMsg/></h4>
      <p><data:blogCommentMessage/></p>
      <data:blogTeamBlogMessage/>
      <a expr:href='data:post.commentFormIframeSrc' id='comment-editor-src'/>
      <iframe allowtransparency='true' class='blogger-iframe-colorize blogger-comment-from-post' frameborder='0' height='410' id='comment-editor' name='comment-editor' src='' width='100%'/>
    </b:if>
    <data:post.friendConnectJs/>
    <data:post.cmtfpIframe/>
    <script type='text/javascript'>
      BLOG_CMT_createIframe(&#39;<data:post.appRpcRelayPath/>&#39;, &#39;<data:post.communityId/>&#39;);
    </script>
  </div>
</b:includable>
    <b:includable id='commentDeleteIcon' var='comment'>
  <span expr:class='&quot;item-control &quot; + data:comment.adminClass'>
    <b:if cond='data:showCmtPopup'>
      <div class='goog-toggle-button'>
        <div class='goog-inline-block comment-action-icon'/>
      </div>
    <b:else/>
      <a class='comment-delete' expr:href='data:comment.deleteUrl' expr:title='data:top.deleteCommentMsg'>
        <img src='//www.blogger.com/img/icon_delete13.gif'/>
      </a>
    </b:if>
  </span>
</b:includable>
    <b:includable id='comment_count_picker' var='post'>
  <b:if cond='data:post.commentSource == 1'>
    <span class='cmt_count_iframe_holder' expr:data-count='data:post.numComments' expr:data-onclick='data:post.addCommentOnclick' expr:data-post-url='data:post.url' expr:data-url='data:post.canonicalUrl'>
    </span>
  <b:else/>
    <a class='comment-link' expr:href='data:post.addCommentUrl' expr:onclick='data:post.addCommentOnclick'>
      <data:post.commentLabelFull/>:
    </a>
  </b:if>
</b:includable>
    <b:includable id='comment_picker' var='post'>
  <b:if cond='data:post.commentSource == 1'>
    <b:include data='post' name='iframe_comments'/>
  <b:else/>
    <b:if cond='data:post.showThreadedComments'>
      <b:include data='post' name='threaded_comments'/>
    <b:else/>
      <b:include data='post' name='comments'/>
    </b:if>
  </b:if>
</b:includable>
    <b:includable id='comments' var='post'>
  <div class='comments' id='comments'>
    <a name='comments'/>
    <b:if cond='data:post.allowComments'>
      <h4>
        <b:if cond='data:post.numComments == 1'>
          1 <data:commentLabel/>:
        <b:else/>
          <data:post.numComments/> <data:commentLabelPlural/>:
        </b:if>
      </h4>

      <b:if cond='data:post.commentPagingRequired'>
        <span class='paging-control-container'>
          <a expr:class='data:post.oldLinkClass' expr:href='data:post.oldestLinkUrl'><data:post.oldestLinkText/></a>
          &#160;
          <a expr:class='data:post.oldLinkClass' expr:href='data:post.olderLinkUrl'><data:post.olderLinkText/></a>
          &#160;
          <data:post.commentRangeText/>
          &#160;
          <a expr:class='data:post.newLinkClass' expr:href='data:post.newerLinkUrl'><data:post.newerLinkText/></a>
          &#160;
          <a expr:class='data:post.newLinkClass' expr:href='data:post.newestLinkUrl'><data:post.newestLinkText/></a>
        </span>
      </b:if>

      <div expr:id='data:widget.instanceId + &quot;_comments-block-wrapper&quot;'>
        <dl expr:class='data:post.avatarIndentClass' id='comments-block'>
          <b:loop values='data:post.comments' var='comment'>
            <dt expr:class='&quot;comment-author &quot; + data:comment.authorClass' expr:id='data:comment.anchorName'>
              <b:if cond='data:comment.favicon'>
                <img expr:src='data:comment.favicon' height='16px' style='margin-bottom:-2px;' width='16px'/>
              </b:if>
              <a expr:name='data:comment.anchorName'/>
              <b:if cond='data:blog.enabledCommentProfileImages'>
                <data:comment.authorAvatarImage/>
              </b:if>
              <b:if cond='data:comment.authorUrl'>
                <a expr:href='data:comment.authorUrl' rel='nofollow'><data:comment.author/></a>
              <b:else/>
                <data:comment.author/>
              </b:if>
              <data:commentPostedByMsg/>
            </dt>
            <dd class='comment-body' expr:id='data:widget.instanceId + data:comment.cmtBodyIdPostfix'>
              <b:if cond='data:comment.isDeleted'>
                <span class='deleted-comment'><data:comment.body/></span>
              <b:else/>
                <p>
                  <data:comment.body/>
                </p>
              </b:if>
            </dd>
            <dd class='comment-footer'>
              <span class='comment-timestamp'>
                <a expr:href='data:comment.url' title='comment permalink'>
                  <data:comment.timestamp/>
                </a>
                <b:include data='comment' name='commentDeleteIcon'/>
              </span>
            </dd>
          </b:loop>
        </dl>
      </div>

      <b:if cond='data:post.commentPagingRequired'>
        <span class='paging-control-container'>
          <a expr:class='data:post.oldLinkClass' expr:href='data:post.oldestLinkUrl'>
            <data:post.oldestLinkText/>
          </a>
          <a expr:class='data:post.oldLinkClass' expr:href='data:post.olderLinkUrl'>
            <data:post.olderLinkText/>
          </a>
          &#160;
          <data:post.commentRangeText/>
          &#160;
          <a expr:class='data:post.newLinkClass' expr:href='data:post.newerLinkUrl'>
            <data:post.newerLinkText/>
          </a>
          <a expr:class='data:post.newLinkClass' expr:href='data:post.newestLinkUrl'>
            <data:post.newestLinkText/>
          </a>
        </span>
      </b:if>

      <p class='comment-footer'>
        <b:if cond='data:post.embedCommentForm'>
          <b:if cond='data:post.allowNewComments'>
            <b:include data='post' name='comment-form'/>
          <b:else/>
            <data:post.noNewCommentsText/>
          </b:if>
        <b:else/>
          <b:if cond='data:post.allowComments'>
            <a expr:href='data:post.addCommentUrl' expr:onclick='data:post.addCommentOnclick'><data:postCommentMsg/></a>
          </b:if>
        </b:if>

      </p>
    </b:if>
    <b:if cond='data:showCmtPopup'>
      <div id='comment-popup'>
        <iframe allowtransparency='true' frameborder='0' id='comment-actions' name='comment-actions' scrolling='no'>
        </iframe>
      </div>
    </b:if>

    <div id='backlinks-container'>
    <div expr:id='data:widget.instanceId + &quot;_backlinks-container&quot;'>
       <b:if cond='data:post.showBacklinks'>
         <b:include data='post' name='backlinks'/>
       </b:if>
    </div>
    </div>
  </div>
</b:includable>
    <b:includable id='feedLinks'>
  <b:if cond='data:blog.pageType != &quot;item&quot;'> <!-- Blog feed links -->
    <b:if cond='data:feedLinks'>
      <div class='blog-feeds'>
        <b:include data='feedLinks' name='feedLinksBody'/>
      </div>
    </b:if>

    <b:else/> <!--Post feed links -->
    <div class='post-feeds'>
      <b:loop values='data:posts' var='post'>
        <b:if cond='data:post.allowComments'>
          <b:if cond='data:post.feedLinks'>
            <b:include data='post.feedLinks' name='feedLinksBody'/>
          </b:if>
        </b:if>
      </b:loop>
    </div>
  </b:if>
</b:includable>
    <b:includable id='feedLinksBody' var='links'>
  <div class='feed-links'>
  <data:feedLinksMsg/>
  <b:loop values='data:links' var='f'>
     <a class='feed-link' expr:href='data:f.url' expr:type='data:f.mimeType' target='_blank'><data:f.name/> (<data:f.feedType/>)</a>
  </b:loop>
  </div>
</b:includable>
    <b:includable id='iframe_comments' var='post'>

  <b:if cond='data:post.allowComments'>
    <script expr:src='data:post.commentSrc' type='text/javascript'/>
    <div class='cmt_iframe_holder'/>

    <b:if cond='data:post.embedCommentForm == &quot;false&quot;'>
      <a expr:href='data:post.addCommentUrl' expr:onclick='data:post.addCommentOnclick'><data:postCommentMsg/></a>
    </b:if>
  </b:if>
</b:includable>
    <b:includable id='mobile-index-post' var='post'>
  <div class='mobile-date-outer date-outer'>
    <b:if cond='data:post.dateHeader'>
      <div class='date-header'>
        <span><data:post.dateHeader/></span>
      </div>
    </b:if>

    <div class='mobile-post-outer'>
      <a expr:href='data:post.url'>
        <h3 class='mobile-index-title entry-title'>
          <data:post.title/>
        </h3>

        <div class='mobile-index-arrow'>&amp;rsaquo;</div>

        <div class='mobile-index-contents'>
          <b:if cond='data:post.thumbnailUrl'>
            <div class='mobile-index-thumbnail'>
              <div class='Image'>
                <img expr:src='data:post.thumbnailUrl'/>
              </div>
            </div>
          </b:if>

          <div class='post-body'>
            <b:if cond='data:post.snippet'><data:post.snippet/></b:if>
          </div>
        </div>

        <div style='clear: both;'/>
      </a>

      <div class='mobile-index-comment'>
        <b:if cond='data:blog.pageType != &quot;static_page&quot;'>
          <b:if cond='data:post.allowComments'>
            <b:if cond='data:post.numComments != 0'>
              <a class='comment-link' expr:href='data:post.addCommentUrl' expr:onclick='data:post.addCommentOnclick'><b:if cond='data:post.numComments == 1'>1 <data:top.commentLabel/><b:else/><data:post.numComments/> <data:top.commentLabelPlural/></b:if></a>
            </b:if>
          </b:if>
        </b:if>
      </div>
    </div>
  </div>
</b:includable>
    <b:includable id='mobile-main' var='top'>
    <!-- posts -->
    <div class='blog-posts hfeed'>

      <b:include data='top' name='status-message'/>

      <b:if cond='data:blog.pageType == &quot;index&quot;'>
        <b:loop values='data:posts' var='post'>
          <b:include data='post' name='mobile-index-post'/>
        </b:loop>
      <b:else/>
        <b:loop values='data:posts' var='post'>
          <b:include data='post' name='mobile-post'/>
        </b:loop>
      </b:if>
    </div>

   <b:include name='mobile-nextprev'/>
</b:includable>
    <b:includable id='mobile-nextprev'>
  <div class='blog-pager' id='blog-pager'>
    <b:if cond='data:newerPageUrl'>
      <div class='mobile-link-button' id='blog-pager-newer-link'>
      <a class='blog-pager-newer-link' expr:href='data:newerPageUrl' expr:id='data:widget.instanceId + &quot;_blog-pager-newer-link&quot;' expr:title='data:newerPageTitle'>&amp;lsaquo;</a>
      </div>
    </b:if>

    <b:if cond='data:olderPageUrl'>
      <div class='mobile-link-button' id='blog-pager-older-link'>
      <a class='blog-pager-older-link' expr:href='data:olderPageUrl' expr:id='data:widget.instanceId + &quot;_blog-pager-older-link&quot;' expr:title='data:olderPageTitle'>&amp;rsaquo;</a>
      </div>
    </b:if>

    <div class='mobile-link-button' id='blog-pager-home-link'>
    <a class='home-link' expr:href='data:blog.homepageUrl'><data:homeMsg/></a>
    </div>

    <div class='mobile-desktop-link'>
      <a class='home-link' expr:href='data:desktopLinkUrl'><data:desktopLinkMsg/></a>
    </div>

  </div>
  <div class='clear'/>
</b:includable>
    <b:includable id='mobile-post' var='post'>
  <div class='date-outer'>
    <b:if cond='data:post.dateHeader'>
      <h2 class='date-header'><span><data:post.dateHeader/></span></h2>
    </b:if>
    <div class='date-posts'>
      <div class='post-outer'>

        <div class='post hentry uncustomized-post-template'>
          <a expr:name='data:post.id'/>
          <b:if cond='data:post.title'>
            <h3 class='post-title entry-title'>
              <b:if cond='data:post.link'>
                <a expr:href='data:post.link'><data:post.title/></a>
              <b:else/>
                <b:if cond='data:post.url'>
                  <b:if cond='data:blog.url != data:post.url'>
                    <a expr:href='data:post.url'><data:post.title/></a>
                  <b:else/>
                    <data:post.title/>
                  </b:if>
                <b:else/>
                  <data:post.title/>
                </b:if>
              </b:if>
            </h3>
          </b:if>

          <div class='post-header'>
            <div class='post-header-line-1'/>
          </div>

          <div class='post-body entry-content' expr:id='&quot;post-body-&quot; + data:post.id'>
            <data:post.body/>
            <div style='clear: both;'/> <!-- clear for photos floats -->
          </div>

          <div class='post-footer'>
            <div class='post-footer-line post-footer-line-1'>
              <span class='post-author vcard'>
                <b:if cond='data:top.showAuthor'>
                  <b:if cond='data:post.authorProfileUrl'>
                    <span class='fn'>
                      <a expr:href='data:post.authorProfileUrl' rel='author' title='author profile'>
                        <data:post.author/>
                      </a>
                    </span>
                  <b:else/>
                    <span class='fn'><data:post.author/></span>
                  </b:if>
                </b:if>
              </span>

              <span class='post-timestamp'>
                <b:if cond='data:top.showTimestamp'>
                  <data:top.timestampLabel/>
                  <b:if cond='data:post.url'>
                    <a class='timestamp-link' expr:href='data:post.url' rel='bookmark' title='permanent link'><abbr class='published' expr:title='data:post.timestampISO8601'><data:post.timestamp/></abbr></a>
                  </b:if>
                </b:if>
              </span>

              <span class='post-comment-link'>
                <b:if cond='data:blog.pageType != &quot;item&quot;'>
                  <b:if cond='data:blog.pageType != &quot;static_page&quot;'>
                    <b:if cond='data:post.allowComments'>
                      <a class='comment-link' expr:href='data:post.addCommentUrl' expr:onclick='data:post.addCommentOnclick'><b:if cond='data:post.numComments == 1'>1 <data:top.commentLabel/><b:else/><data:post.numComments/> <data:top.commentLabelPlural/></b:if></a>
                    </b:if>
                  </b:if>
                </b:if>
              </span>
            </div>

            <div class='post-footer-line post-footer-line-2'>
              <b:if cond='data:top.showMobileShare'>
                <div class='mobile-link-button goog-inline-block' id='mobile-share-button'>
                  <a href='javascript:void(0);'><data:shareMsg/></a>
                </div>
              </b:if>
              <b:if cond='data:top.showDummy'>
                <div class='goog-inline-block dummy-container'><data:post.dummyTag/></div>
              </b:if>
            </div>

          </div>
        </div>

        <b:if cond='data:blog.pageType == &quot;static_page&quot;'>
          <b:if cond='data:post.showThreadedComments'>
            <b:include data='post' name='threaded_comments'/>
          <b:else/>
            <b:include data='post' name='comments'/>
          </b:if>
        </b:if>
        <b:if cond='data:blog.pageType == &quot;item&quot;'>
          <b:if cond='data:post.showThreadedComments'>
            <b:include data='post' name='threaded_comments'/>
          <b:else/>
            <b:include data='post' name='comments'/>
          </b:if>
        </b:if>
      </div>
    </div>
  </div>
</b:includable>
    <b:includable id='nextprev'>
  <div class='blog-pager' id='blog-pager'>
    <b:if cond='data:newerPageUrl'>
      <span id='blog-pager-newer-link'>
      <a class='blog-pager-newer-link' expr:href='data:newerPageUrl' expr:id='data:widget.instanceId + &quot;_blog-pager-newer-link&quot;' expr:title='data:newerPageTitle'>&amp;larr;&amp;nbsp;<data:newerPageTitle/></a>
      </span>
    </b:if>

    <b:if cond='data:olderPageUrl'>
      <span id='blog-pager-older-link'>
      <a class='blog-pager-older-link' expr:href='data:olderPageUrl' expr:id='data:widget.instanceId + &quot;_blog-pager-older-link&quot;' expr:title='data:olderPageTitle'><data:olderPageTitle/>&amp;nbsp;&amp;rarr;</a>
      </span>
    </b:if>

    <a class='home-link' expr:href='data:blog.homepageUrl'><data:homeMsg/></a>

    <b:if cond='data:mobileLinkUrl'>
      <div class='blog-mobile-link'>
        <a expr:href='data:mobileLinkUrl'><data:mobileLinkMsg/></a>
      </div>
    </b:if>

  </div>
  <div class='clear'/>
</b:includable>
    <b:includable id='post' var='post'>
<article class='post hentry'>

<a expr:name='data:post.id'/>
	
<header class='entry-header'>
      <h1 class='post-title entry-title'>
     <b:if cond='data:post.link'>
       <a expr:href='data:post.link'><data:post.title/></a>
     <b:else/>
        <b:if cond='data:post.url'>
          <a expr:href='data:post.url'><data:post.title/></a>
        <b:else/>
          <data:post.title/>
        </b:if>
     </b:if>
      </h1>
<b:if cond='data:blog.pageType != &quot;static_page&quot;'>
<div class='entry-metanbt'>
<span><i class='fa fa-clock-o'/>&amp;nbsp;&amp;nbsp;<a expr:href='data:post.url'><data:post.timestamp/></a></span><span>&amp;nbsp;&amp;nbsp;&amp;nbsp;&amp;nbsp;<i class='fa fa-user'/>&amp;nbsp;&amp;nbsp;<b:if cond='data:post.authorProfileUrl'><a expr:href='data:post.authorProfileUrl' rel='author' title='author profile'><data:post.author/></a><b:else/><data:post.author/></b:if></span><b:if cond='data:post.allowComments'>&amp;nbsp;&amp;nbsp;&amp;nbsp;&amp;nbsp;<span><i class='fa fa-comments'/>&amp;nbsp;&amp;nbsp;<a expr:href='data:post.addCommentUrl' expr:onclick='data:post.addCommentOnclick'><b:if cond='data:post.numComments == 0'>No comments</b:if><b:if cond='data:post.numComments == 1'>1 comment</b:if><b:if cond='data:post.numComments &gt;= 2'><data:post.numComments/> comments</b:if></a></span></b:if>
</div><!-- .entry-meta -->
</b:if>
</header>

<div class='post-header-line-1'/>

<div class='post-body entry-content'>

<b:if cond='data:blog.pageType != &quot;static_page&quot;'>
<b:if cond='data:blog.pageType != &quot;item&quot;'>
<div expr:id='&quot;summary&quot; + data:post.id'><data:post.body/></div>
<script type='text/javascript'>createSummaryAndThumb(&quot;summary<data:post.id/>&quot;);</script>
</b:if>
</b:if>
<b:if cond='data:blog.pageType == &quot;item&quot;'><data:post.body/></b:if>

<b:if cond='data:blog.pageType == &quot;static_page&quot;'><data:post.body/></b:if>

<b:if cond='data:blog.pageType != &quot;static_page&quot;'>
<b:if cond='data:blog.pageType != &quot;item&quot;'>
<div style='float:right;padding-right:10px;margin-top:10px;'>
<a class='readmorenbt' expr:href='data:post.url'>Read More</a>
</div>
</b:if>
</b:if>

<b:if cond='data:blog.pageType == &quot;item&quot;'>
<div style='clear:both;'/>
<div class='post-share-buttons'>
<b:include data='post' name='shareButtons'/>
</div>
<span class='reaction-buttons'>
<b:if cond='data:top.showReactions'>
<table border='0' cellpadding='0' width='100%'><tr>
<td style='font-size:12px;padding-top:2px;' valign='top'><span class='reactions-label'><data:top.reactionsLabel/></span></td>
<td><iframe allowtransparency='true' class='reactions-iframe' expr:src='data:post.reactionsUrl' frameborder='0' name='reactions' scrolling='no'/></td>
</tr></table>
</b:if>
</span>
</b:if>

<div style='clear: both;'/> <!-- clear for photos floats -->
</div>

<b:if cond='data:blog.pageType != &quot;static_page&quot;'>
<footer class='entry-metanbt'>
<b:if cond='data:post.labels'><i class='fa fa-tags'/>&amp;nbsp;&amp;nbsp;<b:loop values='data:post.labels' var='label'><a expr:href='data:label.url' rel='tag'><data:label.name/></a><b:if cond='data:label.isLast != &quot;true&quot;'>, </b:if></b:loop></b:if>&amp;nbsp;&amp;nbsp;&amp;nbsp;&amp;nbsp;<b:include data='post' name='postQuickEdit'/>
</footer><!-- .entry-meta -->
</b:if>

</article>
<div style='clear: both;'/>

<b:if cond='data:blog.pageType == &quot;item&quot;'>
<!-- navigation -->
<b:include name='nextprev'/>
</b:if>

</b:includable>
    <b:includable id='postQuickEdit' var='post'>
  <b:if cond='data:post.editUrl'>
    <span expr:class='&quot;item-control &quot; + data:post.adminClass'>
      <a expr:href='data:post.editUrl' expr:title='data:top.editPostMsg'><i class='fa fa-pencil-square-o'/>&amp;nbsp;&amp;nbsp;Edit</a>
    </span>
  </b:if>
</b:includable>
    <b:includable id='shareButtons' var='post'>
  <b:if cond='data:top.showEmailButton'><a class='goog-inline-block share-button sb-email' expr:href='data:post.sharePostUrl + &quot;&amp;target=email&quot;' expr:title='data:top.emailThisMsg' target='_blank'><span class='share-button-link-text'><data:top.emailThisMsg/></span></a></b:if><b:if cond='data:top.showBlogThisButton'><a class='goog-inline-block share-button sb-blog' expr:href='data:post.sharePostUrl + &quot;&amp;target=blog&quot;' expr:onclick='&quot;window.open(this.href, \&quot;_blank\&quot;, \&quot;height=270,width=475\&quot;); return false;&quot;' expr:title='data:top.blogThisMsg' target='_blank'><span class='share-button-link-text'><data:top.blogThisMsg/></span></a></b:if><b:if cond='data:top.showTwitterButton'><a class='goog-inline-block share-button sb-twitter' expr:href='data:post.sharePostUrl + &quot;&amp;target=twitter&quot;' expr:title='data:top.shareToTwitterMsg' target='_blank'><span class='share-button-link-text'><data:top.shareToTwitterMsg/></span></a></b:if><b:if cond='data:top.showFacebookButton'><a class='goog-inline-block share-button sb-facebook' expr:href='data:post.sharePostUrl + &quot;&amp;target=facebook&quot;' expr:onclick='&quot;window.open(this.href, \&quot;_blank\&quot;, \&quot;height=430,width=640\&quot;); return false;&quot;' expr:title='data:top.shareToFacebookMsg' target='_blank'><span class='share-button-link-text'><data:top.shareToFacebookMsg/></span></a></b:if><b:if cond='data:top.showOrkutButton'><a class='goog-inline-block share-button sb-orkut' expr:href='data:post.sharePostUrl + &quot;&amp;target=orkut&quot;' expr:title='data:top.shareToOrkutMsg' target='_blank'><span class='share-button-link-text'><data:top.shareToOrkutMsg/></span></a></b:if><b:if cond='data:top.showDummy'><div class='goog-inline-block dummy-container'><data:post.dummyTag/></div></b:if>
</b:includable>
    <b:includable id='status-message'>
  <b:if cond='data:navMessage'>
  <div class='status-msg-wrap'>
    <div class='status-msg-body'>
      <data:navMessage/>
    </div>
    <div class='status-msg-border'>
      <div class='status-msg-bg'>
        <div class='status-msg-hidden'><data:navMessage/></div>
      </div>
    </div>
  </div>
  <div style='clear: both;'/>
  </b:if>
</b:includable>
    <b:includable id='threaded-comment-form' var='post'>
  <div class='comment-form'>
    <a name='comment-form'/>
    <b:if cond='data:mobile'>
      <p><data:blogCommentMessage/></p>
      <data:blogTeamBlogMessage/>
      <a expr:href='data:post.commentFormIframeSrc' id='comment-editor-src'/>
      <iframe allowtransparency='true' class='blogger-iframe-colorize blogger-comment-from-post' frameborder='0' height='410' id='comment-editor' name='comment-editor' src='' style='display: none' width='100%'/>
    <b:else/>
      <p><data:blogCommentMessage/></p>
      <data:blogTeamBlogMessage/>
      <a expr:href='data:post.commentFormIframeSrc' id='comment-editor-src'/>
      <iframe allowtransparency='true' class='blogger-iframe-colorize blogger-comment-from-post' frameborder='0' height='410' id='comment-editor' name='comment-editor' src='' width='100%'/>
    </b:if>
    <data:post.friendConnectJs/>
    <data:post.cmtfpIframe/>
    <script type='text/javascript'>
      BLOG_CMT_createIframe(&#39;<data:post.appRpcRelayPath/>&#39;, &#39;<data:post.communityId/>&#39;);
    </script>
  </div>
</b:includable>
    <b:includable id='threaded_comment_js' var='post'>
  <script async='async' expr:src='data:post.commentSrc' type='text/javascript'/>

  <script type='text/javascript'>
    (function() {
      var items = <data:post.commentJso/>;
      var msgs = <data:post.commentMsgs/>;
      var config = <data:post.commentConfig/>;

// <![CDATA[
      var cursor = null;
      if (items && items.length > 0) {
        cursor = parseInt(items[items.length - 1].timestamp) + 1;
      }

      var bodyFromEntry = function(entry) {
        if (entry.gd$extendedProperty) {
          for (var k in entry.gd$extendedProperty) {
            if (entry.gd$extendedProperty[k].name == 'blogger.contentRemoved') {
              return '<span class="deleted-comment">' + entry.content.$t + '</span>';
            }
          }
        }
        return entry.content.$t;
      }

      var parse = function(data) {
        cursor = null;
        var comments = [];
        if (data && data.feed && data.feed.entry) {
          for (var i = 0, entry; entry = data.feed.entry[i]; i++) {
            var comment = {};
            // comment ID, parsed out of the original id format
            var id = /blog-(\d+).post-(\d+)/.exec(entry.id.$t);
            comment.id = id ? id[2] : null;
            comment.body = bodyFromEntry(entry);
            comment.timestamp = Date.parse(entry.published.$t) + '';
            if (entry.author && entry.author.constructor === Array) {
              var auth = entry.author[0];
              if (auth) {
                comment.author = {
                  name: (auth.name ? auth.name.$t : undefined),
                  profileUrl: (auth.uri ? auth.uri.$t : undefined),
                  avatarUrl: (auth.gd$image ? auth.gd$image.src : undefined)
                };
              }
            }
            if (entry.link) {
              if (entry.link[2]) {
                comment.link = comment.permalink = entry.link[2].href;
              }
              if (entry.link[3]) {
                var pid = /.*comments\/default\/(\d+)\?.*/.exec(entry.link[3].href);
                if (pid && pid[1]) {
                  comment.parentId = pid[1];
                }
              }
            }
            comment.deleteclass = 'item-control blog-admin';
            if (entry.gd$extendedProperty) {
              for (var k in entry.gd$extendedProperty) {
                if (entry.gd$extendedProperty[k].name == 'blogger.itemClass') {
                  comment.deleteclass += ' ' + entry.gd$extendedProperty[k].value;
                }
              }
            }
            comments.push(comment);
          }
        }
        return comments;
      };

      var paginator = function(callback) {
        if (hasMore()) {
          var url = config.feed + '?alt=json&v=2&orderby=published&reverse=false&max-results=50';
          if (cursor) {
            url += '&published-min=' + new Date(cursor).toISOString();
          }
          window.bloggercomments = function(data) {
            var parsed = parse(data);
            cursor = parsed.length < 50 ? null
                : parseInt(parsed[parsed.length - 1].timestamp) + 1
            callback(parsed);
            window.bloggercomments = null;
          }
          url += '&callback=bloggercomments';
          var script = document.createElement('script');
          script.type = 'text/javascript';
          script.src = url;
          document.getElementsByTagName('head')[0].appendChild(script);
        }
      };
      var hasMore = function() {
        return !!cursor;
      };
      var getMeta = function(key, comment) {
        if ('iswriter' == key) {
          var matches = !!comment.author
              && comment.author.name == config.authorName
              && comment.author.profileUrl == config.authorUrl;
          return matches ? 'true' : '';
        } else if ('deletelink' == key) {
          return config.baseUri + '/delete-comment.g?blogID='
               + config.blogId + '&postID=' + comment.id;
        } else if ('deleteclass' == key) {
          return comment.deleteclass;
        }
        return '';
      };

      var replybox = null;
      var replyUrlParts = null;
      var replyParent = undefined;

      var onReply = function(commentId, domId) {
        if (replybox == null) {
          // lazily cache replybox, and adjust to suit this style:
          replybox = document.getElementById('comment-editor');
          if (replybox != null) {
            replybox.height = '250px';
            replybox.style.display = 'block';
            replyUrlParts = replybox.src.split('#');
          }
        }
        if (replybox && (commentId !== replyParent)) {
          document.getElementById(domId).insertBefore(replybox, null);
          replybox.src = replyUrlParts[0]
              + (commentId ? '&parentID=' + commentId : '')
              + '#' + replyUrlParts[1];
          replyParent = commentId;
        }
      };

      var hash = (window.location.hash || '#').substring(1);
      var startThread, targetComment;
      if (/^comment-form_/.test(hash)) {
        startThread = hash.substring('comment-form_'.length);
      } else if (/^c[0-9]+$/.test(hash)) {
        targetComment = hash.substring(1);
      }

      // Configure commenting API:
      var configJso = {
        'maxDepth': config.maxThreadDepth
      };
      var provider = {
        'id': config.postId,
        'data': items,
        'loadNext': paginator,
        'hasMore': hasMore,
        'getMeta': getMeta,
        'onReply': onReply,
        'rendered': true,
        'initComment': targetComment,
        'initReplyThread': startThread,
        'config': configJso,
        'messages': msgs
      };

      var render = function() {
        if (window.goog && window.goog.comments) {
          var holder = document.getElementById('comment-holder');
          window.goog.comments.render(holder, provider);
        }
      };

      // render now, or queue to render when library loads:
      if (window.goog && window.goog.comments) {
        render();
      } else {
        window.goog = window.goog || {};
        window.goog.comments = window.goog.comments || {};
        window.goog.comments.loadQueue = window.goog.comments.loadQueue || [];
        window.goog.comments.loadQueue.push(render);
      }
    })();
// ]]>
  </script>
</b:includable>
    <b:includable id='threaded_comments' var='post'>
  <div class='comments' id='comments'>
    <a name='comments'/>
    <h4><data:post.commentLabelFull/>:</h4>

    <div class='comments-content'>
      <b:if cond='data:post.embedCommentForm'>
        <b:include data='post' name='threaded_comment_js'/>
      </b:if>
      <div id='comment-holder'>
         <data:post.commentHtml/>
      </div>
    </div>

    <p class='comment-footer'>
      <b:if cond='data:post.allowNewComments'>
        <b:include data='post' name='threaded-comment-form'/>
      <b:else/>
        <data:post.noNewCommentsText/>
      </b:if>
    </p>

    <b:if cond='data:showCmtPopup'>
      <div id='comment-popup'>
        <iframe allowtransparency='true' frameborder='0' id='comment-actions' name='comment-actions' scrolling='no'>
        </iframe>
      </div>
    </b:if>

    <div id='backlinks-container'>
    <div expr:id='data:widget.instanceId + &quot;_backlinks-container&quot;'>
       <b:if cond='data:post.showBacklinks'>
         <b:include data='post' name='backlinks'/>
       </b:if>
    </div>
    </div>
  </div>
</b:includable>
  </b:widget>
</b:section>
</div><!-- #main -->
</div><!-- #primary -->

<div class='widget-areanbt' id='secondarynbt' role='complementary'>
<b:section class='sidebarrightnbt' id='sidebarrightnbt' preferred='yes'>
  <b:widget id='PopularPosts1' locked='false' title='Popular Posts' type='PopularPosts'>
    <b:includable id='main'>
  <b:if cond='data:title'><h2><data:title/></h2></b:if>
  <div class='widget-content popular-posts'>
    <ul>
      <b:loop values='data:posts' var='post'>
      <li>
        <b:if cond='data:showThumbnails == &quot;false&quot;'>
          <b:if cond='data:showSnippets == &quot;false&quot;'>
            <!-- (1) No snippet/thumbnail -->
            <a expr:href='data:post.href'><data:post.title/></a>
          <b:else/>
            <!-- (2) Show only snippets -->
            <div class='item-title'><a expr:href='data:post.href'><data:post.title/></a></div>
            <div class='item-snippet'><data:post.snippet/></div>
          </b:if>
        <b:else/>
          <b:if cond='data:showSnippets == &quot;false&quot;'>
            <!-- (3) Show only thumbnails -->
            <div class='item-thumbnail-only'>
              <b:if cond='data:post.thumbnail'>
                <div class='item-thumbnail'>
                  <a expr:href='data:post.href' target='_blank'>
                    <img alt='' border='0' expr:height='data:thumbnailSize' expr:src='data:post.thumbnail' expr:width='data:thumbnailSize'/>
                  </a>
                </div>
              </b:if>
              <div class='item-title'><a expr:href='data:post.href'><data:post.title/></a></div>
            </div>
            <div style='clear: both;'/>
          <b:else/>
            <!-- (4) Show snippets and thumbnails -->
            <div class='item-content'>
              <b:if cond='data:post.thumbnail'>
                <div class='item-thumbnail'>
                  <a expr:href='data:post.href' target='_blank'>
                    <img alt='' border='0' expr:height='data:thumbnailSize' expr:src='data:post.thumbnail' expr:width='data:thumbnailSize'/>
                  </a>
                </div>
              </b:if>
              <div class='item-title'><a expr:href='data:post.href'><data:post.title/></a></div>
              <div class='item-snippet'><data:post.snippet/></div>
            </div>
            <div style='clear: both;'/>
          </b:if>
        </b:if>
      </li>
      </b:loop>
    </ul>
    <b:include name='quickedit'/>
  </div>
</b:includable>
  </b:widget>
  <b:widget id='HTML1' locked='false' title='Recent Posts' type='HTML'>
    <b:includable id='main'>
  <!-- only display title if it's non-empty -->
  <b:if cond='data:title != &quot;&quot;'>
    <h2 class='title'><data:title/></h2>
  </b:if>
  <div class='widget-content'>
    <data:content/>
  </div>

  <b:include name='quickedit'/>
</b:includable>
  </b:widget>
  <b:widget id='Label1' locked='false' title='Categories' type='Label'>
    <b:includable id='main'>
  <b:if cond='data:title'>
    <h2><data:title/></h2>
  </b:if>
  <div expr:class='&quot;widget-content &quot; + data:display + &quot;-label-widget-content&quot;'>
    <b:if cond='data:display == &quot;list&quot;'>
      <ul>
      <b:loop values='data:labels' var='label'>
        <li>
          <b:if cond='data:blog.url == data:label.url'>
            <span expr:dir='data:blog.languageDirection'><data:label.name/></span>
          <b:else/>
            <a expr:dir='data:blog.languageDirection' expr:href='data:label.url'><data:label.name/></a>
          </b:if>
          <b:if cond='data:showFreqNumbers'>
            <span dir='ltr'>(<data:label.count/>)</span>
          </b:if>
        </li>
      </b:loop>
      </ul>
    <b:else/>
      <b:loop values='data:labels' var='label'>
        <span expr:class='&quot;label-size label-size-&quot; + data:label.cssSize'>
          <b:if cond='data:blog.url == data:label.url'>
            <span expr:dir='data:blog.languageDirection'><data:label.name/></span>
          <b:else/>
            <a expr:dir='data:blog.languageDirection' expr:href='data:label.url'><data:label.name/></a>
          </b:if>
          <b:if cond='data:showFreqNumbers'>
            <span class='label-count' dir='ltr'>(<data:label.count/>)</span>
          </b:if>
        </span>
      </b:loop>
    </b:if>
    <b:include name='quickedit'/>
  </div>
</b:includable>
  </b:widget>
  <b:widget id='HTML2' locked='false' title='Unordered List' type='HTML'>
    <b:includable id='main'>
  <!-- only display title if it's non-empty -->
  <b:if cond='data:title != &quot;&quot;'>
    <h2 class='title'><data:title/></h2>
  </b:if>
  <div class='widget-content'>
    <data:content/>
  </div>

  <b:include name='quickedit'/>
</b:includable>
  </b:widget>
  <b:widget id='Text2' locked='false' title='Text Widget' type='Text'>
    <b:includable id='main'>
  <!-- only display title if it's non-empty -->
  <b:if cond='data:title != &quot;&quot;'>
    <h2 class='title'><data:title/></h2>
  </b:if>
  <div class='widget-content'>
    <data:content/>
  </div>

  <b:include name='quickedit'/>
</b:includable>
  </b:widget>
  <b:widget id='PageList1' locked='false' title='Pages' type='PageList'>
    <b:includable id='main'>
  <b:if cond='data:title'><h2><data:title/></h2></b:if>
  <div class='widget-content'>
    <b:if cond='data:mobile'>
      <select expr:id='data:widget.instanceId + &quot;_select&quot;'>
        <b:loop values='data:links' var='link'>
          <b:if cond='data:link.isCurrentPage'>
            <option expr:value='data:link.href' selected='selected'><data:link.title/></option>
          <b:else/>
            <option expr:value='data:link.href'><data:link.title/></option>
          </b:if>
        </b:loop>
      </select>
      <span class='pagelist-arrow'>&amp;#9660;</span>

    <b:else/>
      <ul>
        <b:loop values='data:links' var='link'>
          <b:if cond='data:link.isCurrentPage'>
            <li class='selected'><a expr:href='data:link.href'><data:link.title/></a></li>
          <b:else/>
            <li><a expr:href='data:link.href'><data:link.title/></a></li>
          </b:if>
        </b:loop>
      </ul>
    </b:if>
    <b:include name='quickedit'/>
  </div>
</b:includable>
  </b:widget>
  <b:widget id='BlogArchive1' locked='false' title='Blog Archive' type='BlogArchive'>
    <b:includable id='main'>
  <b:if cond='data:title'>
    <h2><data:title/></h2>
  </b:if>
  <div class='widget-content'>
  <div id='ArchiveList'>
  <div expr:id='data:widget.instanceId + &quot;_ArchiveList&quot;'>
    <b:if cond='data:style == &quot;HIERARCHY&quot;'>
     <b:include data='data' name='interval'/>
    </b:if>
    <b:if cond='data:style == &quot;FLAT&quot;'>
      <b:include data='data' name='flat'/>
    </b:if>
    <b:if cond='data:style == &quot;MENU&quot;'>
      <b:include data='data' name='menu'/>
    </b:if>
  </div>
  </div>
  <b:include name='quickedit'/>
  </div>
</b:includable>
    <b:includable id='flat' var='data'>
  <ul class='flat'>
    <b:loop values='data:data' var='i'>
      <li class='archivedate'>
        <a expr:href='data:i.url'><data:i.name/></a> (<data:i.post-count/>)
      </li>
    </b:loop>
  </ul>
</b:includable>
    <b:includable id='interval' var='intervalData'>
  <b:loop values='data:intervalData' var='i'>
      <ul class='hierarchy'>
        <li expr:class='&quot;archivedate &quot; + data:i.expclass'>
          <b:include data='i' name='toggle'/>
          <a class='post-count-link' expr:href='data:i.url'><data:i.name/></a>
            <span class='post-count' dir='ltr'>(<data:i.post-count/>)</span>
          <b:if cond='data:i.data'>
            <b:include data='i.data' name='interval'/>
          </b:if>
          <b:if cond='data:i.posts'>
            <b:include data='i.posts' name='posts'/>
          </b:if>
        </li>
      </ul>
  </b:loop>
</b:includable>
    <b:includable id='menu' var='data'>
  <select expr:id='data:widget.instanceId + &quot;_ArchiveMenu&quot;'>
    <option value=''><data:title/></option>
    <b:loop values='data:data' var='i'>
      <option expr:value='data:i.url'><data:i.name/> (<data:i.post-count/>)</option>
    </b:loop>
  </select>
</b:includable>
    <b:includable id='posts' var='posts'>
  <ul class='posts'>
    <b:loop values='data:posts' var='i'>
      <li><a expr:href='data:i.url'><data:i.title/></a></li>
    </b:loop>
  </ul>
</b:includable>
    <b:includable id='toggle' var='interval'>
  <b:if cond='data:interval.toggleId'>
  <b:if cond='data:interval.expclass == &quot;expanded&quot;'>
    <a class='toggle' href='javascript:void(0)'>
      <span class='zippy toggle-open'>&#9660;&#160;</span>
    </a>
  <b:else/>
    <a class='toggle' href='javascript:void(0)'>
      <span class='zippy'>
        <b:if cond='data:blog.languageDirection == &quot;rtl&quot;'>
          &#9668;&#160;
        <b:else/>
          &#9658;&#160;
        </b:if>
      </span>
    </a>
  </b:if>
 </b:if>
</b:includable>
  </b:widget>
</b:section>
</div><!-- #secondary -->
<div class='clear'/>
</div><!-- #content -->

<footer class='site-footernbt' id='colophonnbt' role='contentinfo'>
<div class='site-infonbt'>
<!-- Do not edit or remove credits without our permission: newbloggerthemes.com -->
Copyright &#169; <script type='text/javascript'>var creditsyear = new Date();document.write(creditsyear.getFullYear());</script> <a expr:href='data:blog.homepageUrl'><data:blog.title/></a> | <br/>
Design by <a href='http://wpgurus.net/' target='_blank'>Hassan Akhtar</a> | Blogger Theme by <a href='http://newbloggerthemes.com/' target='_blank' title='NewBloggerThemes.com'>NewBloggerThemes.com</a> - Published By <a href='http://gooyaabitemplates.com/' rel='dofollow' target='_blank' title='Blogger Templates'>Gooyaabi Templates</a>

| Powered By <a href='http://gooyaabitemplates.com/' rel='dofollow' target='_blank' title='Blogger'>Blogger</a>

</div><!-- .site-info -->
</footer><!-- #colophon -->

</div><!-- #page -->

<script type='text/javascript'>
//<![CDATA[

/**
 * navigation.js
 *
 * Handles toggling the navigation menu for small screens.
 */
( function() {
	var container, button, menu;

	container = document.getElementById( 'site-navigationnbt' );
	if ( ! container )
		return;

	button = container.getElementsByTagName( 'h1' )[0];
	if ( 'undefined' === typeof button )
		return;

	menu = container.getElementsByTagName( 'ul' )[0];

	// Hide menu toggle button if menu is empty and return early.
	if ( 'undefined' === typeof menu ) {
		button.style.display = 'none';
		return;
	}

	if ( -1 === menu.className.indexOf( 'nav-menu' ) )
		menu.className += ' nav-menu';

	button.onclick = function() {
		if ( -1 !== container.className.indexOf( 'toggled' ) )
			container.className = container.className.replace( ' toggled', '' );
		else
			container.className += ' toggled';
	};
} )();

//]]>
</script>

<script type='text/javascript'>
//<![CDATA[

( function() {
	var is_webkit = navigator.userAgent.toLowerCase().indexOf( 'webkit' ) > -1,
	    is_opera  = navigator.userAgent.toLowerCase().indexOf( 'opera' )  > -1,
	    is_ie     = navigator.userAgent.toLowerCase().indexOf( 'msie' )   > -1;

	if ( ( is_webkit || is_opera || is_ie ) && 'undefined' !== typeof( document.getElementById ) ) {
		var eventMethod = ( window.addEventListener ) ? 'addEventListener' : 'attachEvent';
		window[ eventMethod ]( 'hashchange', function() {
			var element = document.getElementById( location.hash.substring( 1 ) );

			if ( element ) {
				if ( ! /^(?:a|select|input|button|textarea)$/i.test( element.tagName ) )
					element.tabIndex = -1;

				element.focus();
			}
		}, false );
	}
})();

//]]>
</script>

<script type='text/javascript'>
//<![CDATA[

/*! http://responsiveslides.com v1.54 by @viljamis */
(function(c,I,B){c.fn.responsiveSlides=function(l){var a=c.extend({auto:!0,speed:500,timeout:4E3,pager:!1,nav:!1,random:!1,pause:!1,pauseControls:!0,prevText:"Previous",nextText:"Next",maxwidth:"",navContainer:"",manualControls:"",namespace:"rslides",before:c.noop,after:c.noop},l);return this.each(function(){B++;var f=c(this),s,r,t,m,p,q,n=0,e=f.children(),C=e.size(),h=parseFloat(a.speed),D=parseFloat(a.timeout),u=parseFloat(a.maxwidth),g=a.namespace,d=g+B,E=g+"_nav "+d+"_nav",v=g+"_here",j=d+"_on",
w=d+"_s",k=c("<ul class='"+g+"_tabs "+d+"_tabs' />"),x={"float":"left",position:"relative",opacity:1,zIndex:2},y={"float":"none",position:"absolute",opacity:0,zIndex:1},F=function(){var b=(document.body||document.documentElement).style,a="transition";if("string"===typeof b[a])return!0;s=["Moz","Webkit","Khtml","O","ms"];var a=a.charAt(0).toUpperCase()+a.substr(1),c;for(c=0;c<s.length;c++)if("string"===typeof b[s[c]+a])return!0;return!1}(),z=function(b){a.before(b);F?(e.removeClass(j).css(y).eq(b).addClass(j).css(x),
n=b,setTimeout(function(){a.after(b)},h)):e.stop().fadeOut(h,function(){c(this).removeClass(j).css(y).css("opacity",1)}).eq(b).fadeIn(h,function(){c(this).addClass(j).css(x);a.after(b);n=b})};a.random&&(e.sort(function(){return Math.round(Math.random())-0.5}),f.empty().append(e));e.each(function(a){this.id=w+a});f.addClass(g+" "+d);l&&l.maxwidth&&f.css("max-width",u);e.hide().css(y).eq(0).addClass(j).css(x).show();F&&e.show().css({"-webkit-transition":"opacity "+h+"ms ease-in-out","-moz-transition":"opacity "+
h+"ms ease-in-out","-o-transition":"opacity "+h+"ms ease-in-out",transition:"opacity "+h+"ms ease-in-out"});if(1<e.size()){if(D<h+100)return;if(a.pager&&!a.manualControls){var A=[];e.each(function(a){a+=1;A+="<li><a href='#' class='"+w+a+"'>"+a+"</a></li>"});k.append(A);l.navContainer?c(a.navContainer).append(k):f.after(k)}a.manualControls&&(k=c(a.manualControls),k.addClass(g+"_tabs "+d+"_tabs"));(a.pager||a.manualControls)&&k.find("li").each(function(a){c(this).addClass(w+(a+1))});if(a.pager||a.manualControls)q=
k.find("a"),r=function(a){q.closest("li").removeClass(v).eq(a).addClass(v)};a.auto&&(t=function(){p=setInterval(function(){e.stop(!0,!0);var b=n+1<C?n+1:0;(a.pager||a.manualControls)&&r(b);z(b)},D)},t());m=function(){a.auto&&(clearInterval(p),t())};a.pause&&f.hover(function(){clearInterval(p)},function(){m()});if(a.pager||a.manualControls)q.bind("click",function(b){b.preventDefault();a.pauseControls||m();b=q.index(this);n===b||c("."+j).queue("fx").length||(r(b),z(b))}).eq(0).closest("li").addClass(v),
a.pauseControls&&q.hover(function(){clearInterval(p)},function(){m()});if(a.nav){g="<a href='#' class='"+E+" prev'>"+a.prevText+"</a><a href='#' class='"+E+" next'>"+a.nextText+"</a>";l.navContainer?c(a.navContainer).append(g):f.after(g);var d=c("."+d+"_nav"),G=d.filter(".prev");d.bind("click",function(b){b.preventDefault();b=c("."+j);if(!b.queue("fx").length){var d=e.index(b);b=d-1;d=d+1<C?n+1:0;z(c(this)[0]===G[0]?b:d);if(a.pager||a.manualControls)r(c(this)[0]===G[0]?b:d);a.pauseControls||m()}});
a.pauseControls&&d.hover(function(){clearInterval(p)},function(){m()})}}if("undefined"===typeof document.body.style.maxWidth&&l.maxwidth){var H=function(){f.css("width","100%");f.width()>u&&f.css("width",u)};H();c(I).bind("resize",function(){H()})}})}})(jQuery,this,0);

//]]>
</script>

</body>
</html>