<?xml version="1.0" encoding="UTF-8" ?>
<!DOCTYPE html PUBLIC "-//W3C//DTD XHTML 1.0 Strict//EN" "http://www.w3.org/TR/xhtml1/DTD/xhtml1-strict.dtd">
<html expr:dir='data:blog.languageDirection' xmlns='http://www.w3.org/1999/xhtml' xmlns:b='http://www.google.com/2005/gml/b' xmlns:data='http://www.google.com/2005/gml/data' xmlns:expr='http://www.google.com/2005/gml/expr'>
  <head>
    <b:include data='blog' name='all-head-content'/>
    <b:if cond='data:blog.pageType == &quot;index&quot;'>
    <title><data:blog.pageTitle/></title>
    <b:else/>
    <title><data:blog.pageName/> - <data:blog.title/></title>
    </b:if>
<meta content='type your description here' name='description'/>
<meta content='type your keyword here' name='keywords'/>
<meta content='INDEX, FOLLOW' name='ROBOTS'/> 
<meta content='Johny Templates' name='author'/>
    <b:skin><![CDATA[/*
/*
-----------------------------------------------
Blogger Template Style
Name:     Minima
Date:     26 Feb 2004
Updated by: Blogger Team
----------------------------------------------- */

/* Variable definitions
   ====================
   <Variable name="bgcolor" description="Page Background Color"
             type="color" default="#fff" value="#eeeeee">
   <Variable name="textcolor" description="Text Color"
             type="color" default="#333" value="#000000">
   <Variable name="linkcolor" description="Link Color"
             type="color" default="#58a" value="#357798">
   <Variable name="pagetitlecolor" description="Blog Title Color"
             type="color" default="#666" value="#333333">
   <Variable name="descriptioncolor" description="Blog Description Color"
             type="color" default="#999" value="#666666">
   <Variable name="titlecolor" description="Post Title Color"
             type="color" default="#c60" value="#000000">
   <Variable name="bordercolor" description="Border Color"
             type="color" default="#ccc" value="#dcd9d9">
   <Variable name="sidebarcolor" description="Sidebar Title Color"
             type="color" default="#999" value="#333333">
   <Variable name="sidebartextcolor" description="Sidebar Text Color"
             type="color" default="#666" value="#666666">
   <Variable name="visitedlinkcolor" description="Visited Link Color"
             type="color" default="#999" value="#357798">
   <Variable name="bodyfont" description="Text Font"
             type="font" default="normal normal 100% Georgia, Serif" value="normal normal 12px Arial, Tahoma, Helvetica, FreeSans, sans-serif">
   <Variable name="headerfont" description="Sidebar Title Font"
             type="font"
             default="normal normal 78% 'Trebuchet MS',Trebuchet,Arial,Verdana,Sans-serif" value="normal bold 14px Arial, Tahoma, Helvetica, FreeSans, sans-serif">
   <Variable name="pagetitlefont" description="Blog Title Font"
             type="font"
             default="normal normal 200% Georgia, Serif" value="normal normal 26px Georgia, Serif">
   <Variable name="descriptionfont" description="Blog Description Font"
             type="font"
             default="normal normal 78% 'Trebuchet MS', Trebuchet, Arial, Verdana, Sans-serif" value="normal normal 12px Lucida Sans, Tahoma, Helvetica, FreeSans, sans-serif">
   <Variable name="postfooterfont" description="Post Footer Font"
             type="font"
             default="normal normal 78% 'Trebuchet MS', Trebuchet, Arial, Verdana, Sans-serif" value="normal normal 12px Arial, Tahoma, Helvetica, FreeSans, sans-serif">
   <Variable name="startSide" description="Side where text starts in blog language"
             type="automatic" default="left" value="left">
   <Variable name="endSide" description="Side where text ends in blog language"
             type="automatic" default="right" value="right">
*/

/* Use this with templates/template-twocol.html */

/* Navbar Frame
----------------------------- */
#navbar-iframe{height:0;visibility:hidden;display:none}
body{background:#696969;color:$textcolor;font:x-small Georgia Serif;font-size:small;text-align:center;margin:0}
a:link{color:$linkcolor;text-decoration:none}
a:visited{color:$visitedlinkcolor;text-decoration:none}
a:hover{color:$titlecolor;text-decoration:underline}
a img{border-width:0}

/* Header
-----------------------------------------------
 */

#header-wrapper{width:980px;border:0 solid $bordercolor;margin:0 auto}
#header-inner{background-position:center;margin-left:auto;margin-right:auto}
#header{float:left;width:500px;border:0 solid $bordercolor;text-align:left;color:$pagetitlecolor;margin:0}
#header2{float:right;width:468px;margin-right:10px;text-align:left;color:#555}
.header .widget,.header2 .widget{margin:0 auto;padding:10px 0}
#header h1{line-height:1.2em;text-transform:uppercase;letter-spacing:.1em;font:$pagetitlefont;margin:0 auto;padding:10px 5px .15em}
#header a{color:$pagetitlecolor;text-decoration:none}
#header a:hover{color:$pagetitlecolor}
#header .description{max-width:100%;text-transform:uppercase;letter-spacing:.01em;line-height:1.2em;font:$descriptionfont;color:$descriptioncolor;margin:0 auto;padding:0 5px 5px}
#header img{margin-startside:auto;margin-endside:auto}

/* Outer-Wrapper
----------------------------------------------- */
#outer-wrapper{background:#fff;border:1px solid #191919;-moz-box-shadow:0 0 7px #000;width:970px;text-align:$startSide;font:$bodyfont;margin:15px auto;padding:0 10px 0 0}
#crosscol-wrapper{margin:0 auto;padding:5px}
.crosscol .widget{margin:0 auto;padding:0 0 6px}
#main-wrapper{padding-left:20px;width:610px;float:$startSide;word-wrap:break-word;overflow:hidden}
#sidebar-wrapper{width:320px;float:$endSide;word-wrap:break-word;overflow:hidden}
#midle-wrapper{padding-left:10px;width:270px;float:$startSide;word-wrap:break-word;overflow:hidden}

/* Headings
----------------------------------------------- */
h2{font:$headerfont;line-height:1.4em;text-transform:uppercase;letter-spacing:.01em;color:$sidebarcolor;margin:.5em 0 .25em}

/* Posts
-----------------------------------------------
 */
h2.date-header{text-transform:none;font:normal 12px Arial;color:#999;line-height:1.2em;margin:.1em 0}
.post{border:1px solid $bordercolor;margin:.1em 0 .5em;padding:10px 15px}
.post h3{font-family:Georgia, Times, Serif;font-size:180%;font-weight:700;line-height:1.2em;color:$titlecolor;margin:.25em 0 0;padding:0 0 4px}
.post h3 a,.post h3 a:visited,.post h3 strong{display:block;text-decoration:none;color:$titlecolor;font-weight:700}
.post h3 strong,.post h3 a:hover{color:$textcolor}
.post-body{border-top:2px solid #bbb;padding-top:6px;line-height:1.4em;margin:3.1em 0 .75em}
.post-body blockquote{line-height:1.3em}
.post-footer{color:#666;text-transform:none;letter-spacing:.01em;font:$postfooterfont;line-height:1.4em;margin:.75em 0}
.post-home{float:left;font:normal 16px Arial;color:#888;margin:5px 0 2px;padding:0}
.rmlink{font:bold 13px Arial;margin:0 2px 0 0;padding:0}
.rmlink a:link,.rmlink a:visited{color:#222;text-decoration:none}
.rmlink a:hover{color:#000;text-decoration:underline}
.comment-home{background:url(http://1.bp.blogspot.com/-SHetytDRohI/TwiLV15UV2I/AAAAAAAAAf8/wJf9wvys71Q/s1600/comments.gif) no-repeat center right;font:normal 13px Arial;margin:0;padding:0 18px 0 0}
.comment-home a:link,.comment-home a:visited{color:#666;text-decoration:none}
.post-labels{font:bold 10px Georgia;text-transform:uppercase;margin:0 2px 0 0;padding:0}
.post-labels a:link,.post-labels a:visited{color:#333;text-decoration:none}
.comment-link{margin-left:.1em}
.post img,table.tr-caption-container{padding-top:4px;border:0 solid #ccc}
.tr-caption-container img{border:none;padding:0}
.post blockquote{background:url(http://1.bp.blogspot.com/_tUdwiyEcqV4/TRik_LhE_kI/AAAAAAAAAbE/f5hwByoQ-As/s1600/quotes.gif) no-repeat top left;font:bold 20px Arial;color:#000;letter-spacing:.001em;line-height:1em;width:240px;float:left;margin:0 15px 10px 0;padding:25px 0 0 50px}
.post blockquote p{margin:.75em 0}
.comment-home a:hover,.post-labels a:hover{color:#333;text-decoration:underline}

/* Comments
----------------------------------------------- */
#comments h4{font-weight:700;line-height:1.4em;text-transform:uppercase;letter-spacing:.01em;color:$sidebarcolor;margin:1em 0}
#comments-block{color:#444;line-height:1.4em;margin:1em 0 1.5em}
#comments-block .comment-author{margin:.5em 0}
#comments-block .comment-body{margin:.25em 0 0}
#comments-block .comment-footer{line-height:1.4em;text-transform:none;letter-spacing:.01em;margin:-.25em 0 2em}
#comments-block .comment-body p{margin:0 0 .75em}
.deleted-comment{font-style:italic;color:gray}
#blog-pager-newer-link{float:$startSide}
#blog-pager-older-link{float:$endSide}
#blog-pager{text-align:center}
.feed-links{clear:both;line-height:2.5em}

/* Sidebar Content
----------------------------------------------- */
.sidebar h2{font:bold 13px Arial;text-transform:none;color:#000;line-height:1.2em;letter-spacing:.01em;background:url(http://3.bp.blogspot.com/-GaWGIBFtNrU/TqNhP_emgFI/AAAAAAAAA1s/75Dk7vIboCw/s1600/midle2_h2.gif) repeat-x;border:1px solid #ccc;border-width:0 0 1px;margin:0 auto;padding:6px 10px}
.sidebar{color:$sidebartextcolor;line-height:1.3em}
.sidebar ul{list-style:none;margin:0;padding:0}
.sidebar li{border-bottom:1px dotted $bordercolor;text-indent:0;line-height:1.3em;margin:0;padding:3px 0 4px}
.sidebar .widget{border:1px solid $bordercolor;margin:0 0 5px}
.sidebar .widget-content{margin:0 auto;padding:6px 9px}
.sidebar a:link,.sidebar a:visited{color:#16387C;text-decoration:none}
.sidebar li a:hover{background:none;color:#000;text-decoration:underline}
.main .widget{border-bottom:1px dotted $bordercolor;margin:0 0 1.5em;padding:0 0 1.5em}
.main .Blog{border-bottom-width:0}

/* Midle Content
----------------------------------------------- */
.midle h2{font:bold 13px Arial;text-transform:none;color:#000;line-height:1.2em;letter-spacing:.01em;background:url(http://3.bp.blogspot.com/-GaWGIBFtNrU/TqNhP_emgFI/AAAAAAAAA1s/75Dk7vIboCw/s1600/midle2_h2.gif) repeat-x;border:1px solid #ccc;border-width:0 0 1px;margin:0 auto;padding:6px 10px}
.midle .widget{background:#fff;border:1px solid $bordercolor;margin:0 0 8px;padding:0 auto}
.midle a:link,.midle a:visited{font:12px Arial;color:#16387c;text-decoration:none}
.midle .widget-content{margin:0 auto;padding:8px 9px}
.midle{font:normal 12px Arial;color:#555;line-height:1.4em}
.midle li{background:url(http://4.bp.blogspot.com/-GSW7MPAS1FA/TwANMdXOSkI/AAAAAAAAARE/XBShBuqqHAc/s1600/arrow_bg.GIF) no-repeat 3px 9px;border-bottom:1px dotted #ccc;text-indent:0;line-height:1.4em;margin:0;padding:3px 0 4px 20px}
.midle a:hover{color:#FF6600}
.midle ul{list-style:none;margin:0;padding:0}

/* Footer Content
----------------------------------------------- */
.footer h2{font:bold 13px Arial;line-height:1.3em;text-transform:uppercase;letter-spacing:.01em;color:#CECECF;margin:0 auto;padding:5px 0}
.footer{color:#CECECF;line-height:1.3em;font:normal 12px Arial}
.footer ul{list-style:none;color:#888;margin:0;padding:0}
.footer li{background:url(http://1.bp.blogspot.com/_tUdwiyEcqV4/TVC03_zE8dI/AAAAAAAAAtk/nTn2KMo01WI/s1600/arrow_circle.gif) no-repeat 1px 6px;font:normal 11px Arial;text-indent:0;line-height:1.3em;border-bottom:0 dotted #ccc;margin:0;padding:1px 0 1px 14px}
.footer a:link,.footer li a:visited{color:#CECECF;text-decoration:none}
.footer li a:hover{color:#fff;text-decoration:underline}
.footer .widget{border:0 solid $bordercolor;margin:0 0 12px}
.footer .widget-content{padding:0}

/* Profile 
----------------------------------------------- */
.profile-img{float:$startSide;margin-top:0;margin-endside:10px;margin-bottom:5px;margin-startside:0;border:1px solid $bordercolor;-moz-box-shadow:1px 1px 5px rgba(0,0,0,.5);-webkit-box-shadow:1px 1px 5px rgba(0,0,0,.5);-goog-ms-box-shadow:1px 1px 5px rgba(0,0,0,.5);box-shadow:1px 1px 5px rgba(0,0,0,.5);padding:4px}
.profile-data{text-transform:uppercase;letter-spacing:.01em;font:bold 13px Arial;color:$sidebarcolor;line-height:1.3em;margin:0}
.profile-datablock{margin:.5em 0}
.profile-textblock{line-height:1.3em;margin:.5em 0}
.profile-link{font:$postfooterfont;text-transform:none;letter-spacing:.01em}

/* Footer Wrapper
----------------------------------------------- */
.picfooter{background:#333;width:980px;margin-startside:auto;margin-endside:auto;margin-top:16px;border-top:2px solid #000;text-align:center;font:$bodyfont}
#footer-wrapper{width:940px;text-align:left;font:$bodyfont;margin:0 auto;padding:10px}
#footer1-wrapper{width:300px;float:$startSide;word-wrap:break-word;overflow:hidden}
#footer2-wrapper{margin-left:10px;border-right:1px solid #eee;border-left:1px solid #eee;width:300px;float:left;word-wrap:break-word;overflow:hidden;padding:0 10px}
#footer3-wrapper{width:300px;float:$endSide;word-wrap:break-word;overflow:hidden}

/* Credit Wrapper
---------------------------------------------*/
.creditpic{background:#5b9cc5;width:980px;margin:0 auto;border-top:2px solid #000;padding:0 auto}
.credit{width:960px;line-height:1.6em;text-align:center;font-family:Arial;font-size:11px;color:#000;overflow:hidden;clear:both;margin:0 auto;padding:10px 0 10px 10px}
.credit a:link,.credit a:visited{color:#383838;text-decoration:none}
.credit a:hover{color:#FFF;text-decoration:none}

/* Menu Horizontal Dropdown
----------------------------------------------- */
#menuwrapperpic{background:#333;width:980px;margin:0 auto;padding:0 auto}
#menuwrapper{width:980px;height:27px;margin:0 auto}
.clearit{clear:both;height:0;line-height:0.0;font-size:0}
#menubar{width:100%}
#menubar,#menubar ul{list-style:none;font-family:Arial, serif;margin:0;padding:0}
#menubar a{display:block;text-decoration:none;font-size:12px;font-weight:700;text-transform:uppercase;color:#CECECF;border-right:1px solid #191919;padding:8px 10px 8px}
#menubar a.trigger{background-image:url(http://3.bp.blogspot.com/-LzmPTNyR6po/TwETZufjSTI/AAAAAAAAATo/oisHmXUjmSY/s1600/arrow_white.gif);background-repeat:no-repeat;background-position:right center;padding:8px 24px 8px 10px}
#menubar li{float:left;position:static;width:auto}
#menubar li ul,#menubar ul li{width:170px}
#menubar ul li a{text-align:left;color:#fff;font-size:12px;font-weight:400;text-transform:none;font-family:Arial;border:none;padding:5px 10px}
#menubar li ul{z-index:100;position:absolute;display:none;background:#222;padding-bottom:5px;-moz-box-shadow:0 2px 2px rgba(0,0,0,0.6);-webkit-box-shadow:0 2px 2px rgba(0,0,0,0.6)}
#menubar li:hover a,#menubar a:active,#menubar a:focus,#menubar li.hvr a{background-color:#222;color:#fff}
#menubar li:hover ul,#menubar li.hvr ul{display:block}
#menubar li:hover ul a,#menubar li.hvr ul a{color:#edfdfd;background-color:transparent;text-decoration:none}
#menubar li ul li.hr{border-bottom:1px solid #444;border-top:1px solid #000;display:block;font-size:1px;height:0;line-height:0;margin:4px 0}
#menubar ul a:hover{background-color:#555!important;color:#fff!important;text-decoration:none}

/* CSS Related Post
---------------------------------------------*/
#related-posts{float:left;width:100%;margin:6px 0 0;padding:0}
#related-posts .widget{margin:0;padding:0}
#related-posts .widget h2,#related-posts h2{font-size:17px;font-weight:700;color:#000;font-family:Georgia, “margin:0;padding:0}
#related-posts a{color:#0B4277}
#related-posts a:hover{color:#000;text-decoration:none;border-bottom:1px dotted #000}
#related-posts ul{list-style-type:none;text-decoration:none;font-size:12px;text-color:#000;margin:0;padding:0}
#related-posts ul li{background:url(http://2.bp.blogspot.com/-I_5PBYvcDMU/TgjPLUmgYbI/AAAAAAAABmY/vN98I3X6Y6A/s1600/list_box.png) no-repeat center left;display:block;list-style-type:none;margin-bottom:2px;padding-left:14px}

/* Featured Categories
--------------------------------- */
img.label_thumb{float:left;border:1px solid #8f8f8f;background:#D2D0D0;margin-right:10px;height:60px;width:60px;padding:2px}
img.label_thumb:hover{background:#f7f6f6}
.label_with_thumbs{float:left;width:100%;min-height:70px;margin:0 5px 2px 0}
ul.label_with_thumbs li{min-height:65px;margin:2px 0;padding:4px 0}

/* Menu Horizontal top
---------------------------------------------*/
.menutoppic {background:#5b9cc5;width:980px;margin:0 auto;padding:0 auto;height:28px;}
.menutop {width:970px;float:left;height:20px;margin:0 auto;padding:4px 0;}
.menutop ul {margin: 0;padding-left:0px;color:#fff;list-style-type: none;font:bold 11px Arial,sans-serif}
.menutop li{display: inline; margin: 0;}
.menutop li a{background:url(http://2.bp.blogspot.com/-BmbGoctJjJU/TwEeWQko7fI/AAAAAAAAAUU/7ySW5UEwK-s/s1600/bg_sprite.png) no-repeat center right;float: left;display: block;padding:3px 8px;color:#fff;line-height: 1.2em;}
.menutop li a:visited{color:#fff;}
.menutop li a:hover {color:#000;text-decoration:none;}

/* Menu Horisontal 2
---------------------------------------------*/
.menupic2{background:url(http://4.bp.blogspot.com/-GV-7knpCGJk/Tvr3lZa80GI/AAAAAAAAA24/XFVS9o5R604/s1600/menu_pat.gif) repeat-x;width:980px;margin:0 auto;padding:0 auto;}
.menusearch{width:300px;float:right;margin:0 auto;padding:0 auto}
.menuhorisontal2 {width:980px;height:24px;margin:0 auto; padding:4px 0px;}
.menuhorisontal2 ul{margin: 0; padding-left:5px;color:#fff;text-transform: capitalize;list-style-type: none;font:normal 12px Arial, Helvetica,Verdana,sans-serif;}
.menuhorisontal2 li{display: inline; margin: 0;}
.menuhorisontal2 li a{float: left;display: block;text-decoration:none;
padding: 4px 6px 4px 6px;color: #fff}
.menuhorisontal2 li a:visited{color: #fff;}
.menuhorisontal2 li a:hover {background:#fff;border-radius:3px;-webkit-border-radius:3px;-opera-border-radius:3px;-moz-border-radius:3px;color:#000;text-decoration:none; /*Background Setelah Pointer Diarahkan */}

/* Page Navigation
----------------------------------------------- */
.showpageArea a {font:normal 11px Arial;text-decoration:none;}
.showpageNum a {font:normal 11px Arial;background:#ddd;text-decoration:none;border: 1px solid #888;margin:0 2px;padding:2px 5px;color:#000}
.showpageNum a:hover {border: 1px solid #666;background-color:#1F5AAE;color:#fff;}
.showpagePoint {font:normal 11px Arial;color:#fff;text-decoration:none;border: 1px solid #888;background: #1F5AAE;margin:0 2px;padding:2px 5px;}
.showpageOf {font:normal 12px Arial;text-decoration:none;padding:2px 5px;margin: 0 2px;}
.showpage a {font:normal 11px Arial;text-decoration:none;border: 1px solid #888;padding:2px 3px;color:#000}
.showpage a:hover {color:#fff;border: 1px solid #666;background-color:#1F5AAE;text-decoration:none;}
.showpageNum a:link,.showpage a:link {text-decoration:none;color:#333;}

/* Enews & Update
---------------------------------------------*/
.enews{background:#FFF url(http://3.bp.blogspot.com/-JS00jrwC2rw/Twhu45UaJSI/AAAAAAAAEao/7GFt7CCIRIA/s1600/enewsp.gif) no-repeat 0 5px;border:1px solid silver;margin:0 0 5px;padding:10px 5px 10px 10px}
#subscribe{overflow:hidden;margin:0;padding:0 0 5px}
#subbox{background:#FFF url(http://3.bp.blogspot.com/-yIYR5hmNYRw/Twhu4a2P3yI/AAAAAAAAEak/nMGqgVDK0IM/s1600/searchbar.png) repeat-x;width:220px;color:#222;font-family:Arial, Tahoma, Verdana;border-top:1px solid #666;border-left:1px solid #BBB;border-right:1px solid #BBB;border-bottom:1px solid #EEE;margin:5px 5px 0 0;padding:3px}

/* Advertise
---------------------------------------------*/
#advertise {background:#fff;border:0px solid #eee;margin:0px;padding:0px;}
#advertise .ads {padding:15px;margin:0px}
.ads li {float:left;width:125px;margin-right:17px;margin-bottom:5px}
.ads li.last {margin-right:0;}
.ads li a {opacity:0.8;filter:alpha(opacity=80);}
.ads li a:hover {opacity:1.0;filter:alpha(opacity=100);color:#666; text-decoration:none;}
.slide-wrapper {padding:0 auto;margin:0 auto;width:auto;float: left;
word-wrap: break-word; overflow: hidden;}
]]></b:skin>

<style type='text/css'>
<b:if cond='data:blog.pageType != &quot;item&quot;'>
.post-footer, .feed-links {display:none}
#main-wrapper {width: 350px;padding-left:10px;}
.post {border:1px solid #dcd9d9;padding:5px 10px 5px 10px;}
.post:hover {background:#F0F2F3;box-shadow:0px 0px 4px #888; -moz-box-shadow:0px 0px 4px #888; -webkit-box-shadow:0px 0px 4px #888;border:1px solid #aaa}
.post h3 {font-family:Arial;padding:0 0 4px;font-size:13px;font-weight:bold;line-height:1.2em;color:#004276;}
.post h3 a, .post h3 a:visited, .post h3 strong {display:block;color:#004276;}
.post h3 strong, .post h3 a:hover {color:$textcolor;text-decoration:underline;}
.post-body {margin:0em 0 .15em;line-height:1.5em;font:normal 12px Arial;color:#333;border-top:none;padding-top:0px;}
h2.date-header {font:normal 11px Georgia;margin:0.1em 0 0.2em 0;color:#555;font-style:italic}
.thumb img {float:right;margin:0 0 5px 5px;opacity: 0.9; filter: alpha(opacity=90);} 
.thumb img:hover{opacity: 1.0; filter: alpha(opacity=100);}
#blog-pager {font:normal 11px Arial;text-align:left;margin:6px 0 1px 0;padding:7px 0px 7px 0px;}
</b:if>
</style>
<b:if cond='data:blog.pageType == &quot;static_page&quot;'>
<style>
#midle-wrapper, .thumb img, #blog-pager{display:none}
.post{border:1px solid $bordercolor;margin:.1em 0 .5em;padding:10px 15px}
.post h3{font-family:Georgia, Times, Serif;font-size:180%;font-weight:700;line-height:1.2em;color:$titlecolor;margin:.25em 0 0;padding:0 0 4px}
.post h3 a,.post h3 a:visited,.post h3 strong{display:block;text-decoration:none;color:$titlecolor;font-weight:700}
.post h3 strong,.post h3 a:hover{color:$textcolor}
.post-body{border-top:2px solid #bbb;padding-top:6px;line-height:1.4em;margin:3.1em 0 .75em}
#main-wrapper{padding-left:20px;width:610px;float:$startSide;word-wrap:break-word;overflow:hidden}
</style>
</b:if>
<script type='text/javascript'>
var thumbnail_mode = &quot;float&quot; ;
summary_noimg = 200;
summary_img = 150;
img_thumb_height = 80;
img_thumb_width = 120;
</script>

<script type='text/javascript'>
//<![CDATA[
function removeHtmlTag(b,a){if(b.indexOf("<")!=-1){var d=b.split("<");for(var c=0;c<d.length;c++){if(d[c].indexOf(">")!=-1){d[c]=d[c].substring(d[c].indexOf(">")+1,d[c].length)}}b=d.join("")}a=(a<b.length-1)?a:b.length-2;while(b.charAt(a-1)!=" "&&b.indexOf(" ",a)!=-1){a++}b=b.substring(0,a-1);return b+"..."}function createSummaryAndThumb(d){var f=document.getElementById(d);var a="";var b=f.getElementsByTagName("img");var e=summary_noimg;if(b.length>=1){a='<span style="display:none;float:left;margin:0px 10px 5px 0px;"><img src="'+b[0].src+'" width="'+img_thumb_width+'px" height="'+img_thumb_height+'px"/></span>';e=summary_img}var c=a+"<div>"+removeHtmlTag(f.innerHTML,e)+"</div>";f.innerHTML=c};
//]]>
</script>

<script type='text/javascript'>
var relatedpoststitle=&quot;&quot;;
</script>
<script src='http://johnytemplate.googlecode.com/files/relatedjohny.js' type='text/javascript'/>
<script src='http://jamu-martin.googlecode.com/files/label.js' type='text/javascript'/>

  </head>

<body>
<div id='fb-root'/>
<script>(function(d, s, id) {
  var js, fjs = d.getElementsByTagName(s)[0];
  if (d.getElementById(id)) {return;}
  js = d.createElement(s); js.id = id;
  js.src = &quot;//connect.facebook.net/en_GB/all.js#xfbml=1&quot;;
  fjs.parentNode.insertBefore(js, fjs);
}(document, &#39;script&#39;, &#39;facebook-jssdk&#39;));</script>

  <div id='outer-wrapper'><div id='wrap2'>
<div class='menutoppic'>
<div class='menutop'>
<ul>
<li><a href='http://feeds.feedburner.com/JohnyTemplate' title='Posts RSS'>Posts RSS</a></li>
<li><a href='http://johnytemplate.blogspot.com/feeds/comments/default' title='Comments RSS'>Comments RSS</a></li>

<li><a href='http://johnysimplemagazine.blogspot.com/p/color-code_20.html'>Color Code</a></li>
<li><a href='http://johnytemplate.blogspot.com/search?max-results=300'>Archieves</a></li>
<li><a href='http://twitter.com/maskolis'>Twitter</a></li>
<li><a href='http://www.facebook.com/home.php?sk=group_191584964195748'>Facebook</a></li>
<li><a href='https://docs.google.com/spreadsheet/viewform?formkey=dHNGZ1FNMzNGOEdIQ2pvenp2RWRPb3c6MQ'>Contact us</a></li>
</ul>
</div>
<div style='clear:both;'/>
</div>
    <div id='header-wrapper'>
      <b:section class='header' id='header' maxwidgets='1' showaddelement='no'>
<b:widget id='Header1' locked='true' title='Johny Simple Magazine (Header)' type='Header'>
<b:includable id='main'>

  <b:if cond='data:useImage'>
    <b:if cond='data:imagePlacement == &quot;BEHIND&quot;'>
      <!--
      Show image as background to text. You can't really calculate the width
      reliably in JS because margins are not taken into account by any of
      clientWidth, offsetWidth or scrollWidth, so we don't force a minimum
      width if the user is using shrink to fit.
      This results in a margin-width's worth of pixels being cropped. If the
      user is not using shrink to fit then we expand the header.
      -->
      <b:if cond='data:mobile'>
          <div id='header-inner'>
            <div class='titlewrapper' style='background: transparent'>
              <h1 class='title' style='background: transparent; border-width: 0px'>
                <b:include name='title'/>
              </h1>
            </div>
            <b:include name='description'/>
          </div>
        <b:else/>
          <div expr:style='&quot;background-image: url(\&quot;&quot; + data:sourceUrl + &quot;\&quot;); &quot;                        + &quot;background-position: &quot;                        + data:backgroundPositionStyleStr + &quot;; &quot;                        + data:widthStyleStr                        + &quot;min-height: &quot; + data:height                        + &quot;_height: &quot; + data:height                        + &quot;background-repeat: no-repeat; &quot;' id='header-inner'>
            <div class='titlewrapper' style='background: transparent'>
              <h1 class='title' style='background: transparent; border-width: 0px'>
                <b:include name='title'/>
              </h1>
            </div>
            <b:include name='description'/>
          </div>
        </b:if>
    <b:else/>
      <!--Show the image only-->
      <div id='header-inner'>
        <a expr:href='data:blog.homepageUrl' style='display: block'>
          <img expr:alt='data:title' expr:height='data:height' expr:id='data:widget.instanceId + &quot;_headerimg&quot;' expr:src='data:sourceUrl' expr:width='data:width' style='display: block'/>
        </a>
        <!--Show the description-->
        <b:if cond='data:imagePlacement == &quot;BEFORE_DESCRIPTION&quot;'>
          <b:include name='description'/>
        </b:if>
      </div>
    </b:if>
  <b:else/>
    <!--No header image -->
    <div id='header-inner'>
      <div class='titlewrapper'>
        <h1 class='title'>
          <b:include name='title'/>
        </h1>
      </div>
      <b:include name='description'/>
    </div>
  </b:if>
</b:includable>
<b:includable id='title'>
  <b:if cond='data:blog.url == data:blog.homepageUrl'>
    <data:title/>
  <b:else/>
    <a expr:href='data:blog.homepageUrl'><data:title/></a>
  </b:if>
</b:includable>
<b:includable id='description'>
  <div class='descriptionwrapper'>
    <p class='description'><span><data:description/></span></p>
  </div>
</b:includable>
</b:widget>
</b:section>
      <b:section class='header' id='header2' maxwidgets='1' showaddelement='yes'>
<b:widget id='HTML8' locked='false' title='' type='HTML'>
<b:includable id='main'>
  <!-- only display title if it's non-empty -->
  <b:if cond='data:title != &quot;&quot;'>
    <h2 class='title'><data:title/></h2>
  </b:if>
  <div class='widget-content'>
    <data:content/>
  </div>

  <b:include name='quickedit'/>
</b:includable>
</b:widget>
</b:section>
<div style='clear:both;'/>
      </div><!-- end header-wrapper -->

<div id='menuwrapperpic'>
<div id='menuwrapper'>
<ul id='menubar'>
<li><a href='/'><img border='0' src='http://1.bp.blogspot.com/-Yx-NuFKviSQ/TwETaPMdmfI/AAAAAAAAATs/fLZvwofZ8N0/s1600/home_white.png' style='padding:0px;'/></a></li>
<li><a href='#'>About Us</a></li>
<li><a class='trigger' href='#'>Contact Us</a>
<ul>
<li><a href='#'>Goggle +</a></li>
<li class='hr'/>
<li><a href='#'>Contact on Facebook</a></li>
<li class='hr'/>
<li><a href='#'>Contact on Twitter</a></li>
</ul>
</li>
<li><a href='#'>Sport</a></li>

<li><a href='#'>Culture</a></li>
<li><a class='trigger' href='#'>Entertainment</a>
<ul>
<li><a href='#'>Music</a></li>
<li class='hr'/>
<li><a href='#'>Movie</a></li>
<li class='hr'/>
<li><a href='#'>Television</a></li>
</ul>
</li>
<li><a href='#'>Health</a></li>

<li><a class='trigger' href='#'>More</a>
<ul>
<li><a href='#'>Themes</a></li>
<li class='hr'/>
<li><a href='h#'>Tutorial</a></li>
<li class='hr'/>
<li><a href='#'>Resource</a></li>
<li class='hr'/>
<li><a href='#'>Advertise</a></li>
<li class='hr'/>
<li><a href='#'>Javascript</a></li>
</ul>
</li>
</ul>
<br class='clearit'/>
</div>
<div style='clear:both;'/>
</div>
<div class='menupic2'>
<div class='menuhorisontal2'>
<ul>
<li><a href='http://feeds.feedburner.com/JohnyTemplate' title='Posts RSS'>Posts RSS</a></li>
<li><a href='http://johnytemplate.blogspot.com/feeds/comments/default' title='Comments RSS'>Comments RSS</a></li>
<li><a href='http://johnytemplate.blogspot.com/2011/12/color-code-to-easier-your-customization.html'>Color Code</a></li>
<li><a href='http://johnytemplate.blogspot.com/search?max-results=300'>Archieves</a></li>
<li><a href='http://twitter.com/maskolis'>Twitter</a></li>
<li><a href='http://www.facebook.com/home.php?sk=group_191584964195748'>Facebook</a></li>

<li><a href='https://docs.google.com/spreadsheet/viewform?formkey=dHNGZ1FNMzNGOEdIQ2pvenp2RWRPb3c6MQ'>Contact us</a></li>
</ul>
<div class='menusearch'>
<div style='float:right;padding:1px 8px 0 0;'>
<form action='http://www.google.com/search' method='get' target='_blank'>
<input name='sitesearch' style='display:none;' value='http://johnysimplemagazine.blogspot.com'/>
<input id='search-box' name='q' onblur='if(this.value==&apos;&apos;)this.value=this.defaultValue;' onfocus='if(this.value==this.defaultValue)this.value=&apos;&apos;;' style='width:170px;border:none;padding:4px 10px; font:italic 12px Arial;color:#666; background:url(http://1.bp.blogspot.com/-kmhya2YU7jE/Tv9JVye66xI/AAAAAAAAAP8/S0ZeuQ910Ow/s1600/field-bg.gif) no-repeat;' type='text' value='Search on this site.........'/><input align='top' id='search-btn' src='http://4.bp.blogspot.com/-b9FTjjXAbp4/TwEo-YIwe-I/AAAAAAAAAU4/Du-VmpE9hPE/s1600/bg_search.gif' type='image' value='Search'/>
</form>
</div>
</div>
</div>
</div>

    <!-- skip links for text browsers -->
    <span id='skiplinks' style='display:none;'>
      <a href='#main'>skip to main </a> |
      <a href='#sidebar'>skip to sidebar</a>
    </span>

 
    <div id='content-wrapper'>

      <div id='crosscol-wrapper' style='text-align:center'>
        <b:section class='crosscol' id='crosscol'/>
      </div>

      <div id='main-wrapper'>

        <b:section class='main' id='main' showaddelement='no'>
<b:widget id='Blog1' locked='true' title='Blog Posts' type='Blog'>
<b:includable id='nextprev'>
  <div class='blog-pager' id='blog-pager'>
    <b:if cond='data:newerPageUrl'>
      <span id='blog-pager-newer-link'>
      <a class='blog-pager-newer-link' expr:href='data:newerPageUrl' expr:id='data:widget.instanceId + &quot;_blog-pager-newer-link&quot;' expr:title='data:newerPageTitle'><data:newerPageTitle/></a>
      </span>
    </b:if>

    <b:if cond='data:olderPageUrl'>
      <span id='blog-pager-older-link'>
      <a class='blog-pager-older-link' expr:href='data:olderPageUrl' expr:id='data:widget.instanceId + &quot;_blog-pager-older-link&quot;' expr:title='data:olderPageTitle'><data:olderPageTitle/></a>
      </span>
    </b:if>

    <a class='home-link' expr:href='data:blog.homepageUrl'><data:homeMsg/></a>

    <b:if cond='data:mobileLinkUrl'>
      <div class='blog-mobile-link'>
        <a expr:href='data:mobileLinkUrl'><data:mobileLinkMsg/></a>
      </div>
    </b:if>

  </div>
  <div class='clear'/>
</b:includable>
<b:includable id='shareButtons' var='post'>
  <a class='share-button sb-email' expr:href='data:post.sharePostUrl + &quot;&amp;target=email&quot;' expr:title='data:top.emailThisMsg' target='_blank'>
    <span class='share-button-link-text'><data:top.emailThisMsg/></span></a>
  <a class='share-button sb-blog' expr:href='data:post.sharePostUrl + &quot;&amp;target=blog&quot;' expr:onclick='&quot;window.open(this.href, \&quot;_blank\&quot;, \&quot;height=270,width=475\&quot;); return false;&quot;' expr:title='data:top.blogThisMsg' target='_blank'>
    <span class='share-button-link-text'><data:top.blogThisMsg/></span></a>
  <a class='share-button sb-twitter' expr:href='data:post.sharePostUrl + &quot;&amp;target=twitter&quot;' expr:title='data:top.shareToTwitterMsg' target='_blank'>
    <span class='share-button-link-text'><data:top.shareToTwitterMsg/></span></a>
  <a class='share-button sb-facebook' expr:href='data:post.sharePostUrl + &quot;&amp;target=facebook&quot;' expr:onclick='&quot;window.open(this.href, \&quot;_blank\&quot;, \&quot;height=430,width=640\&quot;); return false;&quot;' expr:title='data:top.shareToFacebookMsg' target='_blank'>
    <span class='share-button-link-text'><data:top.shareToFacebookMsg/></span></a>
  <a class='share-button sb-buzz' expr:href='data:post.sharePostUrl + &quot;&amp;target=buzz&quot;' expr:onclick='&quot;window.open(this.href, \&quot;_blank\&quot;, \&quot;height=415,width=690\&quot;); return false;&quot;' expr:title='data:top.shareToBuzzMsg' target='_blank'>
    <span class='share-button-link-text'><data:top.shareToBuzzMsg/></span></a>
</b:includable>
<b:includable id='threaded_comment_js' var='post'>
  <script async='async' expr:src='data:post.commentSrc' type='text/javascript'/>

  <script type='text/javascript'>
    (function() {
      var items = <data:post.commentJso/>;
      var msgs = <data:post.commentMsgs/>;
      var config = <data:post.commentConfig/>;

// <![CDATA[
      var cursor = null;
      if (items && items.length > 0) {
        cursor = parseInt(items[items.length - 1].timestamp) + 1;
      }

      var bodyFromEntry = function(entry) {
        if (entry.gd$extendedProperty) {
          for (var k in entry.gd$extendedProperty) {
            if (entry.gd$extendedProperty[k].name == 'blogger.contentRemoved') {
              return '<span class="deleted-comment">' + entry.content.$t + '</span>';
            }
          }
        }
        return entry.content.$t;
      }

      var parse = function(data) {
        cursor = null;
        var comments = [];
        if (data && data.feed && data.feed.entry) {
          for (var i = 0, entry; entry = data.feed.entry[i]; i++) {
            var comment = {};
            // comment ID, parsed out of the original id format
            var id = /blog-(\d+).post-(\d+)/.exec(entry.id.$t);
            comment.id = id ? id[2] : null;
            comment.body = bodyFromEntry(entry);
            comment.timestamp = Date.parse(entry.published.$t) + '';
            if (entry.author && entry.author.constructor === Array) {
              var auth = entry.author[0];
              if (auth) {
                comment.author = {
                  name: (auth.name ? auth.name.$t : undefined),
                  profileUrl: (auth.uri ? auth.uri.$t : undefined),
                  avatarUrl: (auth.gd$image ? auth.gd$image.src : undefined)
                };
              }
            }
            if (entry.link) {
              if (entry.link[2]) {
                comment.link = comment.permalink = entry.link[2].href;
              }
              if (entry.link[3]) {
                var pid = /.*comments\/default\/(\d+)\?.*/.exec(entry.link[3].href);
                if (pid && pid[1]) {
                  comment.parentId = pid[1];
                }
              }
            }
            comment.deleteclass = 'item-control blog-admin';
            if (entry.gd$extendedProperty) {
              for (var k in entry.gd$extendedProperty) {
                if (entry.gd$extendedProperty[k].name == 'blogger.itemClass') {
                  comment.deleteclass += ' ' + entry.gd$extendedProperty[k].value;
                }
              }
            }
            comments.push(comment);
          }
        }
        return comments;
      };

      var paginator = function(callback) {
        if (hasMore()) {
          var url = config.feed + '?alt=json&v=2&orderby=published&reverse=false&max-results=50';
          if (cursor) {
            url += '&published-min=' + new Date(cursor).toISOString();
          }
          window.bloggercomments = function(data) {
            var parsed = parse(data);
            cursor = parsed.length < 50 ? null
                : parseInt(parsed[parsed.length - 1].timestamp) + 1
            callback(parsed);
            window.bloggercomments = null;
          }
          url += '&callback=bloggercomments';
          var script = document.createElement('script');
          script.type = 'text/javascript';
          script.src = url;
          document.getElementsByTagName('head')[0].appendChild(script);
        }
      };
      var hasMore = function() {
        return !!cursor;
      };
      var getMeta = function(key, comment) {
        if ('iswriter' == key) {
          var matches = !!comment.author
              && comment.author.name == config.authorName
              && comment.author.profileUrl == config.authorUrl;
          return matches ? 'true' : '';
        } else if ('deletelink' == key) {
          return config.baseUri + '/delete-comment.g?blogID='
               + config.blogId + '&postID=' + comment.id;
        } else if ('deleteclass' == key) {
          return comment.deleteclass;
        }
        return '';
      };

      var replybox = null;
      var replyUrlParts = null;
      var replyParent = undefined;

      var onReply = function(commentId, domId) {
        if (replybox == null) {
          // lazily cache replybox, and adjust to suit this style:
          replybox = document.getElementById('comment-editor');
          if (replybox != null) {
            replybox.height = '250px';
            replybox.style.display = 'block';
            replyUrlParts = replybox.src.split('#');
          }
        }
        if (replybox && (commentId !== replyParent)) {
          document.getElementById(domId).insertBefore(replybox, null);
          replybox.src = replyUrlParts[0]
              + (commentId ? '&parentID=' + commentId : '')
              + '#' + replyUrlParts[1];
          replyParent = commentId;
        }
      };

      var hash = (window.location.hash || '#').substring(1);
      var startThread, targetComment;
      if (/^comment-form_/.test(hash)) {
        startThread = hash.substring('comment-form_'.length);
      } else if (/^c[0-9]+$/.test(hash)) {
        targetComment = hash.substring(1);
      }

      // Configure commenting API:
      var configJso = {
        'maxDepth': config.maxThreadDepth
      };
      var provider = {
        'id': config.postId,
        'data': items,
        'loadNext': paginator,
        'hasMore': hasMore,
        'getMeta': getMeta,
        'onReply': onReply,
        'rendered': true,
        'initComment': targetComment,
        'initReplyThread': startThread,
        'config': configJso,
        'messages': msgs
      };

      var render = function() {
        if (window.goog && window.goog.comments) {
          var holder = document.getElementById('comment-holder');
          window.goog.comments.render(holder, provider);
        }
      };

      // render now, or queue to render when library loads:
      if (window.goog && window.goog.comments) {
        render();
      } else {
        window.goog = window.goog || {};
        window.goog.comments = window.goog.comments || {};
        window.goog.comments.loadQueue = window.goog.comments.loadQueue || [];
        window.goog.comments.loadQueue.push(render);
      }
    })();
// ]]>
  </script>
</b:includable>
<b:includable id='backlinks' var='post'>
  <a name='links'/><h4><data:post.backlinksLabel/></h4>
  <b:if cond='data:post.numBacklinks != 0'>
    <dl class='comments-block' id='comments-block'>
      <b:loop values='data:post.backlinks' var='backlink'>
        <div class='collapsed-backlink backlink-control'>
          <dt class='comment-title'>
            <span class='backlink-toggle-zippy'>&#160;</span>
            <a expr:href='data:backlink.url' rel='nofollow'><data:backlink.title/></a>
            <b:include data='backlink' name='backlinkDeleteIcon'/>
          </dt>
          <dd class='comment-body collapseable'>
            <data:backlink.snippet/>
          </dd>
          <dd class='comment-footer collapseable'>
            <span class='comment-author'><data:post.authorLabel/> <data:backlink.author/></span>
            <span class='comment-timestamp'><data:post.timestampLabel/> <data:backlink.timestamp/></span>
          </dd>
        </div>
      </b:loop>
    </dl>
  </b:if>
  <p class='comment-footer'>
    <a class='comment-link' expr:href='data:post.createLinkUrl' expr:id='data:widget.instanceId + &quot;_backlinks-create-link&quot;' target='_blank'><data:post.createLinkLabel/></a>
  </p>
</b:includable>
<b:includable id='mobile-main' var='top'>
    <!-- posts -->
    <div class='blog-posts hfeed'>

      <b:include data='top' name='status-message'/>

      <b:if cond='data:blog.pageType == &quot;index&quot;'>
        <b:loop values='data:posts' var='post'>
          <b:include data='post' name='mobile-index-post'/>
        </b:loop>
      <b:else/>
        <b:loop values='data:posts' var='post'>
          <b:include data='post' name='mobile-post'/>
        </b:loop>
      </b:if>
    </div>

   <b:include name='mobile-nextprev'/>
</b:includable>
<b:includable id='post' var='post'>
  <div class='post hentry'>
<b:if cond='data:blog.pageType == &quot;item&quot;'>
<div style='padding:5px 5px 5px 0; margin:0;font-size:95%; line-height:1.4em; border-bottom:4px double #ccc;'>
<a expr:href='data:blog.homepageUrl'>Home</a> &#187;
<b:if cond='data:post.labels'><b:loop values='data:post.labels' var='label'>
<a expr:href='data:label.url' rel='tag'><data:label.name/></a>
<b:if cond='data:label.isLast != &quot;true&quot;'> , </b:if>
</b:loop>
</b:if> &#187; <data:post.title/>
</div>
</b:if>
    <a expr:name='data:post.id'/>
    <b:if cond='data:post.title'>

<b:if cond='data:blog.pageType != &quot;item&quot;'>
<b:if cond='data:post.thumbnailUrl'>
<div class='Image thumb'>
<img expr:src='data:post.thumbnailUrl'/>
</div>
</b:if>

<span class='post-labels'>
<b:if cond='data:post.labels'>
<b:loop values='data:post.labels' var='label'>
<a expr:href='data:label.url + &quot;?&amp;max-results=5&quot;' rel='tag'><data:label.name/></a><b:if cond='data:label.isLast != &quot;true&quot;'>,</b:if>
</b:loop>
</b:if>
</span>
</b:if>

      <h3 class='post-title entry-title'>
      <b:if cond='data:post.link'>
        <a expr:href='data:post.link'><data:post.title/></a>
      <b:else/>
        <b:if cond='data:post.url'>
          <b:if cond='data:blog.url != data:post.url'>
            <a expr:href='data:post.url'><data:post.title/></a>
          <b:else/>
            <data:post.title/>
          </b:if>
        <b:else/>
          <data:post.title/>
        </b:if>
      </b:if>
      </h3>
    </b:if>

    <div class='post-header'>
    <div class='post-header-line-1'/>
    </div>

<b:if cond='data:blog.pageType == &quot;item&quot;'>
<div style='float:left;width:100%;padding:0;margin:10px 0 5px 0'>
<div class='fb-like' data-send='true' data-show-faces='false' data-width='450'/>
</div>
</b:if>

    <div class='post-body entry-content' expr:id='&quot;post-body-&quot; + data:post.id'>

<b:if cond='data:blog.pageType != &quot;item&quot;'>
<b:if cond='data:post.dateHeader'>
<script>var ultimaFecha = &#39;<data:post.dateHeader/>&#39;;</script>
<h2 class='date-header'><data:post.dateHeader/></h2>
<b:else/>
<h2 class='date-header'>
<script>document.write(ultimaFecha);</script>
</h2>
</b:if>
</b:if>

<b:if cond='data:blog.pageType != &quot;item&quot;'>
<b:if cond='data:blog.pageType != &quot;static_page&quot;'>
<div expr:id='&quot;summary&quot; + data:post.id'><data:post.body/></div>
<script type='text/javascript'>createSummaryAndThumb(&quot;summary<data:post.id/>&quot;);</script>

<div class='post-home'>
<span class='rmlink'><a expr:href='data:post.url'>Continue Reading</a></span> | <span class='comment-home'>
<a class='comment-link' expr:href='data:post.addCommentUrl' expr:onclick='data:post.addCommentOnclick'><b:if cond='data:post.numComments == 0'> <data:top.commentLabel/><b:else/><data:top.commentLabelPlural/> (<data:post.numComments/>) </b:if></a> 
</span>
<div id='related-posts'>
<b:loop values='data:post.labels' var='label'>
<script expr:src='&quot;/feeds/posts/default/-/&quot; + data:label.name + &quot;?alt=json-in-script&amp;callback=related_results_labels&amp;max-results=3&quot;' type='text/javascript'/></b:loop>
<script type='text/javascript'>
var maxresults=3;
removeRelatedDuplicates(); printRelatedLabels(&quot;<data:post.url/>&quot;);
</script>
</div>
</div>
</b:if>
</b:if>
<b:if cond='data:blog.pageType == &quot;item&quot;'><data:post.body/></b:if>
<b:if cond='data:blog.pageType == &quot;static_page&quot;'><data:post.body/></b:if>
      <div style='clear: both;'/> <!-- clear for photos floats -->
    </div>

<b:if cond='data:blog.pageType == &quot;item&quot;'>
<div style='background:#f9f9f9;border-top:3px solid #bbb;border-bottom:1px solid #bbb; padding:10px 0px;margin:30px 0px 8px 0px;width:100%;float:left;height:20px;'>
<div style='float:right;padding-right:10px;'>
<div class='addthis_toolbox addthis_default_style '>
<a class='addthis_button_facebook_like' fb:like:layout='button_count'/>
<a class='addthis_button_tweet'/>
<a class='addthis_button_google_plusone' g:plusone:size='medium'/>
<a class='addthis_counter addthis_pill_style'/>
</div>
<script src='http://s7.addthis.com/js/250/addthis_widget.js#pubid=4rifin' type='text/javascript'/></div>
<div style='float:right;padding:2px 10px 0px 0px;font:normal 12px Arial;color:#666'>
<strong>Share this article</strong> : 

</div>
</div>
</b:if>

    <b:if cond='data:post.hasJumpLink'>
      <div class='jump-link'>
        <a expr:href='data:post.url + &quot;#more&quot;' expr:title='data:post.title'><data:post.jumpText/></a>
      </div>
    </b:if>

    <div class='post-footer'>
    <div class='post-footer-line post-footer-line-1'><span class='post-author vcard'>
        <b:if cond='data:top.showAuthor'>
          <data:top.authorLabel/>
          <span class='fn'><data:post.author/></span>
        </b:if>
      </span> <span class='post-timestamp'>
        <b:if cond='data:top.showTimestamp'>
          <data:top.timestampLabel/>
        <b:if cond='data:post.url'>
          <a class='timestamp-link' expr:href='data:post.url' rel='bookmark' title='permanent link'><abbr class='published' expr:title='data:post.timestampISO8601'><data:post.timestamp/></abbr></a>
        </b:if>
        </b:if>
      </span> <span class='post-comment-link'>
        <b:if cond='data:blog.pageType != &quot;item&quot;'>
          <b:if cond='data:blog.pageType != &quot;static_page&quot;'>
            <b:if cond='data:post.allowComments'>
              <a class='comment-link' expr:href='data:post.addCommentUrl' expr:onclick='data:post.addCommentOnclick'><b:if cond='data:post.numComments == 1'>1 <data:top.commentLabel/><b:else/><data:post.numComments/> <data:top.commentLabelPlural/></b:if></a>
            </b:if>
          </b:if>
        </b:if>
      </span> <span class='post-icons'>
        <!-- email post links -->
        <b:if cond='data:post.emailPostUrl'>
          <span class='item-action'>
          <a expr:href='data:post.emailPostUrl' expr:title='data:top.emailPostMsg'>
              <img alt='' class='icon-action' height='13' src='http://img1.blogblog.com/img/icon18_email.gif' width='18'/>
          </a>
          </span>
        </b:if>

        <!-- quickedit pencil -->
        <b:include data='post' name='postQuickEdit'/>
      </span> <div class='post-share-buttons'>
        <b:if cond='data:post.sharePostUrl'>
          <b:include data='post' name='shareButtons'/>
        </b:if>
      </div> </div>

      <div class='post-footer-line post-footer-line-2'><span class='post-labels'>
        <b:if cond='data:post.labels'>
          <data:postLabelsLabel/>
          <b:loop values='data:post.labels' var='label'>
            <a expr:href='data:label.url' rel='tag'><data:label.name/></a><b:if cond='data:label.isLast != &quot;true&quot;'>,</b:if>
          </b:loop>
        </b:if>
      </span> </div>

      <div class='post-footer-line post-footer-line-3'><span class='post-location'>
        <b:if cond='data:top.showLocation'>
          <b:if cond='data:post.location'>
            <data:postLocationLabel/>
            <a expr:href='data:post.location.mapsUrl' target='_blank'><data:post.location.name/></a>
          </b:if>
        </b:if>
      </span> </div>
    </div>
  </div>
</b:includable>
<b:includable id='status-message'>
  <b:if cond='data:navMessage'>
  <div class='status-msg-wrap'>
    <div class='status-msg-body'>
      <data:navMessage/>
    </div>
    <div class='status-msg-border'>
      <div class='status-msg-bg'>
        <div class='status-msg-hidden'><data:navMessage/></div>
      </div>
    </div>
  </div>
  <div style='clear: both;'/>
  </b:if>
</b:includable>
<b:includable id='comment-form' var='post'>
  <div class='comment-form'>
    <a name='comment-form'/>
    <b:if cond='data:mobile'>
      <h4 id='comment-post-message'>
        <a expr:id='data:widget.instanceId + &quot;_comment-editor-toggle-link&quot;' href='javascript:void(0)'><data:postCommentMsg/></a></h4>
      <p><data:blogCommentMessage/></p>
      <data:blogTeamBlogMessage/>
      <a expr:href='data:post.commentFormIframeSrc' id='comment-editor-src'/>
      <iframe allowtransparency='true' class='blogger-iframe-colorize blogger-comment-from-post' frameborder='0' height='410' id='comment-editor' name='comment-editor' src='' style='display: none' width='100%'/>
    <b:else/>
      <h4 id='comment-post-message'><data:postCommentMsg/></h4>
      <p><data:blogCommentMessage/></p>
      <data:blogTeamBlogMessage/>
      <a expr:href='data:post.commentFormIframeSrc' id='comment-editor-src'/>
      <iframe allowtransparency='true' class='blogger-iframe-colorize blogger-comment-from-post' frameborder='0' height='410' id='comment-editor' name='comment-editor' src='' width='100%'/>
    </b:if>
    <data:post.friendConnectJs/>
    <data:post.cmtfpIframe/>
    <script type='text/javascript'>
      BLOG_CMT_createIframe(&#39;<data:post.appRpcRelayPath/>&#39;, &#39;<data:post.communityId/>&#39;);
    </script>
  </div>
</b:includable>
<b:includable id='threaded_comments' var='post'>
  <div class='comments' id='comments'>
    <a name='comments'/>
    <h4>
      <b:if cond='data:post.numComments == 1'>
        1 <data:commentLabel/>:
      <b:else/>
        <data:post.numComments/> <data:commentLabelPlural/>:
      </b:if>
    </h4>

    <div class='comments-content'>
      <b:if cond='data:post.embedCommentForm'>
        <b:include data='post' name='threaded_comment_js'/>
      </b:if>
      <div id='comment-holder'>
         <data:post.commentHtml/>
      </div>
    </div>

    <p class='comment-footer'>
      <b:if cond='data:post.allowNewComments'>
        <b:include data='post' name='threaded-comment-form'/>
      <b:else/>
        <data:post.noNewCommentsText/>
      </b:if>
    </p>

    <b:if cond='data:showCmtPopup'>
      <div id='comment-popup'>
        <iframe allowtransparency='true' frameborder='0' id='comment-actions' name='comment-actions' scrolling='no'>
        </iframe>
      </div>
    </b:if>

    <div id='backlinks-container'>
    <div expr:id='data:widget.instanceId + &quot;_backlinks-container&quot;'>
       <b:if cond='data:post.showBacklinks'>
         <b:include data='post' name='backlinks'/>
       </b:if>
    </div>
    </div>
  </div>
</b:includable>
<b:includable id='backlinkDeleteIcon' var='backlink'>
  <span expr:class='&quot;item-control &quot; + data:backlink.adminClass'>
    <a expr:href='data:backlink.deleteUrl' expr:title='data:top.deleteBacklinkMsg'>
      <img src='//www.blogger.com/img/icon_delete13.gif'/>
    </a>
  </span>
</b:includable>
<b:includable id='mobile-nextprev'>
  <div class='blog-pager' id='blog-pager'>
    <b:if cond='data:newerPageUrl'>
      <div class='mobile-link-button' id='blog-pager-newer-link'>
      <a class='blog-pager-newer-link' expr:href='data:newerPageUrl' expr:id='data:widget.instanceId + &quot;_blog-pager-newer-link&quot;' expr:title='data:newerPageTitle'><data:newerPageTitle/></a>
      </div>
    </b:if>

    <b:if cond='data:olderPageUrl'>
      <div class='mobile-link-button' id='blog-pager-older-link'>
      <a class='blog-pager-older-link' expr:href='data:olderPageUrl' expr:id='data:widget.instanceId + &quot;_blog-pager-older-link&quot;' expr:title='data:olderPageTitle'><data:olderPageTitle/></a>
      </div>
    </b:if>

    <div class='mobile-link-button' id='blog-pager-home-link'>
    <a class='home-link' expr:href='data:blog.homepageUrl'><data:homeMsg/></a>
    </div>

    <div class='mobile-desktop-link'>
      <a class='home-link' expr:href='data:desktopLinkUrl'><data:desktopLinkMsg/></a>
    </div>

  </div>
  <div class='clear'/>
</b:includable>
<b:includable id='mobile-post' var='post'>
  <div class='date-outer'>
    <b:if cond='data:post.dateHeader'>
      <h2 class='date-header'><span><data:post.dateHeader/></span></h2>
    </b:if>
    <div class='date-posts'>
      <div class='post-outer'>

        <div class='post hentry uncustomized-post-template'>
          <a expr:name='data:post.id'/>
          <b:if cond='data:post.title'>
            <h3 class='post-title entry-title'>
              <b:if cond='data:post.link'>
                <a expr:href='data:post.link'><data:post.title/></a>
              <b:else/>
                <b:if cond='data:post.url'>
                  <b:if cond='data:blog.url != data:post.url'>
                    <a expr:href='data:post.url'><data:post.title/></a>
                  <b:else/>
                    <data:post.title/>
                  </b:if>
                <b:else/>
                  <data:post.title/>
                </b:if>
              </b:if>
            </h3>
          </b:if>

          <div class='post-header'>
            <div class='post-header-line-1'/>
          </div>

          <div class='post-body entry-content' expr:id='&quot;post-body-&quot; + data:post.id'>
            <data:post.body/>
            <div style='clear: both;'/> <!-- clear for photos floats -->
          </div>

          <div class='post-footer'>
            <div class='post-footer-line post-footer-line-1'>
              <span class='post-author vcard'>
                <b:if cond='data:top.showAuthor'>
                  <b:if cond='data:post.authorProfileUrl'>
                    <span class='fn'>
                      <a expr:href='data:post.authorProfileUrl' rel='author' title='author profile'>
                        <data:post.author/>
                      </a>
                    </span>
                  <b:else/>
                    <span class='fn'><data:post.author/></span>
                  </b:if>
                </b:if>
              </span>

              <span class='post-timestamp'>
                <b:if cond='data:top.showTimestamp'>
                  <data:top.timestampLabel/>
                  <b:if cond='data:post.url'>
                    <a class='timestamp-link' expr:href='data:post.url' rel='bookmark' title='permanent link'><abbr class='published' expr:title='data:post.timestampISO8601'><data:post.timestamp/></abbr></a>
                  </b:if>
                </b:if>
              </span>

              <span class='post-comment-link'>
                <b:if cond='data:blog.pageType != &quot;item&quot;'>
                  <b:if cond='data:blog.pageType != &quot;static_page&quot;'>
                    <b:if cond='data:post.allowComments'>
                      <a class='comment-link' expr:href='data:post.addCommentUrl' expr:onclick='data:post.addCommentOnclick'><b:if cond='data:post.numComments == 1'>1 <data:top.commentLabel/><b:else/><data:post.numComments/> <data:top.commentLabelPlural/></b:if></a>
                    </b:if>
                  </b:if>
                </b:if>
              </span>
            </div>

            <div class='post-footer-line post-footer-line-2'>
              <b:if cond='data:top.showMobileShare'>
                <div class='mobile-link-button goog-inline-block' id='mobile-share-button'>
                  <a href='javascript:void(0);'><data:shareMsg/></a>
                </div>
              </b:if>
              <b:if cond='data:top.showDummy'>
                <div class='goog-inline-block dummy-container'><data:post.dummyTag/></div>
              </b:if>
            </div>

          </div>
        </div>

        <b:if cond='data:blog.pageType == &quot;static_page&quot;'>
          <b:if cond='data:post.showThreadedComments'>
            <b:include data='post' name='threaded_comments'/>
          <b:else/>
            <b:include data='post' name='comments'/>
          </b:if>
        </b:if>
        <b:if cond='data:blog.pageType == &quot;item&quot;'>
          <b:if cond='data:post.showThreadedComments'>
            <b:include data='post' name='threaded_comments'/>
          <b:else/>
            <b:include data='post' name='comments'/>
          </b:if>
        </b:if>
      </div>
    </div>
  </div>
</b:includable>
<b:includable id='postQuickEdit' var='post'>
  <b:if cond='data:post.editUrl'>
    <span expr:class='&quot;item-control &quot; + data:post.adminClass'>
      <a expr:href='data:post.editUrl' expr:title='data:top.editPostMsg'>
        <img alt='' class='icon-action' height='18' src='http://img2.blogblog.com/img/icon18_edit_allbkg.gif' width='18'/>
      </a>
    </span>
  </b:if>
</b:includable>
<b:includable id='main' var='top'>

  <b:if cond='data:top.showDummy'>
    <script expr:src='data:top.dummyUrl'/>
  </b:if>

  <b:if cond='data:mobileindex'>
    <!-- mobile index -->
    <div class='blog-posts hfeed'>
      <b:loop values='data:posts' var='post'>
        <b:if cond='data:post.isFirstPost == &quot;false&quot;'>
          &lt;/div&gt;
        </b:if>
        &lt;div class=&quot;mobile-date-outer date-outer&quot;&gt;
        <div expr:onclick='data:post.indexOnclick'>
          <b:include data='post' name='mobile-index-post'/>
        </div>
        <b:if cond='data:post.trackLatency'>
          <data:post.latencyJs/>
        </b:if>
      </b:loop>
      <b:if cond='data:numPosts != 0'>
        &lt;/div&gt;
      </b:if>
    </div>
  <b:else/>

    <!-- posts -->
    <div class='blog-posts hfeed'>

      <b:include data='top' name='status-message'/>

      <data:defaultAdStart/>
      <b:loop values='data:posts' var='post'>
        <b:if cond='data:post.isDateStart'>
          <b:if cond='data:post.isFirstPost == &quot;false&quot;'>
            &lt;/div&gt;&lt;/div&gt;
          </b:if>
        </b:if>
        <b:if cond='data:post.isDateStart'>
          &lt;div class=&quot;date-outer&quot;&gt;
        </b:if>






        <b:if cond='data:post.isDateStart'>
          &lt;div class=&quot;date-posts&quot;&gt;
        </b:if>
        <div class='post-outer'>
        <b:include data='post' name='post'/>
        <b:if cond='data:blog.pageType == &quot;static_page&quot;'>
          <b:include data='post' name='comments'/>
        </b:if>
        <b:if cond='data:blog.pageType == &quot;item&quot;'>
          <b:include data='post' name='comments'/>
        </b:if>
        </div>
        <b:if cond='data:post.includeAd'>
          <b:if cond='data:post.isFirstPost'>
            <data:defaultAdEnd/>
          <b:else/>
            <data:adEnd/>
          </b:if>
          <b:if cond='data:mobile == &quot;false&quot;'>
            <div class='inline-ad'>
              <data:adCode/>
            </div>
          </b:if>
          <data:adStart/>
        </b:if>
        <b:if cond='data:post.trackLatency'>
          <data:post.latencyJs/>
        </b:if>
      </b:loop>
      <b:if cond='data:numPosts != 0'>
        &lt;/div&gt;&lt;/div&gt;
      </b:if>
      <data:adEnd/>
    </div>
  </b:if>

  <!-- navigation -->
  <b:if cond='data:mobile'>
    <b:include name='mobile-nextprev'/>
  <b:else/>
    <b:include name='nextprev'/>

    <!-- feed links -->
    <b:include name='feedLinks'/>
  </b:if>

  <b:if cond='data:top.showStars'>
    <script src='//www.google.com/jsapi' type='text/javascript'/>
    <script type='text/javascript'>
      google.load(&quot;annotations&quot;, &quot;1&quot;, {&quot;locale&quot;: &quot;<data:top.languageCode/>&quot;});
      function initialize() {
        google.annotations.setApplicationId(<data:top.blogspotReviews/>);
        google.annotations.createAll();
        google.annotations.fetch();
      }
      google.setOnLoadCallback(initialize);
    </script>
  </b:if>
</b:includable>
<b:includable id='commentDeleteIcon' var='comment'>
  <span expr:class='&quot;item-control &quot; + data:comment.adminClass'>
    <b:if cond='data:showCmtPopup'>
      <div class='goog-toggle-button'>
        <div class='goog-inline-block comment-action-icon'/>
      </div>
    <b:else/>
      <a class='comment-delete' expr:href='data:comment.deleteUrl' expr:title='data:top.deleteCommentMsg'>
        <img src='//www.blogger.com/img/icon_delete13.gif'/>
      </a>
    </b:if>
  </span>
</b:includable>
<b:includable id='feedLinks'>
  <b:if cond='data:blog.pageType != &quot;item&quot;'> <!-- Blog feed links -->
    <b:if cond='data:feedLinks'>
      <div class='blog-feeds'>
        <b:include data='feedLinks' name='feedLinksBody'/>
      </div>
    </b:if>

    <b:else/> <!--Post feed links -->
    <div class='post-feeds'>
      <b:loop values='data:posts' var='post'>
        <b:if cond='data:post.allowComments'>
          <b:if cond='data:post.feedLinks'>
            <b:include data='post.feedLinks' name='feedLinksBody'/>
          </b:if>
        </b:if>
      </b:loop>
    </div>
  </b:if>
</b:includable>
<b:includable id='threaded-comment-form' var='post'>
  <div class='comment-form'>
    <a name='comment-form'/>
    <b:if cond='data:mobile'>
      <p><data:blogCommentMessage/></p>
      <data:blogTeamBlogMessage/>
      <a expr:href='data:post.commentFormIframeSrc' id='comment-editor-src'/>
      <iframe allowtransparency='true' class='blogger-iframe-colorize blogger-comment-from-post' frameborder='0' height='410' id='comment-editor' name='comment-editor' src='' style='display: none' width='100%'/>
    <b:else/>
      <p><data:blogCommentMessage/></p>
      <data:blogTeamBlogMessage/>
      <a expr:href='data:post.commentFormIframeSrc' id='comment-editor-src'/>
      <iframe allowtransparency='true' class='blogger-iframe-colorize blogger-comment-from-post' frameborder='0' height='410' id='comment-editor' name='comment-editor' src='' width='100%'/>
    </b:if>
    <data:post.friendConnectJs/>
    <data:post.cmtfpIframe/>
    <script type='text/javascript'>
      BLOG_CMT_createIframe(&#39;<data:post.appRpcRelayPath/>&#39;, &#39;<data:post.communityId/>&#39;);
    </script>
  </div>
</b:includable>
<b:includable id='mobile-index-post' var='post'>
  <b:if cond='data:post.dateHeader'>
    <div class='mobile-index-date'>
      <div class='date-header'>
        <span><data:post.dateHeader/></span>
      </div>
    </div>
  </b:if>

  <div class='mobile-post-outer'>
    <div class='mobile-index-title-outer'>
      <h3 class='mobile-index-title entry-title'>
        <a href='javascript:void(0)'><data:post.title/></a>
      </h3>
    </div>

    <div>
      <div class='mobile-index-arrow'>
        <a href='javascript:void(0)'>&amp;rsaquo;</a>
      </div>

      <div class='mobile-post-contents'>
        <b:if cond='data:post.thumbnailUrl'>
          <div class='mobile-index-thumbnail'>
            <div class='Image'>
              <img expr:src='data:post.thumbnailUrl'/>
            </div>
          </div>
        </b:if>

        <div class='post-body'>
          <b:if cond='data:post.snippet'><data:post.snippet/></b:if>
        </div>
      </div>
      <div style='clear: both;'/>
    </div>

    <div class='mobile-index-comment'>
      <b:if cond='data:blog.pageType != &quot;item&quot;'>
        <b:if cond='data:blog.pageType != &quot;static_page&quot;'>
          <b:if cond='data:post.allowComments'>
            <b:if cond='data:post.numComments != 0'>
              <a class='comment-link' expr:href='data:post.addCommentUrl' expr:onclick='data:post.addCommentOnclick'><b:if cond='data:post.numComments == 1'>1 <data:top.commentLabel/><b:else/><data:post.numComments/> <data:top.commentLabelPlural/></b:if></a>
            </b:if>
          </b:if>
        </b:if>
      </b:if>
    </div>
  </div>
</b:includable>
<b:includable id='feedLinksBody' var='links'>
  <div class='feed-links'>
  <data:feedLinksMsg/>
  <b:loop values='data:links' var='f'>
     <a class='feed-link' expr:href='data:f.url' expr:type='data:f.mimeType' target='_blank'><data:f.name/> (<data:f.feedType/>)</a>
  </b:loop>
  </div>
</b:includable>
<b:includable id='comments' var='post'>
  <div class='comments' id='comments'>
    <a name='comments'/>
    <b:if cond='data:post.allowComments'>
      <h4>
        <b:if cond='data:post.numComments == 1'>
          1 <data:commentLabel/>:
        <b:else/>
          <data:post.numComments/> <data:commentLabelPlural/>:
        </b:if>
      </h4>

      <b:if cond='data:post.commentPagingRequired'>
        <span class='paging-control-container'>
          <a expr:class='data:post.oldLinkClass' expr:href='data:post.oldestLinkUrl'><data:post.oldestLinkText/></a>
          &#160;
          <a expr:class='data:post.oldLinkClass' expr:href='data:post.olderLinkUrl'><data:post.olderLinkText/></a>
          &#160;
          <data:post.commentRangeText/>
          &#160;
          <a expr:class='data:post.newLinkClass' expr:href='data:post.newerLinkUrl'><data:post.newerLinkText/></a>
          &#160;
          <a expr:class='data:post.newLinkClass' expr:href='data:post.newestLinkUrl'><data:post.newestLinkText/></a>
        </span>
      </b:if>

      <div expr:id='data:widget.instanceId + &quot;_comments-block-wrapper&quot;'>
        <dl expr:class='data:post.avatarIndentClass' id='comments-block'>
          <b:loop values='data:post.comments' var='comment'>
            <dt expr:class='&quot;comment-author &quot; + data:comment.authorClass' expr:id='data:comment.anchorName'>
              <b:if cond='data:comment.favicon'>
                <img expr:src='data:comment.favicon' height='16px' style='margin-bottom:-2px;' width='16px'/>
              </b:if>
              <a expr:name='data:comment.anchorName'/>
              <b:if cond='data:blog.enabledCommentProfileImages'>
                <data:comment.authorAvatarImage/>
              </b:if>
              <b:if cond='data:comment.authorUrl'>
                <a expr:href='data:comment.authorUrl' rel='nofollow'><data:comment.author/></a>
              <b:else/>
                <data:comment.author/>
              </b:if>
              <data:commentPostedByMsg/>
            </dt>
            <dd class='comment-body' expr:id='data:widget.instanceId + data:comment.cmtBodyIdPostfix'>
              <b:if cond='data:comment.isDeleted'>
                <span class='deleted-comment'><data:comment.body/></span>
              <b:else/>
                <p>
                  <data:comment.body/>
                </p>
              </b:if>
            </dd>
            <dd class='comment-footer'>
              <span class='comment-timestamp'>
                <a expr:href='data:comment.url' title='comment permalink'>
                  <data:comment.timestamp/>
                </a>
                <b:include data='comment' name='commentDeleteIcon'/>
              </span>
            </dd>
          </b:loop>
        </dl>
      </div>

      <b:if cond='data:post.commentPagingRequired'>
        <span class='paging-control-container'>
          <a expr:class='data:post.oldLinkClass' expr:href='data:post.oldestLinkUrl'>
            <data:post.oldestLinkText/>
          </a>
          <a expr:class='data:post.oldLinkClass' expr:href='data:post.olderLinkUrl'>
            <data:post.olderLinkText/>
          </a>
          &#160;
          <data:post.commentRangeText/>
          &#160;
          <a expr:class='data:post.newLinkClass' expr:href='data:post.newerLinkUrl'>
            <data:post.newerLinkText/>
          </a>
          <a expr:class='data:post.newLinkClass' expr:href='data:post.newestLinkUrl'>
            <data:post.newestLinkText/>
          </a>
        </span>
      </b:if>

      <p class='comment-footer'>
        <b:if cond='data:post.embedCommentForm'>
          <b:if cond='data:post.allowNewComments'>
            <b:include data='post' name='comment-form'/>
          <b:else/>
            <data:post.noNewCommentsText/>
          </b:if>
        <b:else/>
          <b:if cond='data:post.allowComments'>
            <a expr:href='data:post.addCommentUrl' expr:onclick='data:post.addCommentOnclick'><data:postCommentMsg/></a>
          </b:if>
        </b:if>

      </p>
    </b:if>
    <b:if cond='data:showCmtPopup'>
      <div id='comment-popup'>
        <iframe allowtransparency='true' frameborder='0' id='comment-actions' name='comment-actions' scrolling='no'>
        </iframe>
      </div>
    </b:if>

    <div id='backlinks-container'>
    <div expr:id='data:widget.instanceId + &quot;_backlinks-container&quot;'>
       <b:if cond='data:post.showBacklinks'>
         <b:include data='post' name='backlinks'/>
       </b:if>
    </div>
    </div>
  </div>
</b:includable>
</b:widget>
</b:section>
      </div>
<b:if cond='data:blog.pageType != &quot;item&quot;'>
      <div id='midle-wrapper'>
        <b:section class='midle' id='midle' preferred='yes'>
<b:widget id='HTML6' locked='false' title='Sport' type='HTML'>
<b:includable id='main'>
  <!-- only display title if it's non-empty -->
  <b:if cond='data:title != &quot;&quot;'>
    <h2 class='title'><data:title/></h2>
  </b:if>
  <div class='widget-content'>
    <data:content/>
  </div>

  <b:include name='quickedit'/>
</b:includable>
</b:widget>
<b:widget id='HTML7' locked='false' title='' type='HTML'>
<b:includable id='main'>
  <!-- only display title if it's non-empty -->
  <b:if cond='data:title != &quot;&quot;'>
    <h2 class='title'><data:title/></h2>
  </b:if>
  <div class='widget-content'>
    <data:content/>
  </div>

  <b:include name='quickedit'/>
</b:includable>
</b:widget>
<b:widget id='HTML5' locked='false' title='Entertainment' type='HTML'>
<b:includable id='main'>
  <!-- only display title if it's non-empty -->
  <b:if cond='data:title != &quot;&quot;'>
    <h2 class='title'><data:title/></h2>
  </b:if>
  <div class='widget-content'>
    <data:content/>
  </div>

  <b:include name='quickedit'/>
</b:includable>
</b:widget>
<b:widget id='HTML1' locked='false' title='World News' type='HTML'>
<b:includable id='main'>
  <!-- only display title if it's non-empty -->
  <b:if cond='data:title != &quot;&quot;'>
    <h2 class='title'><data:title/></h2>
  </b:if>
  <div class='widget-content'>
    <data:content/>
  </div>

  <b:include name='quickedit'/>
</b:includable>
</b:widget>
</b:section>
<!--Page Navigation Starts-->
<script type='text/javascript'>
var pageCount=6;
var displayPageNum=6;
var upPageWord =&#39;Previous&#39;;
var downPageWord =&#39;Next&#39;;
</script>
<script src='http://jamu-martin.googlecode.com/files/page%20navigation.js' type='text/javascript'/>
<!--Page Navigation Ends -->
      </div>
</b:if>
      <div id='sidebar-wrapper'>
<div class='enews'>
                <b>eNews &amp; Updates</b>    
                <form action='http://feedburner.google.com/fb/a/mailverify' id='subscribe' method='post' onsubmit='window.open(&apos;http://feedburner.google.com/fb/a/mailverify?uri=blogspot/htbgh&apos;, &apos;popupwindow&apos;, &apos;scrollbars=yes,width=550,height=520&apos;);return true' target='popupwindow'><p>Sign up to receive breaking news<br/>as well as receive other site updates!</p><input id='subbox' name='email' onblur='if (this.value == &apos;&apos;) {this.value = &apos;Enter your email address...&apos;;}' onfocus='if (this.value == &apos;Enter your email address...&apos;) {this.value = &apos;&apos;;}' type='text' value='Enter your email address...'/><input name='uri' type='hidden' value='blogspot/htbgh'/><input name='loc' type='hidden' value='en_US'/><input id='subbutton' type='submit' value='Enter'/></form>

            </div>
        <b:section class='sidebar' id='sidebar' preferred='yes'>
<b:widget id='PopularPosts1' locked='false' title='Popular Posts Today' type='PopularPosts'>
<b:includable id='main'>
  <b:if cond='data:title'><h2><data:title/></h2></b:if>
  <div class='widget-content popular-posts'>
    <ul>
      <b:loop values='data:posts' var='post'>
      <li>
        <b:if cond='data:showThumbnails == &quot;false&quot;'>
          <b:if cond='data:showSnippets == &quot;false&quot;'>
            <!-- (1) No snippet/thumbnail -->
            <a expr:href='data:post.href'><data:post.title/></a>
          <b:else/>
            <!-- (2) Show only snippets -->
            <div class='item-title'><a expr:href='data:post.href'><data:post.title/></a></div>
            <div class='item-snippet'><data:post.snippet/></div>
          </b:if>
        <b:else/>
          <b:if cond='data:showSnippets == &quot;false&quot;'>
            <!-- (3) Show only thumbnails -->
            <div class='item-thumbnail-only'>
              <b:if cond='data:post.thumbnail'>
                <div class='item-thumbnail'>
                  <a expr:href='data:post.href' target='_blank'>
                    <img alt='' border='0' expr:height='data:thumbnailSize' expr:src='data:post.thumbnail' expr:width='data:thumbnailSize'/>
                  </a>
                </div>
              </b:if>
              <div class='item-title'><a expr:href='data:post.href'><data:post.title/></a></div>
            </div>
            <div style='clear: both;'/>
          <b:else/>
            <!-- (4) Show snippets and thumbnails -->
            <div class='item-content'>
              <b:if cond='data:post.thumbnail'>
                <div class='item-thumbnail'>
                  <a expr:href='data:post.href' target='_blank'>
                    <img alt='' border='0' expr:height='data:thumbnailSize' expr:src='data:post.thumbnail' expr:width='data:thumbnailSize'/>
                  </a>
                </div>
              </b:if>
              <div class='item-title'><a expr:href='data:post.href'><data:post.title/></a></div>
              <div class='item-snippet'><data:post.snippet/></div>
            </div>
            <div style='clear: both;'/>
          </b:if>
        </b:if>
      </li>
      </b:loop>
    </ul>
    <b:include name='quickedit'/>
  </div>
</b:includable>
</b:widget>
<b:widget id='HTML9' locked='false' title='' type='HTML'>
<b:includable id='main'>
  <!-- only display title if it's non-empty -->
  <b:if cond='data:title != &quot;&quot;'>
    <h2 class='title'><data:title/></h2>
  </b:if>
  <div class='widget-content'>
    <data:content/>
  </div>

  <b:include name='quickedit'/>
</b:includable>
</b:widget>
<b:widget id='HTML11' locked='false' title='' type='HTML'>
<b:includable id='main'>
  <!-- only display title if it's non-empty -->
  <b:if cond='data:title != &quot;&quot;'>
    <h2 class='title'><data:title/></h2>
  </b:if>
  <div class='widget-content'>
    <data:content/>
  </div>

  <b:include name='quickedit'/>
</b:includable>
</b:widget>
<b:widget id='HTML10' locked='false' title='' type='HTML'>
<b:includable id='main'>
  <!-- only display title if it's non-empty -->
  <b:if cond='data:title != &quot;&quot;'>
    <h2 class='title'><data:title/></h2>
  </b:if>
  <div class='widget-content'>
    <data:content/>
  </div>

  <b:include name='quickedit'/>
</b:includable>
</b:widget>
</b:section>
      </div>

      <!-- spacer for skins that want sidebar and main to be the same height-->
      <div class='clear'>&#160;</div>

    </div> <!-- end content-wrapper -->

<b:if cond='data:blog.pageType != &quot;item&quot;'>
<div class='picfooter'>
<div id='footer-wrapper'>
<b:section class='footer' id='footer' preferred='yes'/>

<div id='footer1-wrapper'>
<b:section class='footer' id='footer1' preferred='yes'>
<b:widget id='HTML2' locked='false' title='Random Post' type='HTML'>
<b:includable id='main'>
  <!-- only display title if it's non-empty -->
  <b:if cond='data:title != &quot;&quot;'>
    <h2 class='title'><data:title/></h2>
  </b:if>
  <div class='widget-content'>
    <data:content/>
  </div>

  <b:include name='quickedit'/>
</b:includable>
</b:widget>
</b:section>
</div>

<div id='footer2-wrapper'>
<b:section class='footer' id='footer2' preferred='yes'>
<b:widget id='HTML3' locked='false' title='Popular Post' type='HTML'>
<b:includable id='main'>
  <!-- only display title if it's non-empty -->
  <b:if cond='data:title != &quot;&quot;'>
    <h2 class='title'><data:title/></h2>
  </b:if>
  <div class='widget-content'>
    <data:content/>
  </div>

  <b:include name='quickedit'/>
</b:includable>
</b:widget>
</b:section>
</div>

<div id='footer3-wrapper'>
<b:section class='footer' id='footer3' preferred='yes'>
<b:widget id='HTML4' locked='false' title='Trending Topic' type='HTML'>
<b:includable id='main'>
  <!-- only display title if it's non-empty -->
  <b:if cond='data:title != &quot;&quot;'>
    <h2 class='title'><data:title/></h2>
  </b:if>
  <div class='widget-content'>
    <data:content/>
  </div>

  <b:include name='quickedit'/>
</b:includable>
</b:widget>
</b:section>
</div> <div style='clear:both;'/>

</div>
</div>
</b:if>

<div class='creditpic'>
<div class='credit'>
<div style='float:left;text-align:left;'>
<strong>Support :</strong>

<a href='http://creatingwebsite-maskolis.blogspot.com/'>Creating Website</a> | <a href='http://johnytemplate.blogspot.com/'>Johny Template</a> | <a href='http://maskolis.blogspot.com/'>Maskolis</a> | <a href='http://johnypaper.blogspot.com/'>Johny  Portal</a> | <a href='http://johnymagazine.blogspot.com/'>Johny Magazine</a> | <a href='http://johnynews.tk/'>Johny News</a> | <a href='http://johnydemosite.blogspot.com/'>Johny Demosite</a><br/>

Copyright &#169; 2011. <a class='sitename' expr:href='data:blog.homepageUrl' expr:title='data:blog.title'><data:blog.title/></a> - All Rights Reserved
</div>
<div style='float:right;text-align:right;'>
Template Modify by <a href='http://creatingwebsite-maskolis.blogspot.com/'>Creating Website</a>  Inspired  <a href='http://wphacks.com/'>Wordpress Hack</a><br/> 
Proudly powered by <a href='http://www.blogger.com'>Blogger</a>

</div>
</div>
</div>

  </div></div> <!-- end outer-wrapper -->
</body>
</html>