<?xml version="1.0" encoding="UTF-8" ?>
<!DOCTYPE html>
<html xmlns='http://www.w3.org/1999/xhtml' xmlns:b='http://www.google.com/2005/gml/b' xmlns:data='http://www.google.com/2005/gml/data' xmlns:expr='http://www.google.com/2005/gml/expr'>
  <head>
    <b:include data='blog' name='all-head-content'/>

    <title>
      <b:if cond='data:blog.pageType == &quot;index&quot;'>
        <data:blog.pageTitle/>
        <b:else/>
        <b:if cond='data:blog.pageType != &quot;error_page&quot;'>
          <data:blog.pageName/> | <data:blog.title/>
          <b:else/>
          Page Not Found | <data:blog.title/> 
        </b:if>
      </b:if>
    </title>
    

    <b:if cond='data:blog.pageType == &quot;archive&quot;'>
      <meta content='noindex,noarchive' name='robots'/>
    </b:if>
    <meta charset='UTF-8'/>
    <meta content='width=device-width, initial-scale=1, maximum-scale=1' name='viewport'/>
<link href='//maxcdn.bootstrapcdn.com/bootstrap/3.3.1/css/bootstrap.min.css' rel='stylesheet' type='text/css'/>
<link href='//maxcdn.bootstrapcdn.com/font-awesome/4.1.0/css/font-awesome.min.css' id='fontawesome' rel='stylesheet' type='text/css'/>
<link href='http://fonts.googleapis.com/css?family=PT+Serif:300,400,700|Open+Sans:400,600|Rock+Salt|Montserrat:400,700&amp;subset=cyrillic' rel='stylesheet' type='text/css'/>


<b:skin><![CDATA[

*, *:after, *:before {box-sizing: border-box;-webkit-box-sizing: border-box;-moz-box-sizing: border-box;-webkit-font-smoothing: antialiased;font-smoothing: antialiased;text-rendering: optimizeLegibility;}
/*------------------------------------------------------
Variable @ Template Designer
--------------------------------------------------------
<Group description="Header Text" selector="h1,h2,h3,h4,h5,h6">
<Variable name="header.font" description="Font" type="font"
default="normal normal 12px Arial, Tahoma, Helvetica, FreeSans, sans-serif" value="normal normal 28px Montserrat"/>
<Variable name="header.text.color" description="Text Color" type="color" default="#222222" value="#222222"/>
</Group>

<Variable name="keycolor" description="Main Color" type="color" default="#757575" value="#757575"/>
<Group description="Body-background" selector="body">
<Variable name="body.background.color" description="Body Color" type="color" default="#f3f3f3" value="#FDFDFD"/>
<Variable name="primary.background.color" description="Primary background Color" type="color" default="#28c9bc" value="#202020"/>
<Variable name="secondary.background.color" description="Secondary background Color" type="color" default="#28c9bc" value="#555555"/>
<Variable name="tertiary.background.color" description="Tertiary background Color" type="color" default="#28c9bc" value="#edc037"/>
</Group>

------------------------------------------------------*/

/*****************************************
reset.css
******************************************/
html, body, div, span, applet, object, iframe,
h1, h2, h3, h4, h5, h6, p, blockquote, pre,
a, abbr, acronym, address, big, cite, code,
del, dfn, em, font, img, ins, kbd, q, s, samp,
small, strike, strong, sub, sup, tt, var,
dl, dt, dd, ol, ul, li,
fieldset, form, label, legend,
table, caption, tbody, tfoot, thead, tr, th, td, figure {    margin: 0;    padding: 0;}
article,aside,details,figcaption,figure,
footer,header,hgroup,menu,nav,section {     display:block;}
table {    border-collapse: separate;    border-spacing: 0;}
caption, th, td {    text-align: left;    font-weight: normal;}
blockquote:before, blockquote:after,
q:before, q:after {    content: "";}
blockquote, q {    quotes: "" "";}
sup{    vertical-align: super;    font-size:smaller;}
code{    font-family: 'Courier New', Courier, monospace;    font-size:12px;    color:#272727;}
::selection {  background: #333;  color: #fff;  }
::-moz-selection {  background: #333;  color: #fff;  }
a img{	border: none;vertical-align: middle;}
img{vertical-align: middle;max-width:100%;}
ol, ul { padding: 10px 0 20px;  margin: 0 0 0 35px;  text-align: left;  }
ol li { list-style-type: decimal;  padding:0 0 5px;  }
ul li { list-style-type: square;  padding: 0 0 5px;  }
ul ul, ol ol { padding: 0; }

h1, h2, h3, h4, h5, h6 { font-family:PT Serif,sans-serif; font-weight: normal; }

.post-body h1 { line-height: 48px; font-size: 42px; margin: 10px 0; }
.post-body h2 { font-size: 36px; line-height: 44px; padding-bottom: 5px; margin: 10px 0; }
.post-body h3 { font-size: 32px; line-height: 40px; padding-bottom: 5px; margin: 10px 0; }
.post-body h4 { font-size: 28px; line-height: 36px; margin: 10px 0;  }
.post-body h5 { font-size: 24px; line-height: 30px; margin: 10px 0;  }
.post-body h6 { font-size: 18px; line-height: 24px; margin: 10px 0;  }

/*****************************************
Global Links CSS
******************************************/
a{ color: #555; outline:none; text-decoration: none; }
a:hover,a:focus { color: #000; text-decoration:none; }
body{ background: $(body.background.color); color: #333; padding: 0; font-family: 'Open Sans', sans-serif; font-size: 15px; line-height: 25px; }

.clr { clear:both; float:none; }
.clearfix{position:relative;}
.clearfix:after,.clearfix:before{display:table;content:"";line-height:0}

/*****************************************
Wrappers
******************************************/
.ct-wrapper { padding: 0px 20px; position: relative; max-width: 1080px; margin: 0 auto; }
.outer-wrapper { margin: 25px 0; position: relative; }
.header-wrapper { display: inline-block; float: left; width: 100%; }

.main-wrapper {
  width: 70%;
  display: table;
  margin: 0 auto;
}

#content { position: relative;margin-right:25px; }

.sidebar-wrapper { width:30%; float: right; }

.stretched{margin-top:60px;}


/**** Layout Styling CSS *****/
body#layout .header-wrapper { margin-top: 0px; }
body#layout .outer-wrapper, body#layout .sidebar-wrapper, body#layout .ct-wrapper { margin: 0; padding: 0; }
body#layout #About { width: 100%; }
#layout .blog_share {
display: none;
}
#layout .bg-opacity {
  opacity: 0;
  position: static;
  height: 0;
}
#layout .about_author,#layout .blog_author,#layout .bottom_share,#layout .contact_us,#layout p.attribution{margin:0;margin-top:0;  padding: 0;}
#layout header#blog_header{height:auto!important;}
#layout .footer_bottom {margin: 0;padding: 0;}
/*****************************************
Header CSS
******************************************/
div#header {
  position: absolute;
  top: 18%;
  bottom: 0;
  left: 0;
  right: 0;
  z-index: 200;
}

#header-inner{text-align:center; margin: 50px 20px 30px; padding: 0; }
#header h1 { font-family: rock salt,cursive; font-size: 70px; font-style: normal; line-height:150%; }
#header h1 a, #header h1 a:hover {  color: #fff;  }
#header p.description{ color: #333; font-size: 12px; font-style: italic; text-shadow: 1px 1px #FFFFFF; margin: 0; padding: 0; text-transform:capitalize; }
#header img{   border:0 none; background:none; width:auto; height:auto; margin:0 auto;  max-height:190px;}

/* About Author */
.about_author {
  margin-top: -80px;
  z-index: 200;
  position: relative;
}
.blog_author {
text-align: center;  margin-bottom: 25px;
}
.author_thumbnail {
  width: 150px;
  margin: 0 auto 10px;
}

.blog_author img {
  border-radius: 50%;
  border: 5px solid transparent;
  background: $(body.background.color);
}
.detail {
  margin: 0 auto;
  display: inline-block;
color: #666;
}
.blog_author .detail .name {
  font-size: 22px;
margin-bottom: 5px;
}
.blog_author .detail .term {
  font-size: 14px;
font-weight:300;
}


/*****************************************
Main Menu CSS
******************************************/
.nav-menu { margin: 20px auto 0; padding: 0; width: 100%; z-index: 299; position:absolute;}

.nav-menu ul {
  list-style: none;
  margin: 0 auto;
  padding: 0;
  z-index: 999;
  display: table;
}

.nav-menu ul li { display: inline-block; float: left;line-height: 1; list-style: none;  padding: 0;margin-right: 15px; }
.nav-menu li a {
  color: #f3f3f3;
  display: block;
  font-size: 12px;
  font-weight: 300;
  padding: 5px 15px;
  position: relative;
  text-decoration: none;
  text-transform: uppercase;
  letter-spacing: 1px;
  font-family: montserrat,sans-serif;
}
.nav-menu li a:hover { color: ; }
.sticky { position: fixed; top: 0px; border-bottom: 1px solid #ddd; z-index: 99999; }

.nav-menu li:first-child a, .nav-menu li a:hover {
  background: $(tertiary.background.color);
color:white;
}

/*------------------------------------

		blog-header

------------------------------------*/

.bg-opacity {
  width: 100%;
  height: 100%;
  background: rgba(0,0,0,.7);
  position: absolute;
  top: 0;
  z-index: 100;
}



/*****************************************

	|-| main Section Stylesheet |-|

******************************************/

/* index gallery style */

.blog-posts.hfeed {
width: 100%;
}

.img-wrapper {
  margin-bottom: 20px;
}

img.gallry_img {
width: 100%;
max-width: 100%;
}



.article_excerpt {
  text-align: center;
  margin-bottom: 35px;
}
.meta {
  float: left;
  clear: both;
  width: 100%;
margin-bottom: 10px;
}
.meta, .meta span {
  font-weight: 400;
  font-style: normal;
  color: #777;
  text-transform: uppercase;
  letter-spacing: 1px;
  font-size: 10px;
}
.meta span i {
  font-size: 10px;
  margin-right: 5px;
  color: #aeaeae;
}
.meta span {
  margin-left: 10px;
}


.article_excerpt h2 {
  padding: 0;
  margin: 0 0 15px;
  font-size: 40px;
  font-weight: 700;
  text-transform: capitalize;
  clear: both;
}
.article_excerpt h2 a {
  color: #444;
}

.article_excerpt p {
  font-size: 14px;
  line-height: 1.9;
}

.center {
  text-align: center;
}
a.continue_reading {
  display: table;
  margin: 0 auto;
  border: 5px double #FFF;
  padding: 6px 25px;
  border-radius: 20px;
  text-transform: uppercase;
  font-size: 12px;
  letter-spacing: 1px;
  color: #FDFDFD;
  background-color: #a0a0a0;
}



 .sidebar h2:after {
  content: "";
  width: 40px;
  height: 2px;
  background: #555555;
  position: absolute;
  left: -20px;
  top: -5px;
}



.post-outer{margin-bottom:30px;padding-bottom:30px;}

.post.hentry {
margin: 0;
overflow: hidden;
height:100%;
}

.post_title {
  font-size: 38px;
  margin: 0;
  margin-bottom: 15px;
  padding: 0;
  text-transform: capitalize;
  font-weight: 700;
  text-align: center;
}



.post-title a{ color:#333; }
.post-title a:hover{ color: #2980B9; }
.post-body { color: #666; text-transform: auto; word-wrap:break-word;  }

.post-header { color: #999999; font-size: 10px; line-height: normal; margin: 0 0 20px; padding: 0;text-align:center;  text-transform: uppercase;
  letter-spacing: 1px;}
.post-header > span {
  margin-right: 10px;
}
.post-header a { color: #999; }
.post-header a:hover{ color: #2980B9; }



/***** Page Nav CSS *****/

.status-msg-wrap {
  margin-bottom: 30px;
}

#blog-pager {
display: inline-block;
margin: 20px 0 0;
overflow: visible;
padding: 25px 3%;
width: 100%;
}

.showpageOf, .home-link {  display:none;  }
.showpagePoint {  background: #101010;  color: #FFFFFF;  margin: 0 10px 0 0;  padding: 5px 10px;  text-decoration: none;  border-radius: 3px; -moz-border-radius: 3px; -o-border-radius: 3px; -webkit-border-radius: 3px;  }
.showpage a, .showpageNum a { background: transparent; color: $(primary.background.color);border:1px solid #333; margin: 0 10px 0 0; padding: 5px 10px; text-decoration: none; border-radius: 3px; -moz-border-radius: 3px; -o-border-radius: 3px; -webkit-border-radius: 3px; }
.showpage a:hover, .showpageNum a:hover {  background: #101010;  color: #fff;  border-radius: 3px;  -moz-border-radius: 3px;  -o-border-radius: 3px;  -webkit-border-radius: 3px;  text-decoration: none;  }

#blog-pager-newer-link { padding: 20px 0 0; position: relative; text-align: left; width: 40%; }
#blog-pager-newer-link:before {
  content: "\00AB";
  font-size: 22px;
  margin-right: 10px;
  float: left;
  margin-top: 10px;
  color: #fff;
  width: 35px;
  height: 35px;
  padding: 2px 12px;
  border-radius: 50%;
  background-color: #333;
}
#blog-pager-older-link { padding: 20px 0 0; position: relative; text-align: right; width: 40%; }

#blog-pager-older-link:before {
  content: "\00BB";
  font-size: 22px;
  float: right;
  margin-left: 15px;
  margin-top: 9px;
  background-color: #333;
  color: #fff;
  width: 35px;
  height: 35px;
  padding: 2px 12px;
  border-radius: 50%;
}
#blog-pager-newer-link .newer-text, #blog-pager-older-link .older-text { display: block; color: #999; }

/*****************************************
Post Highlighter CSS
******************************************/
blockquote { border-color: #F1F4F9; border-style: solid; border-width: 1px 0; color: #888888; font-style: italic; margin: 10px 0 20px; padding: 15px 40px; }

div#blog-banner {
  width: 100%;
  height: 400px;
  background-position: 50%;
  background-repeat: no-repeat;
  background-size: cover;
}

/*****************************************
Sidebar CSS
******************************************/
.sidebar { margin: 0; padding: 0; display: block; }

.sidebar h2 {
  position: relative;
  font-size: 16px;
  margin-bottom: 25px;
  padding-bottom: 5px;
  text-transform: uppercase;
  line-height: 1.7;
}
.sidebar h2:after {
  top: 40px;
  color: #333;
  left: 2px;
}

.sidebar .widget { padding: 25px 20px; clear: both; font-size: 13px; line-height: 23px; margin-bottom: 30px;  }
.sidebar ul { margin: 0; padding: 0; list-style: none; }
.sidebar li {
border-bottom: 1px solid #F1f4f9;
line-height: normal;
list-style: none !important;
margin: 8px 0;
overflow: hidden;
padding: 0 0 10px;
}

/*****************************************
       Footer Credits CSS
******************************************/
.footer_bottom {
  position: relative;
  background-color: #222;
  padding: 20px 0 0;
margin-top: 80px;
}

div#Footer-header {
  display: table;
  margin: 0 auto;
  margin-bottom: 35px;
}

div#Header2 h1 a {
  color: #fafafa;
}
div#Header2 h1 {
  font-family: rock salt,cursive;
  font-size: 44px;
  line-height: 1.5;
  letter-spacing: 2px;
}


.contact_us {
  text-align: center;
  display: table;
  margin: 0 auto;
  margin-bottom: 55px;
}
.contact_us a {
  background-color: #6C1FCD;
  color: #fff;
  padding: 8px 30px;
  display: block;
  border-radius: 20px;
  font-size: 12px;
  font-family: montserrat,sans-serif;
  text-transform: uppercase;
}

.bottom_share {
  display: table;
  margin: 0 auto;
  margin-bottom: 55px;
  border-top: 2px solid #444;
  padding-top: 25px;
}

.bottom_share a {
  font-size: 22px;
  color: #999;
  display: inline-block;
  margin: 0 15px;
}

p.attribution {
  background-color: #111;
  padding: 20px 0;
  margin: 0 auto;
  text-align: center;
  color: #777;
  font-size: 14px;
}


.toTop {
  position: relative;
  display: table;
  margin: 0 auto;
  text-align: center;
}
.toTop a {
  position: absolute;
  top: -45px;
  left: -25px;
  display: block;
  background-color: #222222;
  padding: 7px 14px;
  width: 50px;
  height: 50px;
  border-radius: 50%;
  border: 4px solid #F3F3F3;
  color: #fff;
}

/*****************************************
Custom Widget CSS
******************************************/
/***** Search Form *****/
#searchform fieldset { background: #F1F4F9; border: 1px solid #F1F4F9; color: #888888; width: 98%; }
#searchform fieldset:hover { background: #fff; }
#s { background: url("http://3.bp.blogspot.com/-Mu6D1ld_3TE/U35bF1XXIVI/AAAAAAAADBM/VaHEtkyX3MA/s1600/sprites.png") no-repeat scroll right -60px rgba(0, 0, 0, 0); border: 0 none; color: #888888; float: left; margin: 8px 5%; padding: 0 10% 0 0; width: 80%; }

/***** Custom Labels *****/
.cloud-label-widget-content { display: inline-block; text-align: left; }
.cloud-label-widget-content .label-size { display: inline-block; float: left; font-size: 10px; font-family: Verdana,Arial,Tahoma,sans-serif; font-weight: bold; line-height: normal; margin: 5px 5px 0 0; opacity: 1; text-transform: uppercase; }
.cloud-label-widget-content .label-size a { color: #000 !important; float: left; padding: 5px; }
.cloud-label-widget-content .label-size:hover a { color: $(secondary.background.color) !important; }
.cloud-label-widget-content .label-size .label-count { color: $(secondary.background.color); padding: 5px 0; float: left; }
.Label li {
border: 0;
display: inline-block;
padding: 0;
margin: 0;
margin-right: 5px;
margin-bottom: 5px;
}
.Label li a {
display: block;
border: 1px solid $(secondary.background.color);
border-radius: 20px;
padding: 7px 15px;
line-height: 1;
}

/***** Popular Post *****/
.PopularPosts .item-thumbnail img {
display: block;
float: left;
height: 73px;
width: 73px;
padding: 0;
border-radius: 80px;
}
.item-snippet {
display: none;
}
/***** Blogger Contact Form Widget *****/
.contact-form-email, .contact-form-name, .contact-form-email-message, .contact-form-email:hover, .contact-form-name:hover, .contact-form-email-message:hover, .contact-form-email:focus, .contact-form-name:focus, .contact-form-email-message:focus { background: #F8F8F8; border: 1px solid #D2DADD; box-shadow: 0 1px 1px #F3F4F6 inset; max-width: 300px; color: #999; }
.contact-form-button-submit { background: #000; border: medium none; float: right; height: auto; margin: 10px 0 0; max-width: 300px; padding: 5px 10px; width: 100%; cursor: pointer; }
.contact-form-button-submit:hover { background: #2980B9; border: none; }

/***** Profile Widget CSS *****/
.Profile img { border:1px solid #cecece; background:#fff; float:left; margin:5px 10px 5px 0; padding: 5px; -webkit-border-radius: 50%;	-moz-border-radius: 50%; border-radius: 50%; }
.profile-data { color:#999999; font:bold 20px/1.6em Arial,Helvetica,Tahoma,sans-serif; font-variant:small-caps; margin:0; text-transform:capitalize;}
.profile-datablock { margin:0.5em 0;}
.profile-textblock { line-height:1.6em; margin:0.5em 0;}
a.profile-link { clear:both; display:block; font:80% monospace; padding:10px 0; text-align:center; text-transform:capitalize;}

/***** Meet The Author *****/
#About { background: #FFFFFF; display: inline-block; padding: 25px 3%; width: 100%; }
#About .widget-content { position: relative; width: 100%; }
#About .widget-content .main-wrap { width: auto; margin-right: 370px; }
#About .widget-content .main-wrap .info { float: left; position: relative; width: 90%; padding: 10px 5%; }
#About .widget-content .side-wrap { width: 340px; float: right; text-align: center; }
#About .widget-content .main-wrap .info h5 { border-bottom: 1px solid #F1F4F9; color: #000000; font-size: 16px; font-weight: bold; margin: 0 0 10px; padding: 0 0 5px; text-transform: capitalize; } 
#About .widget-content .main-wrap .info p { color: $(secondary.background.color); font-style: italic; } 
#About .widget-content .side-wrap .author-img { border: 1px solid #CECECE; height: 150px; vertical-align: bottom; width: 150px; -webkit-border-radius: 50%;	-moz-border-radius: 50%; border-radius: 50%; }
ul.author-social { display: inline-block; margin: 10px 0 0; padding: 0; }
ul.author-social li { background: url("http://3.bp.blogspot.com/-Mu6D1ld_3TE/U35bF1XXIVI/AAAAAAAADBM/VaHEtkyX3MA/s1600/sprites.png") no-repeat; display: inline-block; font-weight: bold; font-size: 12px; line-height: 16px; list-style: none; padding: 0 20px; }
ul.author-social li.facebook { background-position: 0 -80px; }
ul.author-social li.twitter { background-position: 0 -100px; }
ul.author-social li.googleplus { background-position: 0 -120px; }
ul.author-social li.rss { background-position: 0 -176px; }
ul.author-social li a { color: #000; }
ul.author-social li a:hover { color: #666; }




/*---------- blog featured posts ------------*/

/*------*|*|*| Featured Blog Posts *|*|*|----------*/
.blog_featured_post {
display: inline-block;
width: 100%;
height:550px;
display: block;
position: relative;
float: left;
overflow: hidden;
}


.blog_featured_post a {
display: block;
color: rgb(255, 255, 255);
position: relative;
vertical-align: bottom;
z-index: 1;
height:100%;
}

.blog_featured_post a:hover:before {
opacity: 0.6;
box-shadow: inset 0px -3px 200px 5px #000;
}
.blog_featured_post a:before {
display: block;
position: absolute;
content: '';
left: 0px;
top: 0px;
width: 100%;
height: 100%;
box-shadow: inset 0px -3px 300px 5px #000;
opacity: 0.5;
-webkit-transition: all 0.2s;
transition: all 0.2s;
}
.blog_featured_post a .blog_contents {
display: none;
position:absolute;
z-index: 5;
bottom:60px;
left: 60px;
right: 60px;
line-height: 120%;
-webkit-transition: all 0.2s;
transition: all 0.2s;
font-family: raleway, sans-serif;
}

.blog_contents span {
font-weight: 300;
letter-spacing: .5px;
display: inline-block;
padding: 8px 20px;
font-size: 14px;
line-height: 1;
text-shadow: none;
margin-top: 20px;
background: #fff;
border-radius: 25px;
bottom: 0;
font-family: open sans,sans-serif;
color: #333;
}

.blog_featured_post a .blog_contents h3 {
font-size: 34px;
display: inline-block;
line-height: 1;
letter-spacing: 2px;
padding: 10px 20px;
background: #fff;
text-shadow: none;
color: #333;
font-weight: 300;
}
.blog_featured_post.first a .blog_contents h3 {font-size: 22px;}

.blog_featured_post .feat-img{
  width: 100%!important;
  height: 100%;
  background-size: cover;
  background-position-y: 20%;
  background-repeat: no-repeat;
}


/*-----------[ share-wrapper ]-----------*/
.post-footer{margin-top:30px;}

.share-wrapper, .authorboxwrap {margin-bottom: 50px;}
.share-wrapper ul {padding: 0;margin: 0;text-align: center;}
.share-wrapper li {list-style: none;display: inline-block;margin-right: 10px;padding: 0;margin-bottom: 30px;}
.share-wrapper li:first-child {display: block;margin-bottom: 20px;font-size: 16px;}
.share-wrapper li a{display:block;text-align: center;}
.share-wrapper span{display:none;}
.share-wrapper li a i {
display: block;
color: $(secondary.background.color);
width: 40px;
height: 40px;
padding: 9px;
font-size: 24px;
}
.share-wrapper{margin-bottom:30px;}

/*------[author-box ]-------*/
.avatar-container {width: 170px;float: left;}
.avatar-container img {width: 125px;height: auto;border: 5px solid transparent;box-shadow: 0px 0px 20px -5px #000;-moz-box-shadow: 0px 0px 20px -5px #000;-webkit-box-shadow: 0px 0px 20px -5px #000;-ms-box-shadow: 0px 0px 20px -5px #000;-o-box-shadow: 0px 0px 20px -5px #000;}
.author_description_container {margin-left: 170px;}
.author_description_container h4 {font-weight:600;font-size: 16px;display: block;margin-bottom: 10px;}
.author_description_container h4 a{color: #333;}
.author_description_container p {font-size: 12px;line-height: 1.7;margin-bottom: 15px;}
.authorsocial a {display: inline-block;margin-right: 5px;text-align: center;float:left;margin-right:2px;}
.authorsocial a i {width: 30px;height: 30px;padding: 8px 9px;display: block;background: #E9E9E9!important;color: $(secondary.background.color);}

/*------*|*|*| Related Posts *|*|*|----------*/
div#related-posts {font-size: 16px;display: inline-block;width: 100%;}
div#related-posts h5 {font-size: 16px;text-transform: uppercase;margin: 0 0 25px;padding-bottom:15px;font-weight: 900;letter-spacing: 1px;text-align:center;position:relative;}
div#related-posts h5:after {content: "";position: absolute;width: 4px;height: 4px;background: #222;border-radius: 50%;bottom: 0;left: 47%;box-shadow: 1em 0px 0px 0px #222,2em 0px 0px 0px #222;}
div#related-posts ul {padding: 0;margin: 0;}
div#related-posts ul li {
list-style: none;
display: block;
float: left;
width: 32.75%;
height:150px;
padding: 0;
margin: 1px;
text-align: center;
position: relative;}

div#related-posts img {
padding: 0;
width:100%;
height:145px;
}
a.related-thumbs {position: relative;display: block;}
a.related-thumbs:before{opacity:1;}

a.related-title {
font-weight: 400;
font-size: 13px;
line-height: 1.7;
display: none;
padding-top: 0;
letter-spacing: 1px;
margin: 0;
color: #333;
position: absolute;
top: 4.5%;
left: 5%;
width: 90%;
height: 90%;
background: rgba(255, 255, 255, 0.8);
}

/* footer _ widget s*/
.social-widget {
padding: 40px 0;
}
.social-widget a {
margin-left: 15px;
display: inline-block;
}
.social-widget a div {
display: inline-block;
width: 50px;
height: 50px;
font-size: 26px;
line-height:1;
padding: 14px 0;
text-align: center;
color: $(primary.background.color);
}

/*****************************************
Comments CSS
******************************************/
#comments {margin-top: 30px;margin-right: 15px;background: white;padding: 25px;border-bottom: 1px solid #D6D6D6;box-shadow: 0px 2px 10px -7px #000;-webkit-box-shadow: 0px 2px 10px -7px #000;-moz-box-shadow: 0px 2px 10px -7px #000;-o-box-shadow: 0px 2px 10px -7px #000;}
.comments h4 { font-size: 20px; margin: 0 0 18px; text-transform: capitalize; }
.comments .comments-content .comment-thread ol { overflow: hidden; margin: 0; }
.comments .comments-content .comment:first-child { padding-top: 0; }
.comments .comments-content .comment { margin-bottom: 0; padding-bottom: 0; }
.comments .avatar-image-container { max-height: 60px; width: 60px; }
.comments .avatar-image-container img { max-width: 60px; width: 100%; border-radius: 10px;-webkit-border-radius: 10px;-moz-border-radius: 10px;}
.comments .comment-block { background: #fff; margin-left: 72px; padding: 14px 0 0 20px; border-radius: 2px; -moz-border-radius: 2px; -webkit-border-radius: 2px; }
.comments .comments-content .comment-header a { color: #333; text-transform: capitalize; }
.comments .comments-content .user { display: block; font-style: normal; font-weight: bold; }
.comments .comments-content .datetime { margin-left: 0; }
.comments .comments-content .datetime a { font-size: 12px; text-transform: uppercase; }
.comments .comments-content .comment-header, .comments .comments-content .comment-content { margin: 0 20px 0 0; }
.comments .comment-block .comment-actions { display: block; text-align: right; }
.comments .comment .comment-actions a { border-radius: 2px; -moz-border-radius: 2px; -webkit-border-radius:2px; background: $(primary.background.color); color: #FFFFFF; display: inline-block; font-size: 12px; line-height: 1;letter-spacing:1px; margin-left: 1px; padding: 5px 10px 7px; }
.comments .comment .comment-actions a:hover { text-decoration: none; }
.comments .thread-toggle { display: none; }
.comments .comments-content .inline-thread { border-left: 1px solid #F4F4F4; margin: 0 0 20px 35px !important; padding: 0 0 0 20px; }
.comments .continue { display: none; }

.comment-thread ol { counter-reset: countcomments; }
.comment-thread li:before { color:#ddd; content: counter(countcomments, decimal); counter-increment: countcomments; float: right; font-size: 22px; padding: 15px 20px 10px; position: relative; z-index: 10; }
.comment-thread ol ol { counter-reset: contrebasse; }
.comment-thread li li:before { content: counter(countcomments,decimal) "." counter(contrebasse,lower-latin); counter-increment: contrebasse; float: right; font-size: 18px; }
.comments .comments-content .icon.blog-author{dipslya:none!important;}

.vt_menu_toggle {  font-size: 21px;display: none;position: absolute;color: #fff;top: 0;background: transparent;width: 40px;height: 40px;left: 0px;padding: 7px 5px;text-align: center;z-index:1000}

/*****************************************
Responsive styles
******************************************/
@media screen and (max-width: 960px) {
.ct-wrapper{ padding:0 15px; }
.main-wrapper { margin-right:0; width:100%; }
.sidebar-wrapper{ float: left; width: auto; margin-top: 30px; }
#About .widget-content .main-wrap { margin-right: 0; }
#About .widget-content .main-wrap .info { float: none; text-align: center; width: 90%; padding: 10px 5%; }
#About .widget-content .side-wrap { width: 100%; float: none; text-align: center; }
.sticky { position: static; }
}

@media screen and (max-width: 860px){
#comment-editor { margin:10px; }
#content{margin-right:0;}
#header h1 {font-size: 60px;}
.blog_featured_post a .blog_contents h3 {font-size: 26px;}
div#Blog1{margin:0;}
.post_title {font-size: 30px;}
.vt_menu_toggle{display:block}
ul.blog_menus {display:none;width: 240px;position: absolute;top: 45px;left: 12px;background: $(primary.background.color);padding: 0;margin: 0;}
ul.blog_menus li {display: block;text-align: left;width:100%;}
.main-wrapper {width: 100%;}
#content{margin:0!important;}
.nav-menu li a{padding:10px 20px;}
.article_excerpt h2 {
  font-size: 28px;
  line-height: 1.3;
}
}

@media screen and (max-width: 520px){
.blog_featured_post a .blog_contents h3 {font-size: 20px;}
.blog_featured_post a .blog_contents{bottom:15px;}
.post_title {font-size: 26px;}
#content{padding-right:0!important;}
}

@media screen and (max-width: 420px){
.comments .comments-content .datetime{    display:block;    float:none;    }
.comments .comments-content .comment-header {    height:70px;    }

}

@media screen and (max-width: 320px){
.ct-wrapper{ padding:0; }
.post-body img{  max-width: 230px; }
.comments .comments-content .comment-replies {    margin-left: 0;    }
}

/*****************************************
Hiding Header Date and Feed Links
******************************************/
h2.date-header,span.blog-admin{display:none!important}
.playbutton {position: relative;padding-bottom: 56.25%; /* 16:9 */padding-top: 25px;height: 0;}
.playbutton iframe {position: absolute;top: 0;left: 0;width: 100%;height: 100%;}



]]></b:skin>

<b:if cond='data:blog.pageType == &quot;index&quot;'>
<style type='text/css'>
/*  .sidebar-wrapper{display:none;}
  .main-wrapper{width:100%;}*/
</style>
</b:if>

<b:if cond='data:blog.pageType == &quot;item&quot;'>
<style type='text/css'>
.post-body img{width:100%; height: auto; max-width: 100%; }
.post-outer{width:100%;}
.post.hentry {margin: 0;}
#content {}

</style>
</b:if>

<b:if cond='data:blog.pageType == &quot;static_page&quot;'>
<style type='text/css'>
#blog-pager { display: none; }
.post-outer {width: 100%;float: none;}
.post.hentry {margin: 0;margin-right: 15px;padding: 25px;}
h2.post_title.entry-title {margin-bottom: 25px;}
</style>
</b:if>

<style id='owl-carousel' type='text/css'>
/* 
 *  Core Owl Carousel CSS File
 *  v1.3.3
 */

/* clearfix */
.owl-carousel .owl-wrapper:after{content:&quot;:.&quot;display:block;clear:both;visibility:hidden;line-height:0;height:0}.owl-carousel{display:none;position:relative;width:100%;-ms-touch-action:pan-y}.owl-carousel .owl-wrapper{display:none;position:relative}.owl-carousel .owl-wrapper-outer{overflow:hidden;position:relative;width:100%}.owl-carousel .owl-wrapper-outer.autoHeight{-webkit-transition:height 500ms ease-in-out;-moz-transition:height 500ms ease-in-out;-ms-transition:height 500ms ease-in-out;-o-transition:height 500ms ease-in-out;transition:height 500ms ease-in-out}.owl-carousel .owl-item{float:left}.owl-controls .owl-buttons div,.owl-controls .owl-page{cursor:pointer}.owl-controls{-webkit-user-select:none;-khtml-user-select:none;-moz-user-select:none;-ms-user-select:none;user-select:none;-webkit-tap-highlight-color:transparent}.grabbing{cursor:url(../images/grabbing.png) 8 8,move}.owl-carousel .owl-item,.owl-carousel .owl-wrapper{-webkit-backface-visibility:hidden;-moz-backface-visibility:hidden;-ms-backface-visibility:hidden;-webkit-transform:translate3d(0,0,0);-moz-transform:translate3d(0,0,0);-ms-transform:translate3d(0,0,0)}.owl-theme .owl-controls{margin-top:0px;text-align:center;position:absolute;bottom:0px;right:10px;}
.owl-theme .owl-controls .owl-buttons div {color: #060606;display: inline-block;zoom: 1;margin: 0px;padding: 5px 0px;font-size: 30px;width: 40px;-webkit-border-radius: 30px;
-moz-border-radius: 30px;border-radius: 30px;background: #FFFFFF;filter: Alpha(Opacity=50);
opacity: .9;}.owl-theme .owl-controls.clickable .owl-buttons div:hover{filter:Alpha(Opacity=100);opacity:1;text-decoration:none}.owl-theme .owl-controls .owl-page{display:inline-block;zoom:1}.owl-theme .owl-controls .owl-page span{display:block;width:12px;height:12px;margin:5px 3px;filter:Alpha(Opacity=95);opacity:.95;-webkit-border-radius:20px;-moz-border-radius:20px;border-radius:20px;background:#fff;}.owl-theme .owl-controls .owl-page.active span{filter:Alpha(Opacity=100);opacity:1;border:3px solid rgba(0,0,0,.6);}.owl-theme .owl-controls.clickable .owl-page:hover span{filter:Alpha(Opacity=100);opacity:1}.owl-theme .owl-controls .owl-page span.owl-numbers{height:auto;width:auto;color:#FFF;padding:2px 10px;font-size:12px;-webkit-border-radius:30px;-moz-border-radius:30px;border-radius:30px}@-webkit-keyframes preloader{0%{transform:translateY(0) scaleX(1.6);-webkit-transform:translateY(0) scaleX(1.6);-ms-transform:translateY(0) scaleX(1.6)}33%{transform:translateY(0) scaleX(1) scaleY(1.3);-webkit-transform:translateY(0) scaleX(1) scaleY(1.3);-ms-transform:translateY(0) scaleX(1) scaleY(1.3)}100%{transform:translateY(-150px) scaleX(1) scaleY(1.1);-webkit-transform:translateY(-150px) scaleX(1) scaleY(1.1);-ms-transform:translateY(-150px) scaleX(1) scaleY(1.1)}}@keyframes preloader{0%{transform:translateY(0) scaleX(1.6);-webkit-transform:translateY(0) scaleX(1.6);-ms-transform:translateY(0) scaleX(1.6)}33%{transform:translateY(0) scaleX(1) scaleY(1.3);-webkit-transform:translateY(0) scaleX(1) scaleY(1.3);-ms-transform:translateY(0) scaleX(1) scaleY(1.3)}100%{transform:translateY(-150px) scaleX(1) scaleY(1.1);-webkit-transform:translateY(-150px) scaleX(1) scaleY(1.1);-ms-transform:translateY(-150px) scaleX(1) scaleY(1.1)}}.owl-item.loading{width:100%;height:auto}.owl-item.loading:after{content:&#39;&#39;position:absolute;margin-top:50%;left:calc(50% - 16px);height:32px;width:32px;background:#D75752;border-radius:50%;-moz-border-radius:50%;-webkit-border-radius:50%;-webkit-animation:preloader 400ms ease-out;animation:preloader 400ms ease-out;animation-iteration-count:infinite;animation-direction:alternate;-webkit-animation-iteration-count:infinite;-webkit-animation-direction:alternate}.owl-wrapper-outer {max-height: 565px;}
.owl_carouselle .owl-controls .owl-page span {width: 13px;height: 13px;}.owl_carouselle .owl-controls .owl-page.active span {border:0;background:$(primary.background.color)}.owl_carouselle .owl-controls .owl-page span{background:#fff;}.owl_carouselle .owl-controls .owl-page span {background: #fff;}.owl_carouselle .owl-controls {text-align: center;position: static;width: 100%;height: 0;}.owl-theme .owl-controls .owl-buttons div {position: absolute;right: 20px;top: 45%;}.owl-theme .owl-controls .owl-buttons div.owl-next {right: auto;left: 18px;}
</style>

<link href='http://brutaldesign.github.io/swipebox/src/css/swipebox.css' rel='stylesheet' type='text/css'/>
<script src='http://ajax.googleapis.com/ajax/libs/jquery/1.7.1/jquery.min.js' type='text/javascript'/>





<script type='text/javascript'>
 //<![CDATA[

// Featured posts

cat1 = 'Featured';


imgr = new Array();
imgr[0] = "http://sites.google.com/site/fdblogsite/Home/nothumbnail.gif";
showRandomImg = true;
aBold = true;
numposts1 = 12;


function recentposts1(json) {
j = showRandomImg ? Math.floor((imgr.length + 1) * Math.random()) : 0;
    img = new Array;
    if (numposts1 <= json.feed.entry.length) maxpost = numposts1;
    else maxpost = json.feed.entry.length;
    document.write('<div class="owl_carouselle">');
    for (var i = 0; i < maxpost; i++) {
        var entry = json.feed.entry[i];
        var posttitle = entry.title.$t;
        var tag = entry.category[0].term;
        var posturl;
        if (i == json.feed.entry.length) break;
        for (var k = 0; k < entry.link.length; k++)
            if (entry.link[k].rel == "alternate") {
                posturl = entry.link[k].href;
                break
            }

        if ("content" in entry) var postcontent = entry.content.$t;
        else if ("summary" in entry) var postcontent = entry.summary.$t;
        else var postcontent = "";
        if (j > imgr.length - 1) j = 0;
        img[i] = imgr[j];
        s = postcontent;
        a = s.indexOf("<img");
        b = s.indexOf('src="', a);
        c = s.indexOf('"', b + 5);
        d = s.substr(b + 5, c - b - 5);
        if (a != -1 && (b != -1 && (c != -1 && d != ""))) img[i] = d;

            var trtd = '<div class="blog_featured_post"><div class="feat-img" style="background-image:url('+img[i]+');"></div></div>';
            document.write(trtd)
        j++
    }
    document.write('</div>')
};
//]]>
</script>


<script type='text/javascript'>
/*<![CDATA[*/
// JavaScript Document
var _0xeca5=["\x6C\x20\x78\x28\x65\x2C\x74\x29\x7B\x39\x28\x65\x2E\x66\x28\x22\x3C\x22\x29\x21\x3D\x2D\x31\x29\x7B\x33\x20\x6E\x3D\x65\x2E\x58\x28\x22\x3C\x22\x29\x3B\x59\x28\x33\x20\x72\x3D\x30\x3B\x72\x3C\x6E\x2E\x37\x3B\x72\x2B\x2B\x29\x7B\x39\x28\x6E\x5B\x72\x5D\x2E\x66\x28\x22\x3E\x22\x29\x21\x3D\x2D\x31\x29\x7B\x6E\x5B\x72\x5D\x3D\x6E\x5B\x72\x5D\x2E\x45\x28\x6E\x5B\x72\x5D\x2E\x66\x28\x22\x3E\x22\x29\x2B\x31\x2C\x6E\x5B\x72\x5D\x2E\x37\x29\x7D\x7D\x65\x3D\x6E\x2E\x57\x28\x22\x22\x29\x7D\x74\x3D\x74\x3C\x65\x2E\x37\x2D\x31\x3F\x74\x3A\x65\x2E\x37\x2D\x32\x3B\x56\x28\x65\x2E\x54\x28\x74\x2D\x31\x29\x21\x3D\x22\x20\x22\x26\x26\x65\x2E\x66\x28\x22\x20\x22\x2C\x74\x29\x21\x3D\x2D\x31\x29\x74\x2B\x2B\x3B\x65\x3D\x65\x2E\x45\x28\x30\x2C\x74\x2D\x31\x29\x3B\x76\x20\x65\x2B\x22\x20\x2E\x2E\x2E\x22\x7D\x6C\x20\x55\x28\x65\x2C\x74\x2C\x6E\x2C\x79\x2C\x77\x29\x7B\x33\x20\x72\x3D\x6B\x2E\x68\x28\x65\x29\x3B\x33\x20\x69\x3D\x6B\x2E\x68\x28\x6E\x29\x3B\x33\x20\x47\x3D\x47\x3B\x33\x20\x43\x3D\x43\x3B\x33\x20\x73\x3D\x22\x22\x3B\x33\x20\x6F\x3D\x72\x2E\x5A\x28\x22\x75\x22\x29\x3B\x33\x20\x61\x3D\x31\x30\x3B\x33\x20\x70\x3D\x22\x22\x3B\x33\x20\x53\x3D\x22\x6D\x2E\x31\x36\x28\x31\x34\x2E\x38\x2C\x20\x27\x31\x33\x27\x2C\x20\x27\x31\x31\x3D\x31\x32\x2C\x20\x31\x37\x3D\x4B\x2C\x20\x4C\x3D\x41\x2C\x20\x52\x3D\x41\x2C\x20\x50\x2C\x20\x4D\x27\x29\x3B\x20\x76\x20\x4E\x3B\x22\x3B\x39\x28\x6F\x2E\x37\x3E\x3D\x31\x29\x7B\x73\x3D\x27\x3C\x35\x20\x36\x3D\x22\x75\x2D\x4F\x22\x3E\x3C\x75\x20\x36\x3D\x22\x51\x22\x20\x4A\x3D\x22\x27\x2B\x6F\x5B\x30\x5D\x2E\x4A\x2E\x31\x35\x28\x2F\x73\x5C\x42\x5C\x64\x7B\x32\x2C\x34\x7D\x2F\x2C\x27\x73\x27\x2B\x31\x71\x29\x2B\x27\x22\x20\x31\x72\x3D\x22\x22\x2F\x3E\x3C\x2F\x35\x3E\x27\x3B\x61\x3D\x31\x6B\x7D\x33\x20\x67\x3D\x27\x3C\x35\x20\x36\x3D\x22\x31\x69\x22\x3E\x27\x2B\x73\x2B\x27\x3C\x35\x20\x36\x3D\x22\x31\x38\x22\x3E\x3C\x35\x20\x36\x3D\x22\x31\x62\x22\x3E\x3C\x63\x20\x36\x3D\x22\x31\x61\x22\x3E\x3C\x69\x20\x36\x3D\x22\x62\x20\x62\x2D\x31\x39\x22\x3E\x3C\x2F\x69\x3E\x27\x2B\x77\x2B\x27\x3C\x2F\x63\x3E\x3C\x63\x20\x36\x3D\x22\x31\x64\x22\x3E\x3C\x69\x20\x36\x3D\x22\x62\x20\x62\x2D\x31\x65\x22\x3E\x3C\x2F\x69\x3E\x27\x2B\x79\x2B\x27\x3C\x2F\x63\x3E\x3C\x2F\x35\x3E\x3C\x7A\x3E\x3C\x61\x20\x38\x3D\x22\x27\x2B\x74\x2B\x27\x22\x3E\x27\x2B\x6E\x2B\x27\x3C\x2F\x61\x3E\x3C\x2F\x7A\x3E\x3C\x70\x3E\x27\x2B\x78\x28\x72\x2E\x71\x2C\x61\x29\x2B\x27\x3C\x2F\x70\x3E\x3C\x2F\x35\x3E\x3C\x35\x20\x36\x3D\x22\x31\x67\x22\x3E\x3C\x61\x20\x36\x3D\x22\x31\x66\x22\x20\x38\x3D\x22\x27\x2B\x74\x2B\x27\x22\x3E\x27\x2B\x31\x63\x2B\x27\x3C\x2F\x61\x3E\x3C\x2F\x35\x3E\x3C\x2F\x35\x3E\x3C\x2F\x35\x3E\x27\x3B\x72\x2E\x71\x3D\x67\x7D\x3B\x6D\x2E\x31\x68\x3D\x6C\x28\x29\x7B\x33\x20\x65\x3D\x6B\x2E\x68\x28\x22\x31\x6A\x22\x29\x3B\x39\x28\x65\x3D\x3D\x31\x70\x29\x7B\x6D\x2E\x31\x6E\x2E\x38\x3D\x22\x46\x3A\x2F\x2F\x44\x2E\x48\x2E\x6A\x22\x7D\x65\x2E\x49\x28\x22\x38\x22\x2C\x22\x46\x3A\x2F\x2F\x44\x2E\x48\x2E\x6A\x2F\x22\x29\x3B\x65\x2E\x49\x28\x22\x31\x6F\x22\x2C\x22\x31\x6C\x22\x29\x3B\x65\x2E\x71\x3D\x22\x31\x6D\x2E\x6A\x22\x7D","\x7C","\x73\x70\x6C\x69\x74","\x7C\x7C\x7C\x76\x61\x72\x7C\x7C\x64\x69\x76\x7C\x63\x6C\x61\x73\x73\x7C\x6C\x65\x6E\x67\x74\x68\x7C\x68\x72\x65\x66\x7C\x69\x66\x7C\x7C\x66\x61\x7C\x73\x70\x61\x6E\x7C\x7C\x7C\x69\x6E\x64\x65\x78\x4F\x66\x7C\x7C\x67\x65\x74\x45\x6C\x65\x6D\x65\x6E\x74\x42\x79\x49\x64\x7C\x7C\x63\x6F\x6D\x7C\x64\x6F\x63\x75\x6D\x65\x6E\x74\x7C\x66\x75\x6E\x63\x74\x69\x6F\x6E\x7C\x77\x69\x6E\x64\x6F\x77\x7C\x7C\x7C\x7C\x69\x6E\x6E\x65\x72\x48\x54\x4D\x4C\x7C\x7C\x7C\x7C\x69\x6D\x67\x7C\x72\x65\x74\x75\x72\x6E\x7C\x61\x75\x74\x68\x6F\x72\x7C\x72\x65\x6D\x6F\x76\x65\x48\x74\x6D\x6C\x54\x61\x67\x7C\x64\x61\x74\x65\x7C\x68\x32\x7C\x32\x34\x7C\x7C\x74\x61\x67\x7C\x77\x77\x77\x7C\x73\x75\x62\x73\x74\x72\x69\x6E\x67\x7C\x68\x74\x74\x70\x7C\x63\x6F\x6D\x6D\x65\x6E\x74\x7C\x76\x65\x65\x74\x68\x65\x6D\x65\x73\x7C\x73\x65\x74\x41\x74\x74\x72\x69\x62\x75\x74\x65\x7C\x73\x72\x63\x7C\x36\x30\x30\x7C\x6C\x65\x66\x74\x7C\x72\x65\x73\x69\x7A\x61\x62\x6C\x65\x7C\x66\x61\x6C\x73\x65\x7C\x77\x72\x61\x70\x70\x65\x72\x7C\x73\x63\x72\x6F\x6C\x6C\x62\x61\x72\x73\x7C\x67\x61\x6C\x6C\x72\x79\x5F\x69\x6D\x67\x7C\x74\x6F\x70\x7C\x70\x6F\x70\x75\x70\x7C\x63\x68\x61\x72\x41\x74\x7C\x72\x6D\x7C\x77\x68\x69\x6C\x65\x7C\x6A\x6F\x69\x6E\x7C\x73\x70\x6C\x69\x74\x7C\x66\x6F\x72\x7C\x67\x65\x74\x45\x6C\x65\x6D\x65\x6E\x74\x73\x42\x79\x54\x61\x67\x4E\x61\x6D\x65\x7C\x73\x75\x6D\x6D\x61\x72\x79\x5F\x6E\x6F\x69\x6D\x67\x7C\x77\x69\x64\x74\x68\x7C\x35\x35\x30\x7C\x77\x69\x6E\x64\x6F\x77\x4E\x61\x6D\x65\x7C\x74\x68\x69\x73\x7C\x72\x65\x70\x6C\x61\x63\x65\x7C\x6F\x70\x65\x6E\x7C\x68\x65\x69\x67\x68\x74\x7C\x61\x72\x74\x69\x63\x6C\x65\x5F\x65\x78\x63\x65\x72\x70\x74\x7C\x75\x73\x65\x72\x7C\x61\x72\x74\x69\x63\x6C\x65\x5F\x61\x75\x74\x68\x6F\x72\x7C\x6D\x65\x74\x61\x7C\x52\x65\x61\x64\x6D\x6F\x72\x65\x5F\x77\x6F\x72\x64\x7C\x61\x72\x74\x69\x63\x6C\x65\x5F\x64\x61\x74\x65\x7C\x62\x6F\x6F\x6B\x6D\x61\x72\x6B\x7C\x63\x6F\x6E\x74\x69\x6E\x75\x65\x5F\x72\x65\x61\x64\x69\x6E\x67\x7C\x63\x65\x6E\x74\x65\x72\x7C\x6F\x6E\x6C\x6F\x61\x64\x7C\x61\x72\x74\x69\x63\x6C\x65\x5F\x63\x6F\x6E\x74\x61\x69\x6E\x65\x72\x7C\x61\x74\x74\x72\x69\x5F\x62\x75\x74\x69\x6F\x6E\x7C\x73\x75\x6D\x6D\x61\x72\x79\x69\x7C\x64\x6F\x66\x6F\x6C\x6C\x6F\x77\x7C\x56\x65\x65\x54\x68\x65\x6D\x65\x73\x7C\x6C\x6F\x63\x61\x74\x69\x6F\x6E\x7C\x72\x65\x6C\x7C\x6E\x75\x6C\x6C\x7C\x37\x36\x30\x7C\x73\x74\x79\x6C\x65","","\x66\x72\x6F\x6D\x43\x68\x61\x72\x43\x6F\x64\x65","\x72\x65\x70\x6C\x61\x63\x65","\x5C\x77\x2B","\x5C\x62","\x67"];eval(function(_0xcd91x1,_0xcd91x2,_0xcd91x3,_0xcd91x4,_0xcd91x5,_0xcd91x6){_0xcd91x5=function(_0xcd91x3){return (_0xcd91x3<_0xcd91x2?_0xeca5[4]:_0xcd91x5(parseInt(_0xcd91x3/_0xcd91x2)))+((_0xcd91x3=_0xcd91x3%_0xcd91x2)>35?String[_0xeca5[5]](_0xcd91x3+29):_0xcd91x3.toString(36))};if(!_0xeca5[4][_0xeca5[6]](/^/,String)){while(_0xcd91x3--){_0xcd91x6[_0xcd91x5(_0xcd91x3)]=_0xcd91x4[_0xcd91x3]||_0xcd91x5(_0xcd91x3)};_0xcd91x4=[function(_0xcd91x5){return _0xcd91x6[_0xcd91x5]}];_0xcd91x5=function(){return _0xeca5[7]};_0xcd91x3=1;};while(_0xcd91x3--){if(_0xcd91x4[_0xcd91x3]){_0xcd91x1=_0xcd91x1[_0xeca5[6]]( new RegExp(_0xeca5[8]+_0xcd91x5(_0xcd91x3)+_0xeca5[8],_0xeca5[9]),_0xcd91x4[_0xcd91x3])}};return _0xcd91x1;}(_0xeca5[0],62,90,_0xeca5[3][_0xeca5[2]](_0xeca5[1]),0,{}));


var Readmore_word = "Continue Reading"; // Append  " Read More " String after post break 

var summary_noimg = 400;
summaryi = 360;
summaryv = 300;
thh = 420;
thw = 674;


$(document).ready(function() {
 $('.gallery-wrapper').hover(function() {
      $(this).find('.overlay').fadeToggle(250);
  });
});

/* 

imgCentering.js jQuery Plugin
* A jQuery plugin to centering your pictures and images
*
* Name:			imgCentering.js
* Author:		Kenny Ooi - http://www.inwebson.com
* Date:			September 28, 2012		
* Version:		1.1
* Example:		http://www.inwebson.com/demo/imgcentering/
*
*/
(function($){var blank="data:image/gif;base64,R0lGODlhAQABAIAAAAAAAP///ywAAAAAAQABAAACAUwAOw==";var imgCentering=function(obj,options){var defaults={'forceWidth':false,'forceHeight':false,'forceSmart':false,'bgColor':"inherit"};function forceWidth(obj){obj.css('width','100%');}
function forceHeight(obj){obj.css('height','100%');}
var img=$(obj);var settings=$.extend(defaults,options);img.load(function(){var _conwidth=img.parent().width();var _conheight=img.parent().height();var _parentpos=img.parent().css('position');if(settings.bgColor=='inherit')
var _parentbg=img.parent().css('backgroundColor');else
var _parentbg=settings.bgColor;img.css('width','auto');img.css('height','auto');if(settings.forceSmart){var _fullratio=img.width()/ img.height();var _conratio=_conwidth / _conheight;if(_fullratio<_conratio)
forceWidth(img);else
forceHeight(img);}else{if(settings.forceWidth)
forceWidth(img);if(settings.forceHeight)
forceHeight(img);}
var _finalwidth=img.width();var _finalheight=img.height();img.css({'position':'relative','left':-(_finalwidth-_conwidth)/2+'px','top':-(_finalheight-_conheight)/2+'px'}).parent().css({'position':_parentpos,'overflow':'hidden','backgroundColor':_parentbg});});if(obj.complete||obj.complete===undefined){var src=obj.src;obj.src=blank;obj.src=src;}}
$.fn.imgCentering=function(options){return this.each(function(e){var img=$(this);if(img.data('imgCentering'))return;var imgcenter=new imgCentering(this,options);img.data('imgCentering',imgcenter);});}})(jQuery);$(document).ready(function(){$('.gallry_img').imgCentering({'forceWidth':true});});




/*]]>*/</script>


<b:if cond='data:blog.pageType == &quot;item&quot;'>
<script type='text/javascript'>
//<![CDATA[

$(document).ready(function() {
$('.post-body img:eq(0)').each(function() {
var image = $(this);
var src = image.attr("src");
var href= image.parent().attr("href");
var banner = $('#blog-banner');
var imgtag = $('<a rel="prettyPhoto" href="' + href + '"><img src="' + src + '" /></a>');
imgtag.appendTo(".bckpic");
banner.css({'background-image': 'url(' + src + ')'});  
}); 

});


//]]></script>
    
</b:if>

</head>
<!--<body>-->
<body>


<b:section class='navigation' id='navigation' maxwidgets='1' showaddelement='no'>
  <b:widget id='HTML77' locked='true' title='Navigation-Menus (Do Not Edit Here!)' type='HTML'>
    <b:includable id='main'>
   <div class='nav-menu'>
<div class='ct-wrapper'>
<div class='vt_menu_toggle'><i class='fa fa-bars'/></div>

<!-- Main_navigation_Menu -->
<ul class='blog_menus'>
  <li><a expr:href='data:blog.homepageUrl'>My Story</a></li>
  <li><a href='#'>Gallery</a></li>
  <li><a href='#'>Archive</a></li>
  <li><a href='#'>Blog</a></li>
  <li><a href='/p/blog-page.html'>About</a></li>
<li><a href='#'>Contact</a></li>
</ul>
<div class='clr'/>
   </div><!-- /ct-wrapper -->
</div><!-- /sub-nav-menu -->
</b:includable>
  </b:widget>
</b:section>
          <div class='clr'/>

<header id='blog_header' style='position: relative; overflow: hidden; width: 100%; height: 400px;'>

<div class='bg-opacity'/>


<b:section class='header' id='header' maxwidgets='1' showaddelement='yes'>
  <b:widget id='Header1' locked='true' title='Storyteller (Header)' type='Header'>
    <b:includable id='main'>
  <b:if cond='data:useImage'>
    <b:if cond='data:imagePlacement == &quot;BEHIND&quot;'>
      <!--
      Show image as background to text. You can't really calculate the width
      reliably in JS because margins are not taken into account by any of
      clientWidth, offsetWidth or scrollWidth, so we don't force a minimum
      width if the user is using shrink to fit.
      This results in a margin-width's worth of pixels being cropped. If the
      user is not using shrink to fit then we expand the header.
      -->
      <b:if cond='data:mobile'>
          <div id='header-inner'>
            <div class='titlewrapper' style='background: transparent'>
              <h1 class='title' style='background: transparent; border-width: 0px'>
                <b:include name='title'/>
              </h1>
            </div>
            <b:include name='description'/>
          </div>
        <b:else/>
          <div expr:style='&quot;background-image: url(\&quot;&quot; + data:sourceUrl + &quot;\&quot;); &quot;                        + &quot;background-position: &quot;                        + data:backgroundPositionStyleStr + &quot;; &quot;                        + data:widthStyleStr                        + &quot;min-height: &quot; + data:height                        + &quot;_height: &quot; + data:height                        + &quot;background-repeat: no-repeat; &quot;' id='header-inner'>
            <div class='titlewrapper' style='background: transparent'>
              <h1 class='title' style='background: transparent; border-width: 0px'>
                <b:include name='title'/>
              </h1>
            </div>
            <b:include name='description'/>
          </div>
        </b:if>
    <b:else/>
      <!--Show the image only-->
      <div id='header-inner'>
        <a class='logo' expr:href='data:blog.homepageUrl' style='display: inline-block'>
          <img expr:alt='data:title' expr:id='data:widget.instanceId + &quot;_headerimg&quot;' expr:src='data:sourceUrl' style='display: block'/>
        </a>
        <!--Show the description-->
        <b:if cond='data:imagePlacement == &quot;BEFORE_DESCRIPTION&quot;'>
          <b:include name='description'/>
        </b:if>
      </div>
    </b:if>
  <b:else/>
    <!--No header image -->
    <div id='header-inner'>
      <div class='titlewrapper'>
        <h1 class='title'>
          <b:include name='title'/>
        </h1>
      </div>
      <b:include name='description'/>
    </div>
  </b:if>
</b:includable>
    <b:includable id='description'>
  <div class='descriptionwrapper'>
    <p class='description'><span><data:description/></span></p>
  </div>
</b:includable>
    <b:includable id='title'>
    <a expr:href='data:blog.homepageUrl'><data:title/></a>
</b:includable>
  </b:widget>
</b:section>



<div class='featured_slider'>
<b:if cond='data:blog.pageType == &quot;index&quot;'>
<script>
document.write(&quot;&lt;script src=\&quot;/feeds/posts/default/-/&quot;+cat1+&quot;?max-results=&quot;+numposts1+&quot;&amp;orderby=published&amp;alt=json-in-script&amp;callback=recentposts1\&quot;&gt;&lt;\/script&gt;&quot;);
</script>
</b:if>

<b:if cond='data:blog.pageType == &quot;item&quot;'>
<div id='blog-banner'/>
</b:if>
  </div>


</header>


<div class='about_author'>
<div class='ct-wrapper'>

<div class='blog_author'>
<div class='author_thumbnail' style='visibility: visible;'>
 <img alt='' class='img-circle' src='http://1.bp.blogspot.com/-UzkSBiqI288/VN8s5gboKdI/AAAAAAAABAo/iFSuwrrBWOk/s1600/groom.jpg'/>
</div>
<div class='detail'>
<h2 class='name'>James Derulo&#39;s</h2>
<span class='term'>Portfolio</span>
</div>
</div>

</div>
      </div>
          <div class='clr'/>




        <div class='ct-wrapper stretched'>
           <div class='outer-wrapper'>
             <div class='main-wrapper'>
                    <b:section class='content' id='content' maxwidgets='1' showaddelement='no'>
                      <b:widget id='Blog1' locked='true' title='Blog Posts' type='Blog'>
                        <b:includable id='main' var='top'>
  <b:if cond='data:mobile == &quot;false&quot;'>

    <!-- posts -->
    <div class='blog-posts hfeed'>

      <b:include data='top' name='status-message'/>

      <data:defaultAdStart/>
      <b:loop values='data:posts' var='post'>
        <div class='post-outer'>
        <b:include data='post' name='post'/>
        <b:if cond='data:blog.pageType == &quot;item&quot;'>
          <!-- navigation -->
          <b:include name='nextprev'/>
        </b:if>
        <b:if cond='data:blog.pageType == &quot;static_page&quot;'>
          <b:include data='post' name='comment_picker'/>
        </b:if>
        <b:if cond='data:blog.pageType == &quot;item&quot;'>
          <b:include data='post' name='comment_picker'/>
        </b:if>
        </div>
        <b:if cond='data:post.includeAd'>
          <b:if cond='data:post.isFirstPost'>
            <data:defaultAdEnd/>
          <b:else/>
            <data:adEnd/>
          </b:if>
          <div class='inline-ad'>
            <data:adCode/>
          </div>
          <data:adStart/>
        </b:if>
      </b:loop>
      <data:adEnd/>
    </div>

    <b:if cond='data:blog.pageType != &quot;item&quot;'>
    <!-- navigation -->
    <b:include name='nextprev'/>
    </b:if>


    <b:if cond='data:top.showStars'>
      <script src='//www.google.com/jsapi' type='text/javascript'/>
      <script type='text/javascript'>
        google.load(&quot;annotations&quot;, &quot;1&quot;, {&quot;locale&quot;: &quot;<data:top.languageCode/>&quot;});
        function initialize() {
          google.annotations.setApplicationId(<data:top.blogspotReviews/>);
          google.annotations.createAll();
          google.annotations.fetch();
        }
        google.setOnLoadCallback(initialize);
      </script>
    </b:if>

  <b:else/>
    <b:include name='mobile-main'/>
  </b:if>

  <b:if cond='data:top.showDummy'>
    <data:top.dummyBootstrap/>
  </b:if>

</b:includable>
                        <b:includable id='backlinkDeleteIcon' var='backlink'>
  <span expr:class='&quot;item-control &quot; + data:backlink.adminClass'>
    <a expr:href='data:backlink.deleteUrl' expr:title='data:top.deleteBacklinkMsg'>
      <img src='//www.blogger.com/img/icon_delete13.gif'/>
    </a>
  </span>
</b:includable>
                        <b:includable id='backlinks' var='post'>
  <a name='links'/><h4><data:post.backlinksLabel/></h4>
  <b:if cond='data:post.numBacklinks != 0'>
    <dl class='comments-block' id='comments-block'>
      <b:loop values='data:post.backlinks' var='backlink'>
        <div class='collapsed-backlink backlink-control'>
          <dt class='comment-title'>
            <span class='backlink-toggle-zippy'>&#160;</span>
            <a expr:href='data:backlink.url' rel='nofollow'><data:backlink.title/></a>
            <b:include data='backlink' name='backlinkDeleteIcon'/>
          </dt>
          <dd class='comment-body collapseable'>
            <data:backlink.snippet/>
          </dd>
          <dd class='comment-footer collapseable'>
            <span class='comment-author'><data:post.authorLabel/> <data:backlink.author/></span>
            <span class='comment-timestamp'><data:post.timestampLabel/> <data:backlink.timestamp/></span>
          </dd>
        </div>
      </b:loop>
    </dl>
  </b:if>
  <p class='comment-footer'>
    <a class='comment-link' expr:href='data:post.createLinkUrl' expr:id='data:widget.instanceId + &quot;_backlinks-create-link&quot;' target='_blank'><data:post.createLinkLabel/></a>
  </p>
</b:includable>
                        <b:includable id='comment-form' var='post'>
  <div class='comment-form'>
    <a name='comment-form'/>
    <b:if cond='data:mobile'>
      <h4 id='comment-post-message'>
        <a expr:id='data:widget.instanceId + &quot;_comment-editor-toggle-link&quot;' href='javascript:void(0)'><data:postCommentMsg/></a></h4>
      <p><data:blogCommentMessage/></p>
      <data:blogTeamBlogMessage/>
      <a expr:href='data:post.commentFormIframeSrc' id='comment-editor-src'/>
      <iframe allowtransparency='true' class='blogger-iframe-colorize blogger-comment-from-post' frameborder='0' height='410' id='comment-editor' name='comment-editor' src='' style='display: none' width='100%'/>
    <b:else/>
      <h4 id='comment-post-message'><data:postCommentMsg/></h4>
      <p><data:blogCommentMessage/></p>
      <data:blogTeamBlogMessage/>
      <a expr:href='data:post.commentFormIframeSrc' id='comment-editor-src'/>
      <iframe allowtransparency='true' class='blogger-iframe-colorize blogger-comment-from-post' frameborder='0' height='410' id='comment-editor' name='comment-editor' src='' width='100%'/>
    </b:if>
    <data:post.friendConnectJs/>
    <data:post.cmtfpIframe/>
    <script type='text/javascript'>
      BLOG_CMT_createIframe(&#39;<data:post.appRpcRelayPath/>&#39;, &#39;<data:post.communityId/>&#39;);
    </script>
  </div>
</b:includable>
                        <b:includable id='commentDeleteIcon' var='comment'>
  <span expr:class='&quot;item-control &quot; + data:comment.adminClass'>
    <b:if cond='data:showCmtPopup'>
      <div class='goog-toggle-button'>
        <div class='goog-inline-block comment-action-icon'/>
      </div>
    <b:else/>
      <a class='comment-delete' expr:href='data:comment.deleteUrl' expr:title='data:top.deleteCommentMsg'>
        <img src='//www.blogger.com/img/icon_delete13.gif'/>
      </a>
    </b:if>
  </span>
</b:includable>
                        <b:includable id='comment_count_picker' var='post'>
  <b:if cond='data:post.commentSource == 1'>
    <span class='cmt_count_iframe_holder' expr:data-count='data:post.numComments' expr:data-onclick='data:post.addCommentOnclick' expr:data-post-url='data:post.url' expr:data-url='data:post.canonicalUrl'>
    </span>
  <b:else/>
    <a class='comment-link' expr:href='data:post.addCommentUrl' expr:onclick='data:post.addCommentOnclick'>
      <data:post.commentLabelFull/>:
    </a>
  </b:if>
</b:includable>
                        <b:includable id='comment_picker' var='post'>
  <b:if cond='data:post.commentSource == 1'>
    <b:include data='post' name='iframe_comments'/>
  <b:elseif cond='data:post.showThreadedComments'/>
    <b:include data='post' name='threaded_comments'/>
  <b:else/>
    <b:include data='post' name='comments'/>
  </b:if>
</b:includable>
                        <b:includable id='comments' var='post'>
  <div class='comments' id='comments'>
    <a name='comments'/>
    <b:if cond='data:post.allowComments'>
      <h4>
        <b:if cond='data:post.numComments == 1'>
          1 <data:commentLabel/>:
        <b:else/>
          <data:post.numComments/> <data:commentLabelPlural/>:
        </b:if>
      </h4>

      <b:if cond='data:post.commentPagingRequired'>
        <span class='paging-control-container'>
          <a expr:class='data:post.oldLinkClass' expr:href='data:post.oldestLinkUrl'><data:post.oldestLinkText/></a>
          &#160;
          <a expr:class='data:post.oldLinkClass' expr:href='data:post.olderLinkUrl'><data:post.olderLinkText/></a>
          &#160;
          <data:post.commentRangeText/>
          &#160;
          <a expr:class='data:post.newLinkClass' expr:href='data:post.newerLinkUrl'><data:post.newerLinkText/></a>
          &#160;
          <a expr:class='data:post.newLinkClass' expr:href='data:post.newestLinkUrl'><data:post.newestLinkText/></a>
        </span>
      </b:if>

      <div expr:id='data:widget.instanceId + &quot;_comments-block-wrapper&quot;'>
        <dl expr:class='data:post.avatarIndentClass' id='comments-block'>
          <b:loop values='data:post.comments' var='comment'>
            <dt expr:class='&quot;comment-author &quot; + data:comment.authorClass' expr:id='data:comment.anchorName'>
              <b:if cond='data:comment.favicon'>
                <img expr:src='data:comment.favicon' height='16px' style='margin-bottom:-2px;' width='16px'/>
              </b:if>
              <a expr:name='data:comment.anchorName'/>
              <b:if cond='data:blog.enabledCommentProfileImages'>
                <data:comment.authorAvatarImage/>
              </b:if>
              <b:if cond='data:comment.authorUrl'>
                <a expr:href='data:comment.authorUrl' rel='nofollow'><data:comment.author/></a>
              <b:else/>
                <data:comment.author/>
              </b:if>
              <data:commentPostedByMsg/>
            </dt>
            <dd class='comment-body' expr:id='data:widget.instanceId + data:comment.cmtBodyIdPostfix'>
              <b:if cond='data:comment.isDeleted'>
                <span class='deleted-comment'><data:comment.body/></span>
              <b:else/>
                <p>
                  <data:comment.body/>
                </p>
              </b:if>
            </dd>
            <dd class='comment-footer'>
              <span class='comment-timestamp'>
                <a expr:href='data:comment.url' title='comment permalink'>
                  <data:comment.timestamp/>
                </a>
                <b:include data='comment' name='commentDeleteIcon'/>
              </span>
            </dd>
          </b:loop>
        </dl>
      </div>

      <b:if cond='data:post.commentPagingRequired'>
        <span class='paging-control-container'>
          <a expr:class='data:post.oldLinkClass' expr:href='data:post.oldestLinkUrl'>
            <data:post.oldestLinkText/>
          </a>
          <a expr:class='data:post.oldLinkClass' expr:href='data:post.olderLinkUrl'>
            <data:post.olderLinkText/>
          </a>
          &#160;
          <data:post.commentRangeText/>
          &#160;
          <a expr:class='data:post.newLinkClass' expr:href='data:post.newerLinkUrl'>
            <data:post.newerLinkText/>
          </a>
          <a expr:class='data:post.newLinkClass' expr:href='data:post.newestLinkUrl'>
            <data:post.newestLinkText/>
          </a>
        </span>
      </b:if>

      <p class='comment-footer'>
        <b:if cond='data:post.embedCommentForm'>
          <b:if cond='data:post.allowNewComments'>
            <b:include data='post' name='comment-form'/>
          <b:else/>
            <data:post.noNewCommentsText/>
          </b:if>
        <b:else/>
          <b:if cond='data:post.allowComments'>
            <a expr:href='data:post.addCommentUrl' expr:onclick='data:post.addCommentOnclick'><data:postCommentMsg/></a>
          </b:if>
        </b:if>

      </p>
    </b:if>
    <b:if cond='data:showCmtPopup'>
      <div id='comment-popup'>
        <iframe allowtransparency='true' frameborder='0' id='comment-actions' name='comment-actions' scrolling='no'>
        </iframe>
      </div>
    </b:if>

    <div id='backlinks-container'>
    <div expr:id='data:widget.instanceId + &quot;_backlinks-container&quot;'>
       <b:if cond='data:post.showBacklinks'>
         <b:include data='post' name='backlinks'/>
       </b:if>
    </div>
    </div>
  </div>
</b:includable>
                        <b:includable id='feedLinks'>
  <b:if cond='data:blog.pageType != &quot;item&quot;'> <!-- Blog feed links -->
    <b:if cond='data:feedLinks'>
      <div class='blog-feeds'>
        <b:include data='feedLinks' name='feedLinksBody'/>
      </div>
    </b:if>

  <b:else/> <!--Post feed links -->
    <div class='post-feeds'>
      <b:loop values='data:posts' var='post'>
        <b:include cond='data:post.allowComments and data:post.feedLinks' data='post.feedLinks' name='feedLinksBody'/>
      </b:loop>
    </div>
  </b:if>
</b:includable>
                        <b:includable id='feedLinksBody' var='links'>
  <div class='feed-links'>
  <data:feedLinksMsg/>
  <b:loop values='data:links' var='f'>
     <a class='feed-link' expr:href='data:f.url' expr:type='data:f.mimeType' target='_blank'><data:f.name/> (<data:f.feedType/>)</a>
  </b:loop>
  </div>
</b:includable>
                        <b:includable id='iframe_comments' var='post'>

  <b:if cond='data:post.allowIframeComments'>
    <script expr:src='data:post.iframeCommentSrc' type='text/javascript'/>
    <div class='cmt_iframe_holder' expr:data-href='data:post.canonicalUrl' expr:data-viewtype='data:post.viewType'/>

    <b:if cond='data:post.embedCommentForm == &quot;false&quot;'>
      <a expr:href='data:post.addCommentUrl' expr:onclick='data:post.addCommentOnclick'><data:postCommentMsg/></a>
    </b:if>
  </b:if>
</b:includable>
                        <b:includable id='mobile-index-post' var='post'>
  <div class='mobile-date-outer date-outer'>
    <b:if cond='data:post.dateHeader'>
      <div class='date-header'>
        <span><data:post.dateHeader/></span>
      </div>
    </b:if>

    <div class='mobile-post-outer'>
      <a expr:href='data:post.url'>
        <h3 class='mobile-index-title entry-title' itemprop='name'>
          <data:post.title/>
        </h3>

        <div class='mobile-index-arrow'>&amp;rsaquo;</div>

        <div class='mobile-index-contents'>
          <b:if cond='data:post.thumbnailUrl'>
            <div class='mobile-index-thumbnail'>
              <div class='Image'>
                <img expr:src='data:post.thumbnailUrl'/>
              </div>
            </div>
          </b:if>

          <div class='post-body'>
            <b:if cond='data:post.snippet'><data:post.snippet/></b:if>
          </div>
        </div>

        <div style='clear: both;'/>
      </a>

      <div class='mobile-index-comment'>
        <b:if cond='data:blog.pageType != &quot;static_page&quot;'>
          <b:if cond='data:post.allowComments'>
            <b:if cond='data:post.numComments != 0'>
              <a class='comment-link' expr:href='data:post.addCommentUrl' expr:onclick='data:post.addCommentOnclick'><b:if cond='data:post.numComments == 1'>1 <data:top.commentLabel/><b:else/><data:post.numComments/> <data:top.commentLabelPlural/></b:if></a>
            </b:if>
          </b:if>
        </b:if>
      </div>
    </div>
  </div>
</b:includable>
                        <b:includable id='mobile-main' var='top'>
    <!-- posts -->
    <div class='blog-posts hfeed'>

      <b:include data='top' name='status-message'/>

      <b:if cond='data:blog.pageType == &quot;index&quot;'>
        <b:loop values='data:posts' var='post'>
          <b:include data='post' name='mobile-index-post'/>
        </b:loop>
      <b:else/>
        <b:loop values='data:posts' var='post'>
          <b:include data='post' name='mobile-post'/>
        </b:loop>
      </b:if>
    </div>

   <b:include name='mobile-nextprev'/>
</b:includable>
                        <b:includable id='mobile-nextprev'>
  <div class='blog-pager' id='blog-pager'>
    <b:if cond='data:newerPageUrl'>
      <div class='mobile-link-button' id='blog-pager-newer-link'>
      <a class='blog-pager-newer-link' expr:href='data:newerPageUrl' expr:id='data:widget.instanceId + &quot;_blog-pager-newer-link&quot;' expr:title='data:newerPageTitle'>&amp;lsaquo;</a>
      </div>
    </b:if>

    <b:if cond='data:olderPageUrl'>
      <div class='mobile-link-button' id='blog-pager-older-link'>
      <a class='blog-pager-older-link' expr:href='data:olderPageUrl' expr:id='data:widget.instanceId + &quot;_blog-pager-older-link&quot;' expr:title='data:olderPageTitle'>&amp;rsaquo;</a>
      </div>
    </b:if>

    <div class='mobile-link-button' id='blog-pager-home-link'>
    <a class='home-link' expr:href='data:blog.homepageUrl'><data:homeMsg/></a>
    </div>

    <div class='mobile-desktop-link'>
      <a class='home-link' expr:href='data:desktopLinkUrl'><data:desktopLinkMsg/></a>
    </div>

  </div>
  <div class='clear'/>
</b:includable>
                        <b:includable id='mobile-post' var='post'>
  <div class='date-outer'>
    <b:if cond='data:post.dateHeader'>
      <h2 class='date-header'><span><data:post.dateHeader/></span></h2>
    </b:if>
    <div class='date-posts'>
      <div class='post-outer'>

        <div class='post hentry uncustomized-post-template'>
          <a expr:name='data:post.id'/>
          <b:if cond='data:post.title'>
            <h1 class='post-title entry-title'>
              <b:if cond='data:post.link'>
                <a expr:href='data:post.link'><data:post.title/></a>
              <b:else/>
                <b:if cond='data:post.url'>
                  <b:if cond='data:blog.url != data:post.url'>
                    <a expr:href='data:post.url'><data:post.title/></a>
                  <b:else/>
                    <data:post.title/>
                  </b:if>
                <b:else/>
                  <data:post.title/>
                </b:if>
              </b:if>
            </h1>
          </b:if>

          <div class='post-header'>
            <div class='post-header-line-1'/>
          </div>

          <div class='post-body entry-content' expr:id='&quot;post-body-&quot; + data:post.id'>
            <data:post.body/>
            <div style='clear: both;'/> <!-- clear for photos floats -->
          </div>

          <div class='post-footer'>
            <div class='post-footer-line post-footer-line-1'>
              <span class='post-author vcard'>
                <b:if cond='data:top.showAuthor'>
                  <b:if cond='data:post.authorProfileUrl'>
                    <span class='fn'>
                      <a expr:href='data:post.authorProfileUrl' rel='author' title='author profile'>
                        <data:post.author/>
                      </a>
                    </span>
                  <b:else/>
                    <span class='fn'><data:post.author/></span>
                  </b:if>
                </b:if>
              </span>

              <span class='post-timestamp'>
                <b:if cond='data:top.showTimestamp'>
                  <data:top.timestampLabel/>
                  <b:if cond='data:post.url'>
                    <a class='timestamp-link' expr:href='data:post.url' rel='bookmark' title='permanent link'><abbr class='published' expr:title='data:post.timestampISO8601'><data:post.timestamp/></abbr></a>
                  </b:if>
                </b:if>
              </span>

              <span class='post-comment-link'>
                <b:if cond='data:blog.pageType != &quot;item&quot;'>
                  <b:if cond='data:blog.pageType != &quot;static_page&quot;'>
                    <b:if cond='data:post.allowComments'>
                      <a class='comment-link' expr:href='data:post.addCommentUrl' expr:onclick='data:post.addCommentOnclick'><b:if cond='data:post.numComments == 1'>1 <data:top.commentLabel/><b:else/><data:post.numComments/> <data:top.commentLabelPlural/></b:if></a>
                    </b:if>
                  </b:if>
                </b:if>
              </span>
            </div>

            <div class='post-footer-line post-footer-line-2'>
              <b:if cond='data:top.showMobileShare'>
                <div class='mobile-link-button goog-inline-block' id='mobile-share-button'>
                  <a href='javascript:void(0);'><data:shareMsg/></a>
                </div>
              </b:if>
              <b:if cond='data:top.showDummy'>
                <div class='goog-inline-block dummy-container'><data:post.dummyTag/></div>
              </b:if>
            </div>

          </div>
        </div>
        <b:if cond='data:blog.pageType == &quot;static_page&quot;'>
          <b:include data='post' name='comment_picker'/>
        </b:if>
        <b:if cond='data:blog.pageType == &quot;item&quot;'>
          <b:include data='post' name='comment_picker'/>
        </b:if>
      </div>
    </div>
  </div>
</b:includable>
                        <b:includable id='nextprev'>
  <div class='blog-pager' id='blog-pager'>
    <b:if cond='data:newerPageUrl'>
      <span id='blog-pager-newer-link'>
        <span class='newer-text'>Next Post</span><a class='blog-pager-newer-link' expr:href='data:newerPageUrl' expr:id='data:widget.instanceId + &quot;_blog-pager-newer-link&quot;' expr:title='data:newerPageTitle'><data:newerPageTitle/></a>
      </span>
    </b:if>

    <b:if cond='data:olderPageUrl'>
      <span id='blog-pager-older-link'>
        <span class='older-text'>Previous Post</span><a class='blog-pager-older-link' expr:href='data:olderPageUrl' expr:id='data:widget.instanceId + &quot;_blog-pager-older-link&quot;' expr:title='data:olderPageTitle'><data:olderPageTitle/></a>
      </span>
    </b:if>

    <a class='home-link' expr:href='data:blog.homepageUrl'><data:homeMsg/></a>

    <b:if cond='data:mobileLinkUrl'>
      <div class='blog-mobile-link'>
        <a expr:href='data:mobileLinkUrl'><data:mobileLinkMsg/></a>
      </div>
    </b:if>

  </div>
  <div class='clear'/>
</b:includable>
                        <b:includable id='post' var='post'>
  <div class='post hentry'>

<b:if cond='data:blog.pageType == &quot;item&quot;'>
<b:if cond='data:post.title'>
<h1 class='post_title entry-title'>
<b:if cond='data:post.link'>       
<a expr:href='data:post.link'><data:post.title/></a>    
<b:else/>
<b:if cond='data:post.url'>
 <b:if cond='data:blog.url != data:post.url'>
<a expr:href='data:post.url'><data:post.title/></a>
<b:else/>
<data:post.title/>
</b:if>
<b:else/>
<data:post.title/>
</b:if>
</b:if>
</h1>
 </b:if>
<b:else/>
<b:if cond='data:blog.pageType == &quot;static_page&quot;'>
<b:if cond='data:post.title'>
<h2 class='post_title entry-title'>
<b:if cond='data:post.link'>
<a expr:href='data:post.link'><data:post.title/></a>  
<b:else/>
<b:if cond='data:post.url'>
<b:if cond='data:blog.url != data:post.url'>
<a expr:href='data:post.url'><data:post.title/></a>
<b:else/>
<data:post.title/>
</b:if>
<b:else/>
<data:post.title/>
</b:if>
</b:if>
</h2>
</b:if>
</b:if>
</b:if>

  <b:if cond='data:blog.pageType == &quot;item&quot;'>
    <div class='post-header'>

<span class='post-author vcard'>
        <b:if cond='data:top.showAuthor'>
          <span class='fn'><data:post.author/></span>
        </b:if>
      </span> 
<span class='post-timestamp'>
        <b:if cond='data:top.showTimestamp'>
        <b:if cond='data:post.url'>
          <data:post.timestamp/>
        </b:if>
        </b:if>
      </span>
            <b:if cond='data:post.allowComments'>
<span class='post-comment-link'>
              <a expr:href='data:post.addCommentUrl' expr:onclick='data:post.addCommentOnclick'><b:if cond='data:post.numComments == 0'>Leave a Comment</b:if><b:if cond='data:post.numComments == 1'>1 comment</b:if><b:if cond='data:post.numComments &gt;= 2'><data:post.numComments/> comments</b:if></a>
      </span>
        </b:if>
</div>

    </b:if>

    <div class='post-body entry-content' expr:id='&quot;post-body-&quot; + data:post.id'>
      <b:if cond='data:blog.pageType == &quot;item&quot;'>
<data:post.body/>
<b:else/>
<b:if cond='data:blog.pageType == &quot;static_page&quot;'>
<data:post.body/>
<b:else/>
<div expr:id='&quot;p&quot; + data:post.id'>
<data:post.body/>
</div>
<script type='text/javascript'>
rm(&quot;p<data:post.id/>&quot;,&quot;<data:post.url/>&quot;,&quot;<data:post.title/>&quot;,&quot;<data:post.timestamp/>&quot;,&quot;<data:post.author/>&quot;);
</script>

</b:if>
</b:if>
      <div style='clear: both;'/> <!-- clear for photos floats -->
    </div>

<b:if cond='data:blog.pageType == &quot;item&quot;'>
<div class='post-footer'>

<!-- @social_share_icons -->
<div class='share-wrapper'>	
<ul class='entry-share-list clearfix'>
<li>&#8212; Share It &#8212;</li>
<li class='facebook_share'>
<a expr:href='&quot;http://www.facebook.com/sharer.php?u=&quot; + data:post.url + &quot;&amp;title=&quot;+ data:post.title' onclick='window.open(this.href, &apos;windowName&apos;, &apos;width=550, height=600, left=24, top=24, scrollbars, resizable&apos;); return false;' rel='nofollow' target='_blank'><i class='fa fa-facebook-square'/> <span class='share-text'>Facebook</span></a>
</li>
<li class='twitter_share'>
<a expr:href='&quot;http://twitter.com/share?url=&quot; + data:post.url + &quot;&amp;title=&quot; + data:post.title' onclick='window.open(this.href, &apos;windowName&apos;, &apos;width=550, height=600, left=24, top=24, scrollbars, resizable&apos;); return false;' rel='nofollow' target='_blank'><i class='fa fa-twitter'/> <span class='share-text'>Twitter</span></a>
</li>
<li class='google_share'>
<a expr:href='&quot;https://plus.google.com/share?url=&quot; + data:post.url + &quot;&amp;title=&quot; + data:post.title' onclick='window.open(this.href, &apos;windowName&apos;, &apos;width=550, height=600, left=24, top=24, scrollbars, resizable&apos;); return false;' rel='nofollow' target='_blank'><i class='fa fa-google-plus-square'/><span class='share-text'>Google+</span></a>
</li>
<li class='linkedin_share'>
<a expr:href='&quot;http://www.linkedin.com/shareArticle?mini=true&amp;url=&quot; + data:post.url + &quot;&amp;title=&quot;+ data:post.title' onclick='window.open(this.href, &apos;windowName&apos;, &apos;width=550, height=600, left=24, top=24, scrollbars, resizable&apos;); return false;' rel='nofollow' target='_blank'><i class='fa fa-linkedin'/><span class='share-text'>Linkedin</span></a>
</li>
<li><a expr:href='&quot;http://pinterest.com/pin/create/button/?url=&quot; + data:post.url + &quot;&amp;media=&quot; + data:post.thumbnailUrl + &quot;&amp;description=&quot; + data:post.snippet' onclick='window.open(this.href, &apos;windowName&apos;, &apos;width=550, height=600, left=24, top=24, scrollbars, resizable&apos;); return false;' rel='nofollow'><i class='fa fa-pinterest-square'/><span class='share-text'>Pin It</span></a></li>


</ul><!-- .entry-share-icons -->
</div>



<!-- blog_post_author_profile -->    
<div class='authorboxwrap'>
<div class='authorboxfull'>
<div class='avatar-container'>
<a href=''>
<img class='author_avatar img-circle' expr:alt='data:post.author' expr:src='data:post.authorPhoto.url' height='96' width='96'/>
</a>
</div>
<div class='author_description_container'>
<h4><a href='#' rel='author'><data:post.author/></a></h4>
<p>
<data:post.authorAboutMe/>       
</p>
</div>
</div>
</div>






<!-- @related-posts -->
<div id='related-posts'>
<script type='text/javascript'>//<![CDATA[
var ry="<h5>Related Posts</h5>";rn="<h5>No related post available</h5>";rcomment="comments";rdisable="disable comments";commentYN="no";var dw="";titles=new Array;titlesNum=0;urls=new Array;timeR=new Array;thumb=new Array;commentsNum=new Array;comments=new Array;
function related_results_labels(c){for(var b=0;b<c.feed.entry.length;b++){var d=c.feed.entry[b];titles[titlesNum]=d.title.$t;for(var a=0;a<d.link.length;a++){if("thr$total"in d)commentsNum[titlesNum]=d.thr$total.$t+" "+rcomment;else commentsNum[titlesNum]=rdisable;if(d.link[a].rel=="alternate"){urls[titlesNum]=d.link[a].href;timeR[titlesNum]=d.published.$t;if("media$thumbnail"in d)thumb[titlesNum]=d.media$thumbnail.url;else thumb[titlesNum]="http://lh3.ggpht.com/--Z8SVBQZ4X8/TdDxPVMl_sI/AAAAAAAAAAA/jhAgjCpZtRQ/no-image.png";
titlesNum++;break}}}}function removeRelatedDuplicates(){var b=new Array(0);c=new Array(0);e=new Array(0);f=new Array(0);g=new Array(0);for(var a=0;a<urls.length;a++)if(!contains(b,urls[a])){b.length+=1;b[b.length-1]=urls[a];c.length+=1;c[c.length-1]=titles[a];e.length+=1;e[e.length-1]=timeR[a];f.length+=1;f[f.length-1]=thumb[a];g.length+=1;g[g.length-1]=commentsNum[a]}urls=b;titles=c;timeR=e;thumb=f;commentsNum=g}
function contains(b,d){for(var c=0;c<b.length;c++)if(b[c]==d)return true;return false}
function printRelatedLabels(a){var y=a.indexOf("?m=0");if(y!=-1)a=a.replace(/\?m=0/g,"");for(var b=0;b<urls.length;b++)if(urls[b]==a){urls.splice(b,1);titles.splice(b,1);timeR.splice(b,1);thumb.splice(b,1);commentsNum.splice(b,1)}var c=Math.floor((titles.length-1)*Math.random());var b=0;if(titles.length==0)dw+=rn;else{dw+=ry;dw+="<ul>";while(b<titles.length&&b<20&&b<maxresults){if(y!=-1)urls[c]=urls[c]+"?m=0";if(commentYN=="yes")comments[c]=" - "+commentsNum[c];else comments[c]="";dw+='<li class="related_gallery"><a href="'+
urls[c]+'" title="'+titles[c]+'" rel="nofollow" class="related-thumbs"><img alt="'+titles[c]+'" src="'+thumb[c].replace(/\/s72\-c/,"/s"+size+"")+'"/></a><a class="related-title" href="'+urls[c]+'">'+titles[c]+"</a></li></div>";if(c<titles.length-1)c++;else c=0;b++}dw+="</ul>"}urls.splice(0,urls.length);titles.splice(0,titles.length);document.getElementById("related-posts").innerHTML=dw};

//]]></script>
<b:loop values='data:post.labels' var='label'>
<script expr:src='&quot;/feeds/posts/default/-/&quot; + data:label.name + &quot;?alt=json-in-script&amp;callback=related_results_labels&quot;' type='text/javascript'/>
</b:loop>
<script type='text/javascript'>
var maxresults=3;
var size = 250;
removeRelatedDuplicates();
printRelatedLabels(&#39;<data:post.url/>&#39;);</script>
</div>

<div class='post-footer-line post-footer-line-2'>

 </div>

      <div class='post-footer-line post-footer-line-3'><span class='post-location'>
        <b:if cond='data:top.showLocation'>
          <b:if cond='data:post.location'>
            <data:postLocationLabel/>
            <a expr:href='data:post.location.mapsUrl' target='_blank'><data:post.location.name/></a>
          </b:if>
        </b:if>
      </span> </div>
    </div>
</b:if>


  </div>
</b:includable>
                        <b:includable id='postQuickEdit' var='post'>
  <b:if cond='data:post.editUrl'>
    <span expr:class='&quot;item-control &quot; + data:post.adminClass'>
      <a expr:href='data:post.editUrl' expr:title='data:top.editPostMsg'>
        <img alt='' class='icon-action' height='18' src='http://img2.blogblog.com/img/icon18_edit_allbkg.gif' width='18'/>
      </a>
    </span>
  </b:if>
</b:includable>
                        <b:includable id='shareButtons' var='post'>
  <b:if cond='data:top.showEmailButton'><a class='goog-inline-block share-button sb-email' expr:href='data:post.sharePostUrl + &quot;&amp;target=email&quot;' expr:title='data:top.emailThisMsg' target='_blank'><span class='share-button-link-text'><data:top.emailThisMsg/></span></a></b:if><b:if cond='data:top.showBlogThisButton'><a class='goog-inline-block share-button sb-blog' expr:href='data:post.sharePostUrl + &quot;&amp;target=blog&quot;' expr:onclick='&quot;window.open(this.href, \&quot;_blank\&quot;, \&quot;height=270,width=475\&quot;); return false;&quot;' expr:title='data:top.blogThisMsg' target='_blank'><span class='share-button-link-text'><data:top.blogThisMsg/></span></a></b:if><b:if cond='data:top.showTwitterButton'><a class='goog-inline-block share-button sb-twitter' expr:href='data:post.sharePostUrl + &quot;&amp;target=twitter&quot;' expr:title='data:top.shareToTwitterMsg' target='_blank'><span class='share-button-link-text'><data:top.shareToTwitterMsg/></span></a></b:if><b:if cond='data:top.showFacebookButton'><a class='goog-inline-block share-button sb-facebook' expr:href='data:post.sharePostUrl + &quot;&amp;target=facebook&quot;' expr:onclick='&quot;window.open(this.href, \&quot;_blank\&quot;, \&quot;height=430,width=640\&quot;); return false;&quot;' expr:title='data:top.shareToFacebookMsg' target='_blank'><span class='share-button-link-text'><data:top.shareToFacebookMsg/></span></a></b:if><b:if cond='data:top.showOrkutButton'><a class='goog-inline-block share-button sb-orkut' expr:href='data:post.sharePostUrl + &quot;&amp;target=orkut&quot;' expr:title='data:top.shareToOrkutMsg' target='_blank'><span class='share-button-link-text'><data:top.shareToOrkutMsg/></span></a></b:if><b:if cond='data:top.showDummy'><div class='goog-inline-block dummy-container'><data:post.dummyTag/></div></b:if>
</b:includable>
                        <b:includable id='status-message'>
  <b:if cond='data:navMessage'>
  <div class='status-msg-wrap'>
    <div class='status-msg-body'>
      <data:navMessage/>
    </div>
    <div class='status-msg-border'>
      <div class='status-msg-bg'>
        <div class='status-msg-hidden'><data:navMessage/></div>
      </div>
    </div>
  </div>
  <div style='clear: both;'/>
  </b:if>
</b:includable>
                        <b:includable id='threaded-comment-form' var='post'>
  <div class='comment-form'>
    <a name='comment-form'/>
    <b:if cond='data:mobile'>
      <p><data:blogCommentMessage/></p>
      <data:blogTeamBlogMessage/>
      <a expr:href='data:post.commentFormIframeSrc' id='comment-editor-src'/>
      <iframe allowtransparency='true' class='blogger-iframe-colorize blogger-comment-from-post' frameborder='0' height='410' id='comment-editor' name='comment-editor' src='' style='display: none' width='100%'/>
    <b:else/>
      <p><data:blogCommentMessage/></p>
      <data:blogTeamBlogMessage/>
      <a expr:href='data:post.commentFormIframeSrc' id='comment-editor-src'/>
      <iframe allowtransparency='true' class='blogger-iframe-colorize blogger-comment-from-post' frameborder='0' height='410' id='comment-editor' name='comment-editor' src='' width='100%'/>
    </b:if>
    <data:post.friendConnectJs/>
    <data:post.cmtfpIframe/>
    <script type='text/javascript'>
      BLOG_CMT_createIframe(&#39;<data:post.appRpcRelayPath/>&#39;, &#39;<data:post.communityId/>&#39;);
    </script>
  </div>
</b:includable>
                        <b:includable id='threaded_comment_css'>
  <style>

  </style>
</b:includable>
                        <b:includable id='threaded_comment_js' var='post'>
  <script async='async' expr:src='data:post.commentSrc' type='text/javascript'/>

  <script type='text/javascript'>
    (function() {
      var items = <data:post.commentJso/>;
      var msgs = <data:post.commentMsgs/>;
      var config = <data:post.commentConfig/>;

// <![CDATA[
      var cursor = null;
      if (items && items.length > 0) {
        cursor = parseInt(items[items.length - 1].timestamp) + 1;
      }

      var bodyFromEntry = function(entry) {
        if (entry.gd$extendedProperty) {
          for (var k in entry.gd$extendedProperty) {
            if (entry.gd$extendedProperty[k].name == 'blogger.contentRemoved') {
              return '<span class="deleted-comment">' + entry.content.$t + '</span>';
            }
          }
        }
        return entry.content.$t;
      }

      var parse = function(data) {
        cursor = null;
        var comments = [];
        if (data && data.feed && data.feed.entry) {
          for (var i = 0, entry; entry = data.feed.entry[i]; i++) {
            var comment = {};
            // comment ID, parsed out of the original id format
            var id = /blog-(\d+).post-(\d+)/.exec(entry.id.$t);
            comment.id = id ? id[2] : null;
            comment.body = bodyFromEntry(entry);
            comment.timestamp = Date.parse(entry.published.$t) + '';
            if (entry.author && entry.author.constructor === Array) {
              var auth = entry.author[0];
              if (auth) {
                comment.author = {
                  name: (auth.name ? auth.name.$t : undefined),
                  profileUrl: (auth.uri ? auth.uri.$t : undefined),
                  avatarUrl: (auth.gd$image ? auth.gd$image.src : undefined)
                };
              }
            }
            if (entry.link) {
              if (entry.link[2]) {
                comment.link = comment.permalink = entry.link[2].href;
              }
              if (entry.link[3]) {
                var pid = /.*comments\/default\/(\d+)\?.*/.exec(entry.link[3].href);
                if (pid && pid[1]) {
                  comment.parentId = pid[1];
                }
              }
            }
            comment.deleteclass = 'item-control blog-admin';
            if (entry.gd$extendedProperty) {
              for (var k in entry.gd$extendedProperty) {
                if (entry.gd$extendedProperty[k].name == 'blogger.itemClass') {
                  comment.deleteclass += ' ' + entry.gd$extendedProperty[k].value;
                } else if (entry.gd$extendedProperty[k].name == 'blogger.displayTime') {
                  comment.displayTime = entry.gd$extendedProperty[k].value;
                }
              }
            }
            comments.push(comment);
          }
        }
        return comments;
      };

      var paginator = function(callback) {
        if (hasMore()) {
          var url = config.feed + '?alt=json&v=2&orderby=published&reverse=false&max-results=50';
          if (cursor) {
            url += '&published-min=' + new Date(cursor).toISOString();
          }
          window.bloggercomments = function(data) {
            var parsed = parse(data);
            cursor = parsed.length < 50 ? null
                : parseInt(parsed[parsed.length - 1].timestamp) + 1
            callback(parsed);
            window.bloggercomments = null;
          }
          url += '&callback=bloggercomments';
          var script = document.createElement('script');
          script.type = 'text/javascript';
          script.src = url;
          document.getElementsByTagName('head')[0].appendChild(script);
        }
      };
      var hasMore = function() {
        return !!cursor;
      };
      var getMeta = function(key, comment) {
        if ('iswriter' == key) {
          var matches = !!comment.author
              && comment.author.name == config.authorName
              && comment.author.profileUrl == config.authorUrl;
          return matches ? 'true' : '';
        } else if ('deletelink' == key) {
          return config.baseUri + '/delete-comment.g?blogID='
               + config.blogId + '&postID=' + comment.id;
        } else if ('deleteclass' == key) {
          return comment.deleteclass;
        }
        return '';
      };

      var replybox = null;
      var replyUrlParts = null;
      var replyParent = undefined;

      var onReply = function(commentId, domId) {
        if (replybox == null) {
          // lazily cache replybox, and adjust to suit this style:
          replybox = document.getElementById('comment-editor');
          if (replybox != null) {
            replybox.height = '250px';
            replybox.style.display = 'block';
            replyUrlParts = replybox.src.split('#');
          }
        }
        if (replybox && (commentId !== replyParent)) {
          document.getElementById(domId).insertBefore(replybox, null);
          replybox.src = replyUrlParts[0]
              + (commentId ? '&parentID=' + commentId : '')
              + '#' + replyUrlParts[1];
          replyParent = commentId;
        }
      };

      var hash = (window.location.hash || '#').substring(1);
      var startThread, targetComment;
      if (/^comment-form_/.test(hash)) {
        startThread = hash.substring('comment-form_'.length);
      } else if (/^c[0-9]+$/.test(hash)) {
        targetComment = hash.substring(1);
      }

      // Configure commenting API:
      var configJso = {
        'maxDepth': config.maxThreadDepth
      };
      var provider = {
        'id': config.postId,
        'data': items,
        'loadNext': paginator,
        'hasMore': hasMore,
        'getMeta': getMeta,
        'onReply': onReply,
        'rendered': true,
        'initComment': targetComment,
        'initReplyThread': startThread,
        'config': configJso,
        'messages': msgs
      };

      var render = function() {
        if (window.goog && window.goog.comments) {
          var holder = document.getElementById('comment-holder');
          window.goog.comments.render(holder, provider);
        }
      };

      // render now, or queue to render when library loads:
      if (window.goog && window.goog.comments) {
        render();
      } else {
        window.goog = window.goog || {};
        window.goog.comments = window.goog.comments || {};
        window.goog.comments.loadQueue = window.goog.comments.loadQueue || [];
        window.goog.comments.loadQueue.push(render);
      }
    })();
// ]]>
  </script>
</b:includable>
                        <b:includable id='threaded_comments' var='post'>
  <div class='comments' id='comments'>
    <a name='comments'/>
    <h4><data:post.commentLabelFull/>:</h4>

    <div class='comments-content'>
      <b:include cond='data:post.embedCommentForm' data='post' name='threaded_comment_js'/>
      <div id='comment-holder'>
         <data:post.commentHtml/>
      </div>
    </div>

    <p class='comment-footer'>
      <b:if cond='data:post.allowNewComments'>
        <b:include data='post' name='threaded-comment-form'/>
      <b:else/>
        <data:post.noNewCommentsText/>
      </b:if>
    </p>

    <b:if cond='data:showCmtPopup'>
      <div id='comment-popup'>
        <iframe allowtransparency='true' frameborder='0' id='comment-actions' name='comment-actions' scrolling='no'>
        </iframe>
      </div>
    </b:if>

    <div id='backlinks-container'>
    <div expr:id='data:widget.instanceId + &quot;_backlinks-container&quot;'>
      <b:include cond='data:post.showBacklinks' data='post' name='backlinks'/>
    </div>
    </div>
  </div>
</b:includable>
                      </b:widget>
                    </b:section>
             </div><!-- /main-wrapper -->

                   <div class='sidebar-wrapper'>
                     <b:section class='sidebar' id='sidebar' showaddelement='yes'/>
                      
                   </div><!-- /sidebar-wrapper -->

                <div class='clr'/>
            </div><!-- /outer-wrapper -->
  </div><!-- /ct-wrapper -->


<div class='footer_bottom'>
<div class='toTop'>
            <a href='#header-inner' id='smooth_scroll'><i class='fa fa-chevron-up'/></a>
        </div>

<div class='ct-wrapper'>

<div class='footerLogo'>

<b:section class='header' id='Footer-header' maxwidgets='1' showaddelement='yes'>
  <b:widget id='Header2' locked='true' title='Storyteller (Header)' type='Header'>
    <b:includable id='main'>
  <b:if cond='data:useImage'>
    <b:if cond='data:imagePlacement == &quot;BEHIND&quot;'>
      <!--
      Show image as background to text. You can't really calculate the width
      reliably in JS because margins are not taken into account by any of
      clientWidth, offsetWidth or scrollWidth, so we don't force a minimum
      width if the user is using shrink to fit.
      This results in a margin-width's worth of pixels being cropped. If the
      user is not using shrink to fit then we expand the header.
      -->
      <b:if cond='data:mobile'>
          <div id='header-inner'>
            <div class='titlewrapper' style='background: transparent'>
              <h1 class='title' style='background: transparent; border-width: 0px'>
                <b:include name='title'/>
              </h1>
            </div>
            <b:include name='description'/>
          </div>
        <b:else/>
          <div expr:style='&quot;background-image: url(\&quot;&quot; + data:sourceUrl + &quot;\&quot;); &quot;                        + &quot;background-position: &quot;                        + data:backgroundPositionStyleStr + &quot;; &quot;                        + data:widthStyleStr                        + &quot;min-height: &quot; + data:height                        + &quot;_height: &quot; + data:height                        + &quot;background-repeat: no-repeat; &quot;' id='header-inner'>
            <div class='titlewrapper' style='background: transparent'>
              <h1 class='title' style='background: transparent; border-width: 0px'>
                <b:include name='title'/>
              </h1>
            </div>
            <b:include name='description'/>
          </div>
        </b:if>
    <b:else/>
      <!--Show the image only-->
      <div id='header-inner'>
        <a expr:href='data:blog.homepageUrl' style='display: block'>
          <img expr:alt='data:title' expr:id='data:widget.instanceId + &quot;_headerimg&quot;' expr:src='data:sourceUrl' style='display: block'/>
        </a>
        <!--Show the description-->
        <b:if cond='data:imagePlacement == &quot;BEFORE_DESCRIPTION&quot;'>
          <b:include name='description'/>
        </b:if>
      </div>
    </b:if>
  <b:else/>
    <!--No header image -->
    <div id='header-inner'>
      <div class='titlewrapper'>
        <h1 class='title'>
          <b:include name='title'/>
        </h1>
      </div>
      <b:include name='description'/>
    </div>
  </b:if>
</b:includable>
    <b:includable id='description'>
  <div class='descriptionwrapper'>
    <p class='description'><span><data:description/></span></p>
  </div>
</b:includable>
    <b:includable id='title'>
    <a expr:href='data:blog.homepageUrl'><data:title/></a>
</b:includable>
  </b:widget>
</b:section>

<div vlass='clr'/>

<div class='contact_us'>
<a class='contact_link' href='/p/contact.html'>Contact</a>
</div>

<div class='clr'/>

<!-- footer-social-share -->
  <div class='bottom_share'>
    <a href='#'><i class='fa fa-facebook'/></a>
    <a href='#'><i class='fa fa-twitter'/></a>
    <a href='#'><i class='fa fa-google-plus'/></a>
    <a href='#'><i class='fa fa-dribbble'/></a>
    <a href='#'><i class='fa fa-instagram'/></a>
</div>

</div>
  
</div>

<p class='attribution'>&#169; Copyright 2015 <a href='http://gooyaabitemplates.com/' rel='dofollow' target='_blank' title='Blogger Templates'>Blogger Templates</a> 
Designed by <a href="" id="attri_bution">VeeThemes</a>, Powered by <a href='http://www.blogger.com/'>Blogger</a></p>     

</div>

<script src='http://brutaldesign.github.io/swipebox/src/js/jquery.swipebox.js' type='text/javascript'/>
<script src='http://yourjavascript.com/714142215143/owl-carousel-min.js' type='text/javascript'/>

<script type='text/javascript'>
//<![CDATA[
jQuery(document).ready(function(e) {
    e(".owl_carouselle").owlCarousel({
        autoPlay: 1e4,
        slideSpeed: 800,
        singleItem: true,
		stopOnHover: true,
				pagination: false,	
				navigation: false,
  				navigationText : ["<i class='fa fa-angle-right'></i>","<i class='fa fa-angle-left'></i>"]

    });
    })


$( document ).ready(function() {$( '.swipebox' ).swipebox();});

$(document).ready(function(){
	
$('.vt_menu_toggle').click(function(){
	  $("ul.blog_menus").slideToggle();
  	});
});

$(document).ready(function(){
	
var smooth_scroll = $('#smooth_scroll');
	//Click event to scroll to top
	smooth_scroll.click(function(){
		$('html, body').animate({scrollTop : 0},800);
		return false;
	});

});

//]]></script>


<script src='http://yourjavascript.com/26121239615/fitvids.js' type='text/javascript'/>
<b:include data='blog' name='google-analytics'/>
</body>
</html>