<?xml version="1.0" encoding="UTF-8" ?>
<!DOCTYPE html PUBLIC "-//W3C//DTD XHTML 1.0 Strict//EN" "http://www.w3.org/TR/xhtml1/DTD/xhtml1-strict.dtd">
<html expr:dir='data:blog.languageDirection' xmlns='http://www.w3.org/1999/xhtml' xmlns:b='http://www.google.com/2005/gml/b' xmlns:data='http://www.google.com/2005/gml/data' xmlns:expr='http://www.google.com/2005/gml/expr'>
<head>
<meta content='text/html; charset=utf-8' http-equiv='Content-Type'/>
<link href='http://fonts.googleapis.com/css?family=Oswald:700,300|PT+Sans+Caption' rel='stylesheet' type='text/css'/>
<link href='http://fonts.googleapis.com/css?family=Crete+Round|Parisienne' rel='stylesheet' type='text/css'/>
<b:include data='blog' name='all-head-content'/>
<title><data:blog.pageTitle/></title>

<b:skin><![CDATA[/*
-----------------------------------------------
Template Name  : Time's a Wastin
Author         : NewBloggerThemes.com
Author URL     : http://newbloggerthemes.com/
Theme URL      : http://newbloggerthemes.com/times-a-wastin-blogger-template/
Created Date   : Tuesday, September 2, 2014
License        : This template is free for both personal and commercial use, But to satisfy the 'attribution' clause of the license, you are required to keep the footer links intact which provides due credit to its authors.For more information about this license, please use this link :http://creativecommons.org/licenses/by/3.0/
----------------------------------------------- */
body#layout ul{list-style-type:none;list-style:none}
body#layout ul li{list-style-type:none;list-style:none}
body#layout #themewidgetsec {display:none;}
/* Variable definitions
   ====================

*/

/* Use this with templates/template-twocol.html */

.section, .widget {margin:0;padding:0;}

/* Reset */

body,div,dl,dt,dd,ul,ol,li,h1,h2,h3,h4,h5,h6,pre,code,form,fieldset,legend,input,textarea,p,blockquote,th,td{margin:0;padding:0;}table{border-collapse:collapse;border-spacing:0;}fieldset,img{border:0;}address,caption,dfn,th,var{font-style:normal;font-weight:normal;}li{list-style:none;}caption,th{text-align:left;}h1,h2,h3,h4,h5,h6{font-size:100%;font-weight:normal;}

html,body{
height: 100%;
}

body{
margin:0;
padding:0;
background: #fcf9f7 url(http://1.bp.blogspot.com/-cFe0Xp2mFVg/VAVYYz08lSI/AAAAAAAANpA/Uj_6UtC8xvc/s1600/bg.png) left top repeat;
font-family:"Helvetica Neue",Helvetica, Arial;
}

div#shimnbt{
visibility: hidden;
width: 100%;
height: 50%;                                                                     
margin-top: -250px;                                                              
float: left;
}

div#contentnbt {
width: 940px;
height: 500px;
margin: 0 auto;
clear: both;
position: relative;
top: -250px;

/* IE4ever Hack: Hide from IE4 **/
position: static;
/** end hack */
}

/* Hide from IE5mac \*//*/
div#shimnbt {
display: none;
}
html, body {
height: auto;
}
/* end hack */

.watchnbt{
width: 384px;
height: 500px;
background: url(http://1.bp.blogspot.com/-tBICZ4D-OAs/VAVYbd_g7wI/AAAAAAAANpg/egs4RcsQY5k/s1600/watch.png) left center no-repeat;
float: left;
margin-right: 30px;
}

.restnbt{
width: 526px;
float: left;
}

.clearnbt{
clear: both;
}

h1{
font-family: 'Crete Round', serif;
background: url(http://2.bp.blogspot.com/-KdM7HVpI0z0/VAVYZt8xBwI/AAAAAAAANpU/-4wqVFsT9_w/s1600/logo.png) repeat;
-moz-border-radius: 20px;
-webkit-border-radius: 20px;
border-radius: 20px;
padding: 20px;
font-size: 72px;
color: #4d4d4d;
letter-spacing: -2px;
line-height: 50px;
float: left;
margin-bottom: 10px;
}

h1 span{
display: block;
font-family: 'Parisienne', cursive;
font-size: 32px;
line-height: 30px;
margin-left: 40px;
letter-spacing: 0;
}

h2{
color: #396f90;
text-transform: uppercase;
font-family: 'Oswald', sans-serif;
font-size: 80px;
font-weight: 700;
line-height: 55px;
letter-spacing: -2px;
margin-bottom: 20px;
}

h2 span{
font-size: 25px;
font-weight: 300;
letter-spacing: 0;
display:block;
}

p{
font-family: 'PT Sans Caption', sans-serif;
font-size: 16px;
color: #4d4d4d;
}

ul.socialnbt{
width: 526px;
float: left;
margin-top: 15px;
margin-bottom: 20px;
}

ul.socialnbt li{
margin-right: 25px; 
float: left;
}

ul.socialnbt li a{
background: url(http://4.bp.blogspot.com/-THEyBaRnG1A/VAVYZ71PpSI/AAAAAAAANpQ/UHu-XgfKwv4/s1600/social.png) left top no-repeat;
width: 48px;
height: 60px;
float: left;
}

ul.socialnbt li a.fbnbt{
background-position: 0 0;
}

ul.socialnbt li a:hover.fbnbt{
background-position: 0 -60px;
}

ul.socialnbt li a.twnbt{
background-position: -73px 0;
}

ul.socialnbt li a:hover.twnbt{
background-position: -73px -60px;
}

ul.socialnbt li a.linbt{
background-position: -146px 0;
}

ul.socialnbt li a:hover.linbt{
background-position: -146px -60px;
}

ul.infonbt{
width: 526px;
float: left;
}

ul.infonbt li{
float: left;
margin-right: 40px;
font-family: 'Oswald', sans-serif;
font-size: 13px;
letter-spacing: 1px;
margin-bottom: 20px;
color: #4d4d4d;
}

ul.infonbt li a{
color: #4d4d4d;
}
ul.infonbt li.phnbt{
background: url(http://4.bp.blogspot.com/-okygsZmjxB4/VAVYY1H99hI/AAAAAAAANpE/S13U0S7L3ZA/s1600/icons.png) left top no-repeat;
padding-top: 25px;
}

ul.infonbt li.adnbt{
background: url(http://4.bp.blogspot.com/-okygsZmjxB4/VAVYY1H99hI/AAAAAAAANpE/S13U0S7L3ZA/s1600/icons.png) left -208px no-repeat;
padding-top: 25px;
}

ul.infonbt li.mailnbt{
background: url(http://4.bp.blogspot.com/-okygsZmjxB4/VAVYY1H99hI/AAAAAAAANpE/S13U0S7L3ZA/s1600/icons.png) left -107px no-repeat;
padding-top: 25px;
}

.container_12,.container_16{margin-left:auto;margin-right:auto;width:960px}.grid_1,.grid_2,.grid_3,.grid_4,.grid_5,.grid_6,.grid_7,.grid_8,.grid_9,.grid_10,.grid_11,.grid_12,.grid_13,.grid_14,.grid_15,.grid_16{display:inline;float:left;position:relative;margin-left:10px;margin-right:10px}.container_12 .grid_3,.container_16 .grid_4{width:220px}.container_12 .grid_6,.container_16 .grid_8{width:460px}.container_12 .grid_9,.container_16 .grid_12{width:700px}.container_12 .grid_12,.container_16 .grid_16{width:940px}.alpha{margin-left:0}.omega{margin-right:0}.container_12 .grid_1{width:60px}.container_12 .grid_2{width:140px}.container_12 .grid_4{width:300px}.container_12 .grid_5{width:380px}.container_12 .grid_7{width:540px}.container_12 .grid_8{width:620px}.container_12 .grid_10{width:780px}.container_12 .grid_11{width:860px}.container_16 .grid_1{width:40px}.container_16 .grid_2{width:100px}.container_16 .grid_3{width:160px}.container_16 .grid_5{width:280px}.container_16 .grid_6{width:340px}.container_16 .grid_7{width:400px}.container_16 .grid_9{width:520px}.container_16 .grid_10{width:580px}.container_16 .grid_11{width:640px}.container_16 .grid_13{width:760px}.container_16 .grid_14{width:820px}.container_16 .grid_15{width:880px}.container_12 .prefix_3,.container_16 .prefix_4{padding-left:240px}.container_12 .prefix_6,.container_16 .prefix_8{padding-left:480px}.container_12 .prefix_9,.container_16 .prefix_12{padding-left:720px}.container_12 .prefix_1{padding-left:80px}.container_12 .prefix_2{padding-left:160px}.container_12 .prefix_4{padding-left:320px}.container_12 .prefix_5{padding-left:400px}.container_12 .prefix_7{padding-left:560px}.container_12 .prefix_8{padding-left:640px}.container_12 .prefix_10{padding-left:800px}.container_12 .prefix_11{padding-left:880px}.container_16 .prefix_1{padding-left:60px}.container_16 .prefix_2{padding-left:120px}.container_16 .prefix_3{padding-left:180px}.container_16 .prefix_5{padding-left:300px}.container_16 .prefix_6{padding-left:360px}.container_16 .prefix_7{padding-left:420px}.container_16 .prefix_9{padding-left:540px}.container_16 .prefix_10{padding-left:600px}.container_16 .prefix_11{padding-left:660px}.container_16 .prefix_13{padding-left:780px}.container_16 .prefix_14{padding-left:840px}.container_16 .prefix_15{padding-left:900px}.container_12 .suffix_3,.container_16 .suffix_4{padding-right:240px}.container_12 .suffix_6,.container_16 .suffix_8{padding-right:480px}.container_12 .suffix_9,.container_16 .suffix_12{padding-right:720px}.container_12 .suffix_1{padding-right:80px}.container_12 .suffix_2{padding-right:160px}.container_12 .suffix_4{padding-right:320px}.container_12 .suffix_5{padding-right:400px}.container_12 .suffix_7{padding-right:560px}.container_12 .suffix_8{padding-right:640px}.container_12 .suffix_10{padding-right:800px}.container_12 .suffix_11{padding-right:880px}.container_16 .suffix_1{padding-right:60px}.container_16 .suffix_2{padding-right:120px}.container_16 .suffix_3{padding-right:180px}.container_16 .suffix_5{padding-right:300px}.container_16 .suffix_6{padding-right:360px}.container_16 .suffix_7{padding-right:420px}.container_16 .suffix_9{padding-right:540px}.container_16 .suffix_10{padding-right:600px}.container_16 .suffix_11{padding-right:660px}.container_16 .suffix_13{padding-right:780px}.container_16 .suffix_14{padding-right:840px}.container_16 .suffix_15{padding-right:900px}.container_12 .push_3,.container_16 .push_4{left:240px}.container_12 .push_6,.container_16 .push_8{left:480px}.container_12 .push_9,.container_16 .push_12{left:720px}.container_12 .push_1{left:80px}.container_12 .push_2{left:160px}.container_12 .push_4{left:320px}.container_12 .push_5{left:400px}.container_12 .push_7{left:560px}.container_12 .push_8{left:640px}.container_12 .push_10{left:800px}.container_12 .push_11{left:880px}.container_16 .push_1{left:60px}.container_16 .push_2{left:120px}.container_16 .push_3{left:180px}.container_16 .push_5{left:300px}.container_16 .push_6{left:360px}.container_16 .push_7{left:420px}.container_16 .push_9{left:540px}.container_16 .push_10{left:600px}.container_16 .push_11{left:660px}.container_16 .push_13{left:780px}.container_16 .push_14{left:840px}.container_16 .push_15{left:900px}.container_12 .pull_3,.container_16 .pull_4{left:-240px}.container_12 .pull_6,.container_16 .pull_8{left:-480px}.container_12 .pull_9,.container_16 .pull_12{left:-720px}.container_12 .pull_1{left:-80px}.container_12 .pull_2{left:-160px}.container_12 .pull_4{left:-320px}.container_12 .pull_5{left:-400px}.container_12 .pull_7{left:-560px}.container_12 .pull_8{left:-640px}.container_12 .pull_10{left:-800px}.container_12 .pull_11{left:-880px}.container_16 .pull_1{left:-60px}.container_16 .pull_2{left:-120px}.container_16 .pull_3{left:-180px}.container_16 .pull_5{left:-300px}.container_16 .pull_6{left:-360px}.container_16 .pull_7{left:-420px}.container_16 .pull_9{left:-540px}.container_16 .pull_10{left:-600px}.container_16 .pull_11{left:-660px}.container_16 .pull_13{left:-780px}.container_16 .pull_14{left:-840px}.container_16 .pull_15{left:-900px}.clearnbt{clear:both;display:block;overflow:hidden;visibility:hidden;width:0;height:0}.clearfix:after{clear:both;content:' ';display:block;font-size:0;line-height:0;visibility:hidden;width:0;height:0}* html .clearfix{height:1%}

h2.date-header{margin:10px 0;display:none}
.main .widget{margin:0;padding:0}
#comments{padding:10px;margin-bottom:20px}
#comments h4{font-size:22px;margin-bottom:10px}
.deleted-comment{font-style:italic;color:gray}
#blog-pager-newer-link{float:left}
#blog-pager-older-link{float:right}
#blog-pager{text-align:center;padding:5px}
.feed-links{clear:both}
#navbar-iframe{height:0;visibility:hidden;display:none}
.separator a[style="margin-left: 1em; margin-right: 1em;"] {margin-left: auto!important;margin-right: auto!important;}
.themewidgetsec {display:none;}
.themewidgetsec .widget {display:none;}
.copyrightnbt {margin-top:10px;margin-bottom:10px;color:#4d4d4d;font-size:12px;font-family:'Crete Round',sans-serif;text-align:center;}
.copyrightnbt a {color:#4d4d4d;text-decoration:none;}
.copyrightnbt a:hover {color:#555555;text-decoration:none;}
]]></b:skin>

</head>
<body>

<div id='shimnbt'/>
<div id='contentnbt'>
	<div class='watchnbt'/>
	<div class='restnbt'>
		<h1>BIG <span>Company</span></h1>
		<div class='clearnbt'/>
		<h2><span>our website is</span>Coming Soon</h2>
		<p>In the mean time connect with us with the information provided</p>
		
		<ul class='socialnbt'>
			<li><a class='fbnbt' href='#'/></li>
			<li><a class='twnbt' href='#'/></li>
			<li><a class='linbt' href='#'/></li>
		</ul>
		
		<ul class='infonbt'>
			<li class='phnbt'>981-981-9811</li>
			<li class='adnbt'>301 Clematis. Suite 3000, West Palm Beach, FL 33401</li>
			<li class='mailnbt'><a href='mailto:info@bigcompany.com'>info@bigcompany.com</a></li>
		</ul>
	</div>
	
<div class='copyrightnbt'>
<!-- Do not edit or remove credits without our permission: newbloggerthemes.com -->
Copyright &#169; <script type='text/javascript'>var creditsyear = new Date();document.write(creditsyear.getFullYear());</script> <a expr:href='data:blog.homepageUrl'><data:blog.title/></a> | Published By <a href='http://gooyaabitemplates.com/' rel='dofollow' target='_blank' title='Blogger Templates'>Gooyaabi Templates</a>

| Powered By <a href='http://gooyaabitemplates.com/' rel='dofollow' target='_blank' title='Blogger'>Blogger</a>
<br/>Design by <a href='http://www.websuccessagency.com/' target='_blank'>WebSuccessAgency</a> | Blogger Theme by <a href='http://newbloggerthemes.com/' target='_blank' title='NewBloggerThemes.com'>NewBloggerThemes.com</a>	
</div>
<b:section class='themewidgetsec' id='themewidgetsec' preferred='yes'/>	
	
</div>
</body>
</html>