<?xml version="1.0" encoding="UTF-8" ?>
<!DOCTYPE html PUBLIC "-//W3C//DTD XHTML 1.0 Strict//EN" "http://www.w3.org/TR/xhtml1/DTD/xhtml1-strict.dtd">
<html expr:dir='data:blog.languageDirection' xmlns='http://www.w3.org/1999/xhtml' xmlns:b='http://www.google.com/2005/gml/b' xmlns:data='http://www.google.com/2005/gml/data' xmlns:expr='http://www.google.com/2005/gml/expr'>
  <head>
	<meta content='IE=EmulateIE7' http-equiv='X-UA-Compatible'/>
    <meta content='width=device-width, initial-scale=1, maximum-scale=1' name='viewport'/>
    <b:include data='blog' name='all-head-content'/>
    <b:if cond='data:blog.pageType == &quot;index&quot;'>
    <title><data:blog.pageTitle/></title>
    <b:else/>
    <title><data:blog.pageName/> - <data:blog.title/></title>
    </b:if>
<meta content='Blogger Template' name='Description'/>
<meta content='blogger, templates, themes, download' name='Keywords'/>
<meta content='INDEX, FOLLOW' name='Robots'/>
<meta content='George Robinson' name='Author'/>
    <b:skin><![CDATA[/*
-----------------------------------------------
Blogger Template Style
Name: Tempest Classic
Author      : George Robinson
URL Author  : http://btdesigner.blogspot.com/
Date:     25 Ago 2013
Updated by: Blogger Team
----------------------------------------------- */

/* Variable definitions
   ====================
   <Variable name="bgcolor" description="Page Background Color"
             type="color" default="#fff" value="#dbdddb">
   <Variable name="textcolor" description="Text Color"
             type="color" default="#333" value="#191919">
   <Variable name="linkcolor" description="Link Color"
             type="color" default="#58a" value="#ff7f00">
   <Variable name="pagetitlecolor" description="Blog Title Color"
             type="color" default="#666" value="#cccccc">
   <Variable name="descriptioncolor" description="Blog Description Color"
             type="color" default="#999" value="#b6d7a8">
   <Variable name="titlecolor" description="Post Title Color"
             type="color" default="#c60" value="#333333">
   <Variable name="bordercolor" description="Border Color"
             type="color" default="#ccc" value="#999999">
   <Variable name="sidebarcolor" description="Sidebar Title Color"
             type="color" default="#999" value="#999999">
   <Variable name="sidebartextcolor" description="Sidebar Text Color"
             type="color" default="#666" value="#333333">
   <Variable name="visitedlinkcolor" description="Visited Link Color"
             type="color" default="#999" value="#999999">
   <Variable name="bodyfont" description="Text Font"
             type="font" default="normal normal 100% Georgia, Serif" value="normal normal 14px Georgia, Utopia, 'Palatino Linotype', Palatino, serif">
   <Variable name="headerfont" description="Sidebar Title Font"
             type="font"
             default="normal normal 78% 'Trebuchet MS',Trebuchet,Arial,Verdana,Sans-serif" value="normal normal 85% Georgia, Utopia, 'Palatino Linotype', Palatino, serif">
   <Variable name="pagetitlefont" description="Blog Title Font"
             type="font"
             default="normal normal 200% Georgia, Serif" value="italic normal 24px Georgia, Utopia, 'Palatino Linotype', Palatino, serif">
   <Variable name="descriptionfont" description="Blog Description Font"
             type="font"
             default="normal normal 78% 'Trebuchet MS', Trebuchet, Arial, Verdana, Sans-serif" value="normal normal 12px Georgia, Utopia, 'Palatino Linotype', Palatino, serif">
   <Variable name="postfooterfont" description="Post Footer Font"
             type="font"
             default="normal normal 78% 'Trebuchet MS', Trebuchet, Arial, Verdana, Sans-serif" value="normal normal 78% 'Trebuchet MS', Trebuchet, Arial, Verdana, Sans-serif">
   <Variable name="startSide" description="Side where text starts in blog language"
             type="automatic" default="left" value="left">
   <Variable name="endSide" description="Side where text ends in blog language"
             type="automatic" default="right" value="right">
*/

/* Use this with templates/template-twocol.html */
#navbar-iframe {
height:0;
visibility:hidden;
display:none;
}

body {
background:#eaeaea url(http://3.bp.blogspot.com/-YeAwUg9TC6I/UhYbpTC4zCI/AAAAAAAAFFU/hOukQiG7wYk/s1600/bgcontent.png) no-repeat left 150px;
margin:0;
color:$textcolor;
font:x-small Georgia Serif;
font-size:/**/
small;
font-size:/**/
small;
text-align:center;
}

/* Page Structure
----------------------------------------------- */
#outer-wrapper {
margin:0;
padding:0;
text-align:$startSide;
font:$bodyfont;
}

#content-wrapper {
width:980px;
margin:0 auto;
padding:10px;
overflow:hidden;
}

#main-wrapper {
width:640px;
float:$startSide;
word-wrap:break-word;
overflow:hidden;
}

#sidebar-wrapper {
width:320px;
float:$endSide;
word-wrap:break-word;
overflow:hidden;
}

/* Links
----------------------------------------------- */
a:link {
color:$linkcolor;
text-decoration:none;
}

a:visited {
color:$visitedlinkcolor;
text-decoration:none;
}

a:hover {
color:$titlecolor;
text-decoration:underline;
}

a img {
border-width:0;
}

code {
background:#ddd;
border:1px solid #ccc;
white-space:pre;
display:block;
margin:5px;
padding:5px;
width:580px;
overflow: auto; /*--If the Code exceeds the width, a scrolling is available--*/
overflow-Y: hidden;  /*--Hides vertical scroll created by IE--*/
}

/* Blog Top
----------------------------------------------- */
#topnav {
background:#111 url(http://1.bp.blogspot.com/_kMUpUqMmduA/SVU83AJh2SI/AAAAAAAAA60/cBmw4fQjzF8/s1600/topnav.png);
border-bottom:1px solid #222;
}

#topnav-inner {
margin:0 auto;
padding-top:8px;
height:22px;
width:980px;
font-size:11px;
background:inherit;
}

#topnav ul {
margin:0;
padding:0;
list-style:none;
}

#topnav ul li {
margin:0;
padding:0 15px;
border-right:1px solid #666;
float:left;
}

#topnav ul li.lastchild {
border-right:0;
}

#topnav a,#topnav a:visited {
color:#b8b8b4;
}

#topnav a:hover {
text-decoration:none;
color:#f90;
}

#topnav-right {
text-align:right;
float:right;
margin:0;
padding:0;
}

/* Header
----------------------------------------------- */
#header-wrapper {
background:#232323 url(http://3.bp.blogspot.com/-wSbrW82gQgs/UhX3RGZ5geI/AAAAAAAAFEI/u8d-UiZ5kDk/s1600/bghead.png) no-repeat top center;
margin:0 auto;
padding:0;
}

#head {
width:960px;
margin:0 auto;
overflow:hidden;
}

#header-inner {
background-position:center;
margin-left:auto;
margin-right:auto;
}

#header {
width:450px;
float:left;
margin:auto;
text-align:left;
color:$pagetitlecolor;
}

#header h1 {
margin:5px 5px 0;
padding:15px 0;
line-height:1.2em;
text-transform:uppercase;
letter-spacing:.2em;
font:$pagetitlefont;
}

#header a {
color:$pagetitlecolor;
text-decoration:none;
}

#header a:hover {
color:$pagetitlecolor;
}

#header .description {
margin:0 auto;
padding:5px 0 20px;
max-width:400px;
text-transform:uppercase;
letter-spacing:.2em;
line-height:1.4em;
font:$descriptionfont;
color:$descriptioncolor;
}

#header img {
margin-startside:auto;
margin-endside:auto;
}

#header2 {
float:right;
width:470px;
margin:0 auto;
padding:10px 0;
}

.header-ads {
width:468px;
height:60px;
padding:10px 0;
}

/* Navigation Blog ---- */
#NavbarMenu {
background:url(http://3.bp.blogspot.com/-h_OQrFGDFHM/UhYN8ftcxmI/AAAAAAAAFFE/2nPnkCDe_ME/s1600/menubg.png) repeat-x top left;
height:35px;
width:100%;
font-size:14px;
font-family:Arial, Tahoma, Verdana, sans-serif;
color:#222;
font-weight:700;
margin:0 auto;
padding:0;
}

#menuwrap {
width:980px!important;
margin:0 auto;
overflow:hidden;
}

#nav {
margin:0;
padding:0;
}

#nav ul {
float:left;
list-style:none;
margin:0;
padding:0;
}

#nav li {
list-style:none;
margin:0;
padding:0;
}

#nav li a,#nav li a:link,#nav li a:visited {
color:#333;
display:block;
font-size:14px;
font-weight:400;
text-transform:capitalize;
line-height:35px;
margin:0;
padding:0 10px;
}

#nav li a:hover,#nav li a:active {
color:#ff7800;
margin:0;
padding:0 10px;
text-decoration:none;
}

#nav li li a,#nav li li a:link,#nav li li a:visited {
background:url(http://3.bp.blogspot.com/-h_OQrFGDFHM/UhYN8ftcxmI/AAAAAAAAFFE/2nPnkCDe_ME/s1600/menubg.png);
width:150px;
color:#444;
font-size:14px;
line-height:31px;
font-family:Georgia, Times New Roman;
font-weight:400;
text-transform:lowercase;
float:none;
margin:0 auto;
padding:0 10px;
border-bottom:1px solid #FFF;
border-left:1px solid #FFF;
border-right:1px solid #FFF;
}

#nav li li a:hover,#nav li li a:active {
color:#FF7800;
padding:0 10px;
}

#nav li {
float:left;
padding:0;
}

#nav li ul {
z-index:9999;
position:absolute;
left:-999em;
height:auto;
width:170px;
margin:0;
padding:0;
}

#nav li li {
}

#nav li ul a {
width:140px;
}

#nav li ul a:hover,#nav li ul a:active {
}

#nav li ul ul {
margin:-32px 0 0 171px;
}

#nav li:hover ul ul,#nav li:hover ul ul ul,#nav li.sfhover ul ul,#nav li.sfhover ul ul ul {
left:-999em;
}

#nav li:hover ul,#nav li li:hover ul,#nav li li li:hover ul,#nav li.sfhover ul,#nav li li.sfhover ul,#nav li li li.sfhover ul {
left:auto;
}

#nav li:hover,#nav li.sfhover {
position:static;
}

* Search Form
-----------------------------------------------*/
#search-wrap {
float:right;
width:318px;
height:35px;
background:#332C2B;
border:1px solid #fff;
}

.search {
width:300px;
height:35px;
margin:0 auto;
padding:10px;
}

.search input {
float:right;
width:270px;
height:30px;
margin:10px 0 20px;
padding:1px 8px 1px 25px;
font:normal normal normal 11px/15px Verdana, Geneva, Tahoma, sans-serif;
color:#222;
background:#f4f4f4 url(http://3.bp.blogspot.com/-B96eKyZVdX8/Uad2eo8UOxI/AAAAAAAAE2w/JYpuM7nj51Y/s1600/find.png) no-repeat 5px 5px;
border:1px solid #ddd;
}

.search-submit,.search .button {
display:none;
}

/* Headings
----------------------------------------------- */
h2 {
margin:10px 0;
font:$headerfont;
line-height:1.2em;
text-transform:uppercase;
letter-spacing:.2em;
color:$sidebarcolor;
}

/* Posts
-----------------------------------------------
 */
h2.date-header {
margin:10px 0 5px;
font-size:70%;
}

.post {
margin:10px 0 15px;
border-bottom:1px dotted $bordercolor;
padding:0 15px 1.5em;
border:1px solid #FEFEFE;
background:#f6f6f6 url(http://1.bp.blogspot.com/-5KXgcbKkGQ0/UhZjGEJ-7xI/AAAAAAAAFGo/4nSeH2PM_eY/s1600/sidetop.png) repeat-x top left;
}

.post h3 {
margin:0;
padding:5px 0;
font-size:21px;
font-weight:400;
height:21px;
line-height:21px;
color:$titlecolor;
border-top:1px solid #eee;
}

.post h3 a,.post h3 a:visited,.post h3 strong {
display:block;
text-decoration:none;
color:$titlecolor;
font-weight:400;
}

.post h3 strong,.post h3 a:hover {
color:$textcolor;
}

#main .post-header {
border-bottom:solid 1px #ebebeb;
border-top:solid 1px #ebebeb;
height:30px;
line-height:30px;
margin:10px 0;
padding:0;
font-size:11px;
}

.post-body {
margin:0 0 .75em;
line-height:1.6em;
}

.post ul li {
list-style-type:square;
}

.post-body blockquote {
line-height:1.3em;
}

.post-footer {
margin:.75em 0;
color:$sidebarcolor;
text-transform:uppercase;
letter-spacing:.1em;
font:$postfooterfont;
line-height:1.4em;
}

.comment-link {
margin-startside:.6em;
}

.post img,table.tr-caption-container {
padding:5px;
border:0 solid $bordercolor;
background:;
}

.tr-caption-container img {
border:none;
padding:0;
}

.post blockquote { 
background: #F3F3F1 url(http://3.bp.blogspot.com/_7wsQzULWIwo/Swb5Jv9YD4I/AAAAAAAACPc/BJ-zgoLMJXw/s1600/comma-side-orange1.gif) ; 
background-position:; 
background-repeat:repeat-y; 
margin: 0 20px; 
padding: 20px 20px 10px 45px; 
font-size: 0.9em; 
font: italic 1.2em Georgia, "Times New Roman", Times, serif; 
} 
.post blockquote p { 
margin: 0; 
padding-top: 10px; 
}

.breadcrumbs {
margin:10px 15px;
font-size:75%;
line-height:1.4em;
text-transform:uppercase;
}

/* Comments
----------------------------------------------- */
#comments {
background:#f4f4f4;
border:1px solid #fff;
margin:15px auto;
padding:10px;
}

#comments h4 {
  margin:1em 0;
  font-weight: bold;
  line-height: 1.4em;
  text-transform:uppercase;
  letter-spacing:.2em;
  color: $sidebarcolor;
  }

#comments-block {
  margin:1em 0 1.5em;
  line-height:1.6em;
  }
#comments-block .comment-author {
  margin:.5em 0;
  }
#comments-block .comment-body {
  margin:.25em 0 0;
  }
#comments-block .comment-footer {
  margin:-.25em 0 2em;
  line-height: 1.4em;
  text-transform:uppercase;
  letter-spacing:.1em;
  }
#comments-block .comment-body p {
  margin:0 0 .75em;
  }

.deleted-comment {
font-style:italic;
color:gray;
}

#blog-pager-newer-link {
float:left;
}

#blog-pager-older-link {
float:right;
}

#blog-pager {
text-align:center;
padding:5px 10px;
background:#333;
color:#fff;
}

/* Page Navigation */
.pagenavi {
clear:both;
margin:10px auto;
text-align:center;
}

.pagenavi span,.pagenavi a {
padding:5px 8px;
margin-right:5px;
background:#cdcdcd;
border:1px solid #ddd;
color:#f90;
}

.pagenavi a:visited {
color:#fff;
}

.pagenavi a:hover,.pagenavi .current {
background:#ff9000;
color:#444;
text-decoration:none;
}

.pagenavi .pages,.pagenavi .current {
font-weight:700;
}

.pagenavi .pages {
border:none;
}

.feed-links {
clear:both;
line-height:2.5em;
margin-left:15px;
}

/* Related Posts
----------------------------------------------- */
#under-wrapper {
border-top:2px solid #555;
position:relative;
width:100%;
height:auto;
margin:15px auto;
padding:0;
}

#related-posts {
float:left;
width:588px;
margin:0 auto;
padding:0 10px;
}

#related-posts h2 {
background:none;
color:#333;
font-size:13px;
padding:0 0 10px;
border-bottom:1px solid #222;
}

#related-posts a {
color:#666;
}

#related-posts a:hover {
color:#724cd1;
}

#related-posts a:hover {
opacity:.7;
filter:alpha(opacity=70);
-moz-opacity:.7;
-khtml-opacity:.7;
}

/* Sidebar Content
----------------------------------------------- */
.sidebar {
color:$sidebartextcolor;
font-size:12px;
line-height:1.5em;
}

.sidebar h2 {
border-bottom:1px solid #DEDBD1;
color:#363636;
display:block;
font-size:13px;
height:16px;
margin:0 0 7px;
padding:5px 8px;
text-align:left;
}

.sidebar ul {
list-style:none;
margin:0;
padding:0;
}

.sidebar li {
margin:0;
padding:5px 10px;
line-height:1.5em;
border-bottom:1px dotted #ddd;
}

.sidebar .widget {
background:#f4f4f4 url(http://1.bp.blogspot.com/-5KXgcbKkGQ0/UhZjGEJ-7xI/AAAAAAAAFGo/4nSeH2PM_eY/s1600/sidetop.png) repeat-x top left;
border:1px solid #FEFEFE;
margin:0 0 10px;
padding:10px;
}

.main .Blog {
}

/* Profile 
----------------------------------------------- */
.profile-img {
float:$startSide;
margin-top:0;
margin-endside:5px;
margin-bottom:5px;
margin-startside:0;
padding:4px;
border:1px solid $bordercolor;
}

.profile-data {
margin:0;
text-transform:uppercase;
letter-spacing:.1em;
font:$postfooterfont;
color:$sidebarcolor;
font-weight:700;
line-height:1.6em;
}

.profile-datablock {
margin:.5em 0;
}

.profile-textblock {
margin:.5em 0;
line-height:1.6em;
}

.profile-link {
font:$postfooterfont;
text-transform:uppercase;
letter-spacing:.1em;
}

/* Footer
----------------------------------------------- */
#footer-wrapper {
background:#181818;
}

#footer a,#footer a:hover,#footer a:visited {
color:#ccc;
}

#footer {
width:980px;
clear:both;
margin:0 auto;
line-height:2.9em;
color:#ccc;
font-size:12px;
background:#181818;
/* background:inherit; does not work on older browsers so this is a quick fix*/
}

/*----------- MBT Gallery -----------------*/
#mbtboxes {
height:170px;
overflow:hidden;
margin:0 auto;
position:relative;
width:100%;
background:transparent;
padding:5px 0;
}

#mbtboxes ul {
margin:15px 0;
padding:0 10px;
position:relative;
list-style-type:none;
z-index:1;
width:100%;
}

#mbtboxes ul li {
overflow:hidden;
float:left;
width:202px;
height:155px;
margin-right:10px;
padding:0;
}

#mbtboxes ul li:hover {
border-bottom:5px solid #214037;
background:#f4f4f4;
}

#mbtboxes img {
width:199px;
height:89px;
padding:0px;
border:1px solid #fff;
margin-top:0;
}

#mbtboxes img:hover {
border:1px solid #f2f2f2;
}

.mbtbody img {
float:left;
}

.mbtbody {
text-align:left;
position:relative;
margin:0;
width:202px;
height:140px;
display:inline;
float:left;
color:#c4c4c4;
}

.mbtbody h3 {
padding:5px;
font-size:14px;
font-weight:700;
font-family:Georgia, serif;
margin:0;
}

.mbtbody h3 a:link,.mbtbody h3 a:visited {
color:#444;
}

.mbtbody h3 a:hover {
color:#f90;
}

.mbtbody p {
margin:0;
padding:0 5px;
color:#666;
font:11px normal arial, verdana, sans-serif;
}

.Fadein3 img {
filter:alpha(opacity=100);
opacity:1.0;
border:0;
}

.Fadein3:hover img {
filter:alpha(opacity=80);
opacity:0.8;
border:0;
}

/* Contact Form Container */
.contact-form-widget {
width:300px;
max-width:280px;
margin:0 auto;
padding:10px;
background:#F8F8F8;
color:#000;
border:1px solid #C1C1C1;
box-shadow:0 1px 4px rgba(0,0,0,0.25);
border-radius:10px;
}

/* Fields and submit button */
.contact-form-name,.contact-form-email,.contact-form-email-message {
width:100%;
max-width:100%;
margin-bottom:10px;
}

/* Submit button style */
.contact-form-button-submit {
border-color:#C1C1C1;
background:#E3E3E3;
color:#585858;
width:20%;
max-width:20%;
margin-bottom:10px;
}

/* Submit button on mouseover */
.contact-form-button-submit:hover {
background:#4C8EF9;
color:#fff;
border:1px solid #FAFAFA;
}

]]></b:skin>

<style type='text/css'>
#layout #nav-inner,
#layout #topnav-inner,
#layout #footer{display:none;}
#layout #header,
#layout #content-wrapper{width:980px;}
#layout #main-wrapper{width:640px;}
#layout #header{height:auto;}
#layout .sidebar .widget{width:auto;}
#layout #header-wrapper {clear:both;}
</style>

<b:if cond='data:blog.pageType != &quot;static_page&quot;'>
<b:if cond='data:blog.pageType != &quot;item&quot;'>
<style type='text/css'>
.post-footer,.feed-links {display:none}
.blog-pager,#blog-pager{text-align:center}
</style>
</b:if></b:if>

 <script type='text/javascript'>
summary_noimg = 420;
summary_img = 240;
img_thumb_height = 110;
img_thumb_width = 220;
</script>
<script type='text/javascript'>
//<![CDATA[
function removeHtmlTag(strx,chop)
{
if(strx.indexOf("<")!=-1)
{
var s = strx.split("<");for(var i=0;i<s.length;i++){if(s[i].indexOf(">")!=-1){s[i] = s[i].substring(s[i].indexOf(">")+1,s[i].length);}}strx = s.join("");}
chop = (chop < strx.length-1) ? chop : strx.length-2;while(strx.charAt(chop-1)!=' ' && strx.indexOf(' ',chop)!=-1) chop++;strx = strx.substring(0,chop-1);return strx+'...';}
function createSummaryAndThumb(pID){
var div = document.getElementById(pID);
var imgtag = "";
var img = div.getElementsByTagName("img");
var summ = summary_noimg;
if(img.length>=1) {imgtag = '<span style="float:left; padding:0px 10px 5px 0px;"><img src="'+img [0].src+'" width="'+img_thumb_width+'px" height="'+img_thumb_height+'px"/></span>';
summ = summary_img;
}
var summary = imgtag + '<div>' + removeHtmlTag(div.innerHTML,summ) + '</div>';
div.innerHTML = summary;
}
//]]>
</script>


<!--Related Posts with thumbnails Scripts and Styles Start-->
<script src='http://ajax.googleapis.com/ajax/libs/jquery/1.8.3/jquery.min.js' type='text/javascript'/>

<script type='text/javascript'>//<![CDATA[
var relatedTitles=new Array();var relatedTitlesNum=0;var relatedUrls=new Array();var thumburl=new Array();function related_results_labels_thumbs(json){for(var i=0;i<json.feed.entry.length;i++){var entry=json.feed.entry[i];relatedTitles[relatedTitlesNum]=entry.title.$t;try{thumburl[relatedTitlesNum]=entry.gform_foot.url}catch(error){s=entry.content.$t;a=s.indexOf("<img");b=s.indexOf("src=\"",a);c=s.indexOf("\"",b+5);d=s.substr(b+5,c-b-5);if((a!=-1)&&(b!=-1)&&(c!=-1)&&(d!="")){thumburl[relatedTitlesNum]=d}else thumburl[relatedTitlesNum]='http://1.bp.blogspot.com/_u4gySN2ZgqE/SosvnavWq0I/AAAAAAAAArk/yL95WlyTqr0/s400/noimage.png'}if(relatedTitles[relatedTitlesNum].length>35)relatedTitles[relatedTitlesNum]=relatedTitles[relatedTitlesNum].substring(0,35)+"...";for(var k=0;k<entry.link.length;k++){if(entry.link[k].rel=='alternate'){relatedUrls[relatedTitlesNum]=entry.link[k].href;relatedTitlesNum++}}}}function removeRelatedDuplicates_thumbs(){var tmp=new Array(0);var tmp2=new Array(0);var tmp3=new Array(0);for(var i=0;i<relatedUrls.length;i++){if(!contains_thumbs(tmp,relatedUrls[i])){tmp.length+=1;tmp[tmp.length-1]=relatedUrls[i];tmp2.length+=1;tmp3.length+=1;tmp2[tmp2.length-1]=relatedTitles[i];tmp3[tmp3.length-1]=thumburl[i]}}relatedTitles=tmp2;relatedUrls=tmp;thumburl=tmp3}function contains_thumbs(a,e){for(var j=0;j<a.length;j++)if(a[j]==e)return true;return false}function printRelatedLabels_thumbs(){for(var i=0;i<relatedUrls.length;i++){if((relatedUrls[i]==currentposturl)||(!(relatedTitles[i]))){relatedUrls.splice(i,1);relatedTitles.splice(i,1);thumburl.splice(i,1);i--}}var r=Math.floor((relatedTitles.length-1)*Math.random());var i=0;if(relatedTitles.length>0)document.write('<h2>'+relatedpoststitle+'</h2>');document.write('<div style="clear: both;"/>');while(i<relatedTitles.length&&i<20&&i<maxresults){document.write('<a style="text-decoration:none;margin:0 12px 10px 0;float:left;');if(i!=0)document.write('"');else document.write('"');document.write(' href="'+relatedUrls[r]+'"><img style="width:130px;height:95px;border:0;padding:0;" src="'+thumburl[r]+'"/><br/><div style="width:130px;padding-left:3px;color:#000;height:40px;text-align:center;margin:3px 0px; font:bold 11px Arial; line-height:14px;">'+relatedTitles[r]+'</div></a>');if(r<relatedTitles.length-1){r++}else{r=0}i++}document.write('</div>');relatedUrls.splice(0,relatedUrls.length);thumburl.splice(0,thumburl.length);relatedTitles.splice(0,relatedTitles.length)}
//]]></script>
<!--Related Posts with thumbnails Scripts and Styles End--> 

  </head>

  <body>
<b:section class='navbar' id='navbar' maxwidgets='1' showaddelement='no'>
  <b:widget id='Navbar1' locked='true' title='Navbar' type='Navbar'>
    <b:includable id='main'>&lt;script type=&quot;text/javascript&quot;&gt;
    function setAttributeOnload(object, attribute, val) {
      if(window.addEventListener) {
        window.addEventListener(&#39;load&#39;,
          function(){ object[attribute] = val; }, false);
      } else {
        window.attachEvent(&#39;onload&#39;, function(){ object[attribute] = val; });
      }
    }
  &lt;/script&gt;
&lt;div id=&quot;navbar-iframe-container&quot;&gt;&lt;/div&gt;
&lt;script type=&quot;text/javascript&quot; src=&quot;https://apis.google.com/js/plusone.js&quot;&gt;&lt;/script&gt;
&lt;script type=&quot;text/javascript&quot;&gt;
        gapi.load(&quot;iframes-styles-bubble&quot;, function() {
          if (window.iframes &amp;&amp; iframes.open) {
            iframes.open(
                &#39;//draft.blogger.com/navbar.g?targetBlogID\758495803878511658253\46blogName\75Tempest+Classic+Blogger+Template\46publishMode\75PUBLISH_MODE_BLOGSPOT\46navbarType\75LIGHT\46layoutType\75LAYOUTS\46searchRoot\75http://tempestclassic-demo.blogspot.com/search\46blogLocale\75en\46v\0752\46homepageUrl\75http://tempestclassic-demo.blogspot.com/\46vt\0751719244635009683469&#39;,
                {
                  container: &quot;navbar-iframe-container&quot;,
                  id: &quot;navbar-iframe&quot;
                },
                {
                });
          }
        });
      &lt;/script&gt;&lt;script type=&quot;text/javascript&quot;&gt;
(function() {
var script = document.createElement(&#39;script&#39;);
script.type = &#39;text/javascript&#39;;
script.src = &#39;//pagead2.googlesyndication.com/pagead/js/google_top_exp.js&#39;;
var head = document.getElementsByTagName(&#39;head&#39;)[0];
if (head) {
head.appendChild(script);
}})();
&lt;/script&gt;
</b:includable>
  </b:widget>
</b:section>
  
			<div id='outer-wrapper'><div id='wrap2'>

    <!-- skip links for text browsers -->
    <span id='skiplinks' style='display:none;'>
      <a href='#main'>skip to main </a> |
      <a href='#sidebar'>skip to sidebar</a>
    </span>

<div id='topnav'>
<div id='topnav-inner'>
<ul>
<li><a href='/'>Home</a></li>
<li><a href='#'>About</a></li>
<li><a href='#'>Portfolio</a></li>
<li><a href='#'>Services</a></li>
<li class='lastchild'><a href='#'>Contact</a></li>
</ul>
<div id='topnav-right'>
<ul>
<li><a expr:href='data:blog.homepageUrl + &quot;feeds/posts/default&quot;'>Posts</a></li>
<li><a expr:href='data:blog.homepageUrl + &quot;feeds/comments/default&quot;'>Comments</a></li>
<li class='lastchild'><a href='http://feedburner.google.com/fb/a/mailverify?uri=btdesigner&amp;loc=en_US' rel='nofollow' target='_blank'>Email</a></li>
</ul>
</div>
<div class='clear'/>
</div>
</div>

		   <div id='header-wrapper'>
			<div id='head'>
      <b:section class='header' id='header' maxwidgets='1' showaddelement='no'>
        <b:widget id='Header1' locked='true' title='Tempest Classic Blogger Template (Header)' type='Header'>
          <b:includable id='main'>

  <b:if cond='data:useImage'>
    <b:if cond='data:imagePlacement == &quot;BEHIND&quot;'>
      <!--
      Show image as background to text. You can't really calculate the width
      reliably in JS because margins are not taken into account by any of
      clientWidth, offsetWidth or scrollWidth, so we don't force a minimum
      width if the user is using shrink to fit.
      This results in a margin-width's worth of pixels being cropped. If the
      user is not using shrink to fit then we expand the header.
      -->
      <b:if cond='data:mobile'>
          <div id='header-inner'>
            <div class='titlewrapper' style='background: transparent'>
              <h1 class='title' style='background: transparent; border-width: 0px'>
                <b:include name='title'/>
              </h1>
            </div>
            <b:include name='description'/>
          </div>
        <b:else/>
          <div expr:style='&quot;background-image: url(\&quot;&quot; + data:sourceUrl + &quot;\&quot;); &quot;                        + &quot;background-position: &quot;                        + data:backgroundPositionStyleStr + &quot;; &quot;                        + data:widthStyleStr                        + &quot;min-height: &quot; + data:height                        + &quot;_height: &quot; + data:height                        + &quot;background-repeat: no-repeat; &quot;' id='header-inner'>
            <div class='titlewrapper' style='background: transparent'>
              <h1 class='title' style='background: transparent; border-width: 0px'>
                <b:include name='title'/>
              </h1>
            </div>
            <b:include name='description'/>
          </div>
        </b:if>
    <b:else/>
      <!--Show the image only-->
      <div id='header-inner'>
        <a expr:href='data:blog.homepageUrl' style='display: block'>
          <img expr:alt='data:title' expr:height='data:height' expr:id='data:widget.instanceId + &quot;_headerimg&quot;' expr:src='data:sourceUrl' expr:width='data:width' style='display: block'/>
        </a>
        <!--Show the description-->
        <b:if cond='data:imagePlacement == &quot;BEFORE_DESCRIPTION&quot;'>
          <b:include name='description'/>
        </b:if>
      </div>
    </b:if>
  <b:else/>
    <!--No header image -->
    <div id='header-inner'>
      <div class='titlewrapper'>
        <h1 class='title'>
          <b:include name='title'/>
        </h1>
      </div>
      <b:include name='description'/>
    </div>
  </b:if>
</b:includable>
          <b:includable id='description'>
  <div class='descriptionwrapper'>
    <p class='description'><span><data:description/></span></p>
  </div>
</b:includable>
          <b:includable id='title'>
  <b:if cond='data:blog.url == data:blog.homepageUrl'>
    <data:title/>
  <b:else/>
    <a expr:href='data:blog.homepageUrl'><data:title/></a>
  </b:if>
</b:includable>
        </b:widget>
      </b:section>
   
	<div id='header2'>
      	<b:section class='header-ads' id='header-ads' maxwidgets='1' showaddelement='yes'>
<b:widget id='Image1' locked='false' title='' type='Image'>
  <b:includable id='main'>
    <b:if cond='data:title != &quot;&quot;'>
      <h2><data:title/></h2>
    </b:if>
    <div class='widget-content'>
      <b:if cond='data:link != &quot;&quot;'>
        <a expr:href='data:link'>
          <img expr:alt='data:title' expr:height='data:height' expr:id='data:widget.instanceId + &quot;_img&quot;' expr:src='data:sourceUrl' expr:width='data:width'/>
        </a>
      <b:else/>
        <img expr:alt='data:title' expr:height='data:height' expr:id='data:widget.instanceId + &quot;_img&quot;' expr:src='data:sourceUrl' expr:width='data:width'/>
      </b:if>
      <br/>
      <b:if cond='data:caption != &quot;&quot;'>
        <span class='caption'><data:caption/></span>
      </b:if>
    </div>
    <b:include name='quickedit'/>
  </b:includable>
</b:widget>
</b:section>
	</div>
    </div> </div>

<div id='NavbarMenu'>
<div id='menuwrap'>
      <ul id='nav'>
        <li><a href='#'>Category</a></li>
        <li>
          <a href='#'>Drop Down</a>
          <ul>
            <li>
              <a href='#'>Sample page</a>
              <ul>
                <li><a href='#'>Sub Sub Page #1</a></li>
                <li><a href='#'>Sub Sub Page #2</a></li>
                <li><a href='#'>Sub Sub Page #3</a></li>
              </ul>
            </li>
            <li><a href='#'>Sub Page #2</a></li>
            <li><a href='#'>Sub Page #3</a></li>
              </ul>
        </li>
        <li><a href='#'>tutorial</a></li>
        <li><a href='#'>photoshop</a></li>
		<li><a href='#'>entertainemt</a></li>
        <li><a href='#'>celebrity</a></li>
        <li><a href='#'>moda</a></li>
        <li><a href='#'>música</a></li>
		<li><a href='#'>beleza</a></li>
        <li><a href='#'>lookboard</a></li>
      </ul>
    </div>
       </div>
<div style='clear:both;'/>

			    <div id='content-wrapper'>
                  <div id='crosscol-wrapper' style='text-align:center;margin-bottom:15px;'>
        <b:section class='crosscol' id='crosscol'/>
      </div>

      <div id='main-wrapper'>

<b:if cond='data:blog.pageType != &quot;static_page&quot;'>
<b:if cond='data:blog.pageType != &quot;item&quot;'>
<div id='mbtboxes'>
<div style='visibility: visible; overflow: hidden; position: relative; z-index: 2; left: 0px; width: 100%; '>
<ul>
<li>
<div class='mbtbody'>
<a class='Fadein3' href='POST 1 LINK'>
<img height='90' src='http://1.bp.blogspot.com/-MYRScOyObiQ/Uhn-UWiqjkI/AAAAAAAAALs/T_t8FSDVGTU/s200/Fotolia_27674161.jpg' width='200'/>
</a>
<div class='clear'/>
<h3><a href='POST 1 LINK'>POST 1 DESCRIPTION</a></h3>
<p>Featured post, no longer text.</p>
</div>
</li>
<li>
<div class='mbtbody'>
<a class='Fadein3' href='POST 2 LINK'>
<img height='90' src='http://4.bp.blogspot.com/-L0Oi_OPawhc/Uhn-U1P6LBI/AAAAAAAAALw/49pcd_OezmU/s200/Fotolia_6195611.jpg' width='200'/>
</a>
<div class='clear'/>
<h3><a href='POST 2 LINK'>POST 2 DESCRIPTION</a></h3>
<p>Something attrative for your readers, to click on. </p>
</div>
</li>
<li>
<div class='mbtbody'>
<a class='Fadein3' href='POST 3 LINK'>
<img height='90' src='http://3.bp.blogspot.com/-2Kpq-_qoV1c/Uhn-VP9Su7I/AAAAAAAAAL4/UoQn55giwDs/s200/Fotolia_19277913.jpg' width='200'/>
</a>
<div class='clear'/>
<h3><a href='POST 3 LINK'>POST 3 DESCRIPTION</a></h3>
<p>Here you can put a little bit about your post.</p>
</div>
</li>
</ul>
</div>
</div>
</b:if></b:if>
<div style='clear:both;'/>

        <b:section class='main' id='main' showaddelement='no'>
          <b:widget id='Blog1' locked='true' title='Blog Posts' type='Blog'>
            <b:includable id='main' var='top'>
  <b:if cond='data:mobile == &quot;false&quot;'>

    <!-- posts -->
    <div class='blog-posts hfeed'>

      <b:include data='top' name='status-message'/> 
      <b:include data='posts' name='breadcrumb'/>

      <data:defaultAdStart/>
      <b:loop values='data:posts' var='post'>
        <b:if cond='data:post.isDateStart'>
          <b:if cond='data:post.isFirstPost == &quot;false&quot;'>
            &lt;/div&gt;&lt;/div&gt;
          </b:if>
        </b:if>
        <b:if cond='data:post.isDateStart'>
          &lt;div class=&quot;date-outer&quot;&gt;
        </b:if>
        
        <b:if cond='data:post.isDateStart'>
          &lt;div class=&quot;date-posts&quot;&gt;
        </b:if>
        <div class='post-outer'>
        <b:include data='post' name='post'/>
        <b:if cond='data:blog.pageType == &quot;static_page&quot;'>
          <b:if cond='data:post.showThreadedComments'>
            <b:include data='post' name='threaded_comments'/>
          <b:else/>
            <b:include data='post' name='comments'/>
          </b:if>
        </b:if>
        <b:if cond='data:blog.pageType == &quot;item&quot;'>
          <b:if cond='data:post.showThreadedComments'>
            <b:include data='post' name='threaded_comments'/>
          <b:else/>
            <b:include data='post' name='comments'/>
          </b:if>
        </b:if>
        </div>
        <b:if cond='data:post.includeAd'>
          <b:if cond='data:post.isFirstPost'>
            <data:defaultAdEnd/>
          <b:else/>
            <data:adEnd/>
          </b:if>
          <div class='inline-ad'>
            <data:adCode/>
          </div>
          <data:adStart/>
        </b:if>
      </b:loop>
      <b:if cond='data:numPosts != 0'>
        &lt;/div&gt;&lt;/div&gt;
      </b:if>
      <data:adEnd/>
    </div>

    <!-- navigation -->
    <b:if cond='data:blog.pageType == &quot;index&quot;'>
<b:include name='page-navi'/>
<b:else/>
<b:if cond='data:blog.pageType == &quot;archive&quot;'>
<b:include name='page-navi'/>
</b:if>
<b:else/>
<b:if cond='data:blog.pageType == &quot;item&quot;'>
<b:include name='nextprev'/>
</b:if>
</b:if>

    <!-- feed links -->
    <b:include name='feedLinks'/>

    <b:if cond='data:top.showStars'>
      <script src='//www.google.com/jsapi' type='text/javascript'/>
      <script type='text/javascript'>
        google.load(&quot;annotations&quot;, &quot;1&quot;, {&quot;locale&quot;: &quot;<data:top.languageCode/>&quot;});
        function initialize() {
          google.annotations.setApplicationId(<data:top.blogspotReviews/>);
          google.annotations.createAll();
          google.annotations.fetch();
        }
        google.setOnLoadCallback(initialize);
      </script>
    </b:if>

  <b:else/>
    <b:include name='mobile-main'/>
  </b:if>

  <b:if cond='data:top.showDummy'>
    <data:top.dummyBootstrap/>
  </b:if>

</b:includable>
            <b:includable id='backlinkDeleteIcon' var='backlink'>
  <span expr:class='&quot;item-control &quot; + data:backlink.adminClass'>
    <a expr:href='data:backlink.deleteUrl' expr:title='data:top.deleteBacklinkMsg'>
      <img src='//www.blogger.com/img/icon_delete13.gif'/>
    </a>
  </span>
</b:includable>
            <b:includable id='backlinks' var='post'>
  <a name='links'/><h4><data:post.backlinksLabel/></h4>
  <b:if cond='data:post.numBacklinks != 0'>
    <dl class='comments-block' id='comments-block'>
      <b:loop values='data:post.backlinks' var='backlink'>
        <div class='collapsed-backlink backlink-control'>
          <dt class='comment-title'>
            <span class='backlink-toggle-zippy'>&#160;</span>
            <a expr:href='data:backlink.url' rel='nofollow'><data:backlink.title/></a>
            <b:include data='backlink' name='backlinkDeleteIcon'/>
          </dt>
          <dd class='comment-body collapseable'>
            <data:backlink.snippet/>
          </dd>
          <dd class='comment-footer collapseable'>
            <span class='comment-author'><data:post.authorLabel/> <data:backlink.author/></span>
            <span class='comment-timestamp'><data:post.timestampLabel/> <data:backlink.timestamp/></span>
          </dd>
        </div>
      </b:loop>
    </dl>
  </b:if>
  <p class='comment-footer'>
    <a class='comment-link' expr:href='data:post.createLinkUrl' expr:id='data:widget.instanceId + &quot;_backlinks-create-link&quot;' target='_blank'><data:post.createLinkLabel/></a>
  </p>
</b:includable>
            <b:includable id='breadcrumb' var='posts'>
<b:if cond='data:blog.homepageUrl == data:blog.url'>
<!-- No breadcrumb on home page -->
<b:else/>
<b:if cond='data:blog.pageType == &quot;item&quot;'>
<!-- breadcrumb for the post page -->
<p class='breadcrumbs'>
<span class='post-labels'><span itemscope='' itemtype='http://data-vocabulary.org/Breadcrumb'>
<a expr:href='data:blog.homepageUrl' itemprop='url' rel='tag'><span itemprop='title'>Home</span></a></span>
<b:loop values='data:posts' var='post'>
<b:if cond='data:post.labels'>
<b:loop values='data:post.labels' var='label'>
<b:if cond='data:label.isLast == &quot;true&quot;'> &#187;
<span itemscope='' itemtype='http://data-vocabulary.org/Breadcrumb'><a expr:href='data:label.url' itemprop='url' rel='tag'><span itemprop='title'><data:label.name/></span></a></span>
</b:if>
</b:loop>
<b:else/>
&#187;Unlabelled
</b:if>
&#187; <span><data:post.title/></span>
</b:loop>
</span>
</p>
<b:else/>
<b:if cond='data:blog.pageType == &quot;archive&quot;'>
<!-- breadcrumb for the label archive page and search pages.. -->
<p class='breadcrumbs'>
<span class='post-labels'><span itemscope='' itemtype='http://data-vocabulary.org/Breadcrumb'>
<a expr:href='data:blog.homepageUrl' itemprop='url'><span itemprop='title'>Home</span></a></span> &#187; Archives for <data:blog.pageName/>
</span>
</p>
<b:else/>
<b:if cond='data:blog.pageType == &quot;index&quot;'>
<p class='breadcrumbs'>
<span class='post-labels'>
<b:if cond='data:blog.pageName == &quot;&quot;'>
<span itemscope='' itemtype='http://data-vocabulary.org/Breadcrumb'><a expr:href='data:blog.homepageUrl' itemprop='url'><span itemprop='title'>Home</span></a></span> &#187; All posts
<b:else/>
<span itemscope='' itemtype='http://data-vocabulary.org/Breadcrumb'><a expr:href='data:blog.homepageUrl' itemprop='url'><span itemprop='title'>Home</span></a></span> &#187; Posts filed under <data:blog.pageName/>
</b:if>
</span>
</p>
</b:if>
</b:if>
</b:if>
</b:if>
</b:includable>
            <b:includable id='comment-form' var='post'>
  <div class='comment-form'>
    <a name='comment-form'/>
    <b:if cond='data:mobile'>
      <h4 id='comment-post-message'>
        <a expr:id='data:widget.instanceId + &quot;_comment-editor-toggle-link&quot;' href='javascript:void(0)'><data:postCommentMsg/></a></h4>
      <p><data:blogCommentMessage/></p>
      <data:blogTeamBlogMessage/>
      <a expr:href='data:post.commentFormIframeSrc' id='comment-editor-src'/>
      <iframe allowtransparency='true' class='blogger-iframe-colorize blogger-comment-from-post' frameborder='0' height='410' id='comment-editor' name='comment-editor' src='' style='display: none' width='100%'/>
    <b:else/>
      <h4 id='comment-post-message'><data:postCommentMsg/></h4>
      <p><data:blogCommentMessage/></p>
      <data:blogTeamBlogMessage/>
      <a expr:href='data:post.commentFormIframeSrc' id='comment-editor-src'/>
      <iframe allowtransparency='true' class='blogger-iframe-colorize blogger-comment-from-post' frameborder='0' height='410' id='comment-editor' name='comment-editor' src='' width='100%'/>
    </b:if>
    <data:post.friendConnectJs/>
    <data:post.cmtfpIframe/>
    <script type='text/javascript'>
      BLOG_CMT_createIframe(&#39;<data:post.appRpcRelayPath/>&#39;, &#39;<data:post.communityId/>&#39;);
    </script>
  </div>
</b:includable>
            <b:includable id='commentDeleteIcon' var='comment'>
  <span expr:class='&quot;item-control &quot; + data:comment.adminClass'>
    <b:if cond='data:showCmtPopup'>
      <div class='goog-toggle-button'>
        <div class='goog-inline-block comment-action-icon'/>
      </div>
    <b:else/>
      <a class='comment-delete' expr:href='data:comment.deleteUrl' expr:title='data:top.deleteCommentMsg'>
        <img src='//www.blogger.com/img/icon_delete13.gif'/>
      </a>
    </b:if>
  </span>
</b:includable>
            <b:includable id='comment_count_picker' var='post'>
  <b:if cond='data:post.commentSource == 1'>
    <span class='cmt_count_iframe_holder' expr:data-count='data:post.numComments' expr:data-onclick='data:post.addCommentOnclick' expr:data-post-url='data:post.url' expr:data-url='data:post.canonicalUrl'>
    </span>
  <b:else/>
    <a class='comment-link' expr:href='data:post.addCommentUrl' expr:onclick='data:post.addCommentOnclick'>
      <data:post.commentLabelFull/>:
    </a>
  </b:if>
</b:includable>
            <b:includable id='comment_picker' var='post'>
  <b:if cond='data:post.commentSource == 1'>
    <b:include data='post' name='iframe_comments'/>
  <b:else/>
    <b:if cond='data:post.showThreadedComments'>
      <b:include data='post' name='threaded_comments'/>
    <b:else/>
      <b:include data='post' name='comments'/>
    </b:if>
  </b:if>
</b:includable>
            <b:includable id='comments' var='post'>
  <div class='comments' id='comments'>
    <a name='comments'/>
    <b:if cond='data:post.allowComments'>
      <h4>
        <b:if cond='data:post.numComments == 1'>
          1 <data:commentLabel/>:
        <b:else/>
          <data:post.numComments/> <data:commentLabelPlural/>:
        </b:if>
      </h4>

      <b:if cond='data:post.commentPagingRequired'>
        <span class='paging-control-container'>
          <a expr:class='data:post.oldLinkClass' expr:href='data:post.oldestLinkUrl'><data:post.oldestLinkText/></a>
          &#160;
          <a expr:class='data:post.oldLinkClass' expr:href='data:post.olderLinkUrl'><data:post.olderLinkText/></a>
          &#160;
          <data:post.commentRangeText/>
          &#160;
          <a expr:class='data:post.newLinkClass' expr:href='data:post.newerLinkUrl'><data:post.newerLinkText/></a>
          &#160;
          <a expr:class='data:post.newLinkClass' expr:href='data:post.newestLinkUrl'><data:post.newestLinkText/></a>
        </span>
      </b:if>

      <div expr:id='data:widget.instanceId + &quot;_comments-block-wrapper&quot;'>
        <dl expr:class='data:post.avatarIndentClass' id='comments-block'>
          <b:loop values='data:post.comments' var='comment'>
            <dt expr:class='&quot;comment-author &quot; + data:comment.authorClass' expr:id='data:comment.anchorName'>
              <b:if cond='data:comment.favicon'>
                <img expr:src='data:comment.favicon' height='16px' style='margin-bottom:-2px;' width='16px'/>
              </b:if>
              <a expr:name='data:comment.anchorName'/>
              <b:if cond='data:blog.enabledCommentProfileImages'>
                <data:comment.authorAvatarImage/>
              </b:if>
              <b:if cond='data:comment.authorUrl'>
                <a expr:href='data:comment.authorUrl' rel='nofollow'><data:comment.author/></a>
              <b:else/>
                <data:comment.author/>
              </b:if>
              <data:commentPostedByMsg/>
            </dt>
            <dd class='comment-body' expr:id='data:widget.instanceId + data:comment.cmtBodyIdPostfix'>
              <b:if cond='data:comment.isDeleted'>
                <span class='deleted-comment'><data:comment.body/></span>
              <b:else/>
                <p>
                  <data:comment.body/>
                </p>
              </b:if>
            </dd>
            <dd class='comment-footer'>
              <span class='comment-timestamp'>
                <a expr:href='data:comment.url' title='comment permalink'>
                  <data:comment.timestamp/>
                </a>
                <b:include data='comment' name='commentDeleteIcon'/>
              </span>
            </dd>
          </b:loop>
        </dl>
      </div>

      <b:if cond='data:post.commentPagingRequired'>
        <span class='paging-control-container'>
          <a expr:class='data:post.oldLinkClass' expr:href='data:post.oldestLinkUrl'>
            <data:post.oldestLinkText/>
          </a>
          <a expr:class='data:post.oldLinkClass' expr:href='data:post.olderLinkUrl'>
            <data:post.olderLinkText/>
          </a>
          &#160;
          <data:post.commentRangeText/>
          &#160;
          <a expr:class='data:post.newLinkClass' expr:href='data:post.newerLinkUrl'>
            <data:post.newerLinkText/>
          </a>
          <a expr:class='data:post.newLinkClass' expr:href='data:post.newestLinkUrl'>
            <data:post.newestLinkText/>
          </a>
        </span>
      </b:if>

      <p class='comment-footer'>
        <b:if cond='data:post.embedCommentForm'>
          <b:if cond='data:post.allowNewComments'>
            <b:include data='post' name='comment-form'/>
          <b:else/>
            <data:post.noNewCommentsText/>
          </b:if>
        <b:else/>
          <b:if cond='data:post.allowComments'>
            <a expr:href='data:post.addCommentUrl' expr:onclick='data:post.addCommentOnclick'><data:postCommentMsg/></a>
          </b:if>
        </b:if>

      </p>
    </b:if>
    <b:if cond='data:showCmtPopup'>
      <div id='comment-popup'>
        <iframe allowtransparency='true' frameborder='0' id='comment-actions' name='comment-actions' scrolling='no'>
        </iframe>
      </div>
    </b:if>

    <div id='backlinks-container'>
    <div expr:id='data:widget.instanceId + &quot;_backlinks-container&quot;'>
       <b:if cond='data:post.showBacklinks'>
         <b:include data='post' name='backlinks'/>
       </b:if>
    </div>
    </div>
  </div>
</b:includable>
            <b:includable id='feedLinks'>
  <b:if cond='data:blog.pageType != &quot;item&quot;'> <!-- Blog feed links -->
    <b:if cond='data:feedLinks'>
      <div class='blog-feeds'>
        <b:include data='feedLinks' name='feedLinksBody'/>
      </div>
    </b:if>

    <b:else/> <!--Post feed links -->
    <div class='post-feeds'>
      <b:loop values='data:posts' var='post'>
        <b:if cond='data:post.allowComments'>
          <b:if cond='data:post.feedLinks'>
            <b:include data='post.feedLinks' name='feedLinksBody'/>
          </b:if>
        </b:if>
      </b:loop>
    </div>
  </b:if>
</b:includable>
            <b:includable id='feedLinksBody' var='links'>
  <div class='feed-links'>
  <data:feedLinksMsg/>
  <b:loop values='data:links' var='f'>
     <a class='feed-link' expr:href='data:f.url' expr:type='data:f.mimeType' target='_blank'><data:f.name/> (<data:f.feedType/>)</a>
  </b:loop>
  </div>
</b:includable>
            <b:includable id='iframe_comments' var='post'>

  <b:if cond='data:post.allowIframeComments'>
    <script expr:src='data:post.iframeCommentSrc' type='text/javascript'/>
    <div class='cmt_iframe_holder' expr:data-href='data:post.canonicalUrl' expr:data-viewtype='data:post.viewType'/>

    <b:if cond='data:post.embedCommentForm == &quot;false&quot;'>
      <a expr:href='data:post.addCommentUrl' expr:onclick='data:post.addCommentOnclick'><data:postCommentMsg/></a>
    </b:if>
  </b:if>
</b:includable>
            <b:includable id='mobile-index-post' var='post'>
  <div class='mobile-date-outer date-outer'>
    <b:if cond='data:post.dateHeader'>
      <div class='date-header'>
        <span><data:post.dateHeader/></span>
      </div>
    </b:if>

    <div class='mobile-post-outer'>
      <a expr:href='data:post.url'>
        <h3 class='mobile-index-title entry-title'>
          <data:post.title/>
        </h3>

        <div class='mobile-index-arrow'>&amp;rsaquo;</div>

        <div class='mobile-index-contents'>
          <b:if cond='data:post.thumbnailUrl'>
            <div class='mobile-index-thumbnail'>
              <div class='Image'>
                <img expr:src='data:post.thumbnailUrl'/>
              </div>
            </div>
          </b:if>

          <div class='post-body'>
            <b:if cond='data:post.snippet'><data:post.snippet/></b:if>
          </div>
        </div>

        <div style='clear: both;'/>
      </a>

      <div class='mobile-index-comment'>
        <b:if cond='data:blog.pageType != &quot;static_page&quot;'>
          <b:if cond='data:post.allowComments'>
            <b:if cond='data:post.numComments != 0'>
              <a class='comment-link' expr:href='data:post.addCommentUrl' expr:onclick='data:post.addCommentOnclick'><b:if cond='data:post.numComments == 1'>1 <data:top.commentLabel/><b:else/><data:post.numComments/> <data:top.commentLabelPlural/></b:if></a>
            </b:if>
          </b:if>
        </b:if>
      </div>
    </div>
  </div>
</b:includable>
            <b:includable id='mobile-main' var='top'>
    <!-- posts -->
    <div class='blog-posts hfeed'>

      <b:include data='top' name='status-message'/>

      <b:if cond='data:blog.pageType == &quot;index&quot;'>
        <b:loop values='data:posts' var='post'>
          <b:include data='post' name='mobile-index-post'/>
        </b:loop>
      <b:else/>
        <b:loop values='data:posts' var='post'>
          <b:include data='post' name='mobile-post'/>
        </b:loop>
      </b:if>
    </div>

   <b:include name='mobile-nextprev'/>
</b:includable>
            <b:includable id='mobile-nextprev'>
  <div class='blog-pager' id='blog-pager'>
    <b:if cond='data:newerPageUrl'>
      <div class='mobile-link-button' id='blog-pager-newer-link'>
      <a class='blog-pager-newer-link' expr:href='data:newerPageUrl' expr:id='data:widget.instanceId + &quot;_blog-pager-newer-link&quot;' expr:title='data:newerPageTitle'>&amp;lsaquo;</a>
      </div>
    </b:if>

    <b:if cond='data:olderPageUrl'>
      <div class='mobile-link-button' id='blog-pager-older-link'>
      <a class='blog-pager-older-link' expr:href='data:olderPageUrl' expr:id='data:widget.instanceId + &quot;_blog-pager-older-link&quot;' expr:title='data:olderPageTitle'>&amp;rsaquo;</a>
      </div>
    </b:if>

    <div class='mobile-link-button' id='blog-pager-home-link'>
    <a class='home-link' expr:href='data:blog.homepageUrl'><data:homeMsg/></a>
    </div>

    <div class='mobile-desktop-link'>
      <a class='home-link' expr:href='data:desktopLinkUrl'><data:desktopLinkMsg/></a>
    </div>

  </div>
  <div class='clear'/>
</b:includable>
            <b:includable id='mobile-post' var='post'>
  <div class='date-outer'>
    <b:if cond='data:post.dateHeader'>
      <h2 class='date-header'><span><data:post.dateHeader/></span></h2>
    </b:if>
    <div class='date-posts'>
      <div class='post-outer'>

        <div class='post hentry uncustomized-post-template'>
          <a expr:name='data:post.id'/>
          <b:if cond='data:post.title'>
            <h3 class='post-title entry-title'>
              <b:if cond='data:post.link'>
                <a expr:href='data:post.link'><data:post.title/></a>
              <b:else/>
                <b:if cond='data:post.url'>
                  <b:if cond='data:blog.url != data:post.url'>
                    <a expr:href='data:post.url'><data:post.title/></a>
                  <b:else/>
                    <data:post.title/>
                  </b:if>
                <b:else/>
                  <data:post.title/>
                </b:if>
              </b:if>
            </h3>
          </b:if>

		          <div class='post-header'>
            <div class='post-header-line-1'/>
          </div>

          <div class='post-body entry-content' expr:id='&quot;post-body-&quot; + data:post.id'>
            <data:post.body/>
            <div style='clear: both;'/> <!-- clear for photos floats -->
          </div>

          <div class='post-footer'>
            <div class='post-footer-line post-footer-line-1'>
              <span class='post-author vcard'>
                <b:if cond='data:top.showAuthor'>
                  <b:if cond='data:post.authorProfileUrl'>
                    <span class='fn'>
                      <a expr:href='data:post.authorProfileUrl' rel='author' title='author profile'>
                        <data:post.author/>
                      </a>
                    </span>
                  <b:else/>
                    <span class='fn'><data:post.author/></span>
                  </b:if>
                </b:if>
              </span>

              <span class='post-timestamp'>
                <b:if cond='data:top.showTimestamp'>
                  <data:top.timestampLabel/>
                  <b:if cond='data:post.url'>
                    <a class='timestamp-link' expr:href='data:post.url' rel='bookmark' title='permanent link'><abbr class='published' expr:title='data:post.timestampISO8601'><data:post.timestamp/></abbr></a>
                  </b:if>
                </b:if>
              </span>

            </div>

            <div class='post-footer-line post-footer-line-2'>
              <b:if cond='data:top.showMobileShare'>
                <div class='mobile-link-button goog-inline-block' id='mobile-share-button'>
                  <a href='javascript:void(0);'><data:shareMsg/></a>
                </div>
              </b:if>
              <b:if cond='data:top.showDummy'>
                <div class='goog-inline-block dummy-container'><data:post.dummyTag/></div>
              </b:if>
            </div>

          </div>
        </div>

        <b:if cond='data:blog.pageType == &quot;static_page&quot;'>
          <b:if cond='data:post.showThreadedComments'>
            <b:include data='post' name='threaded_comments'/>
          <b:else/>
            <b:include data='post' name='comments'/>
          </b:if>
        </b:if>
        <b:if cond='data:blog.pageType == &quot;item&quot;'>
          <b:if cond='data:post.showThreadedComments'>
            <b:include data='post' name='threaded_comments'/>
          <b:else/>
            <b:include data='post' name='comments'/>
          </b:if>
        </b:if>
      </div>
    </div>
  </div>
</b:includable>
            <b:includable id='nextprev'>
  <div class='blog-pager' id='blog-pager'>
    <b:if cond='data:newerPageUrl'>
      <span id='blog-pager-newer-link'>
      <a class='blog-pager-newer-link' expr:href='data:newerPageUrl' expr:id='data:widget.instanceId + &quot;_blog-pager-newer-link&quot;' expr:title='data:newerPageTitle'><data:newerPageTitle/></a>
      </span>
    </b:if>

    <b:if cond='data:olderPageUrl'>
      <span id='blog-pager-older-link'>
      <a class='blog-pager-older-link' expr:href='data:olderPageUrl' expr:id='data:widget.instanceId + &quot;_blog-pager-older-link&quot;' expr:title='data:olderPageTitle'><data:olderPageTitle/></a>
      </span>
    </b:if>

    <a class='home-link' expr:href='data:blog.homepageUrl'><data:homeMsg/></a>

    <b:if cond='data:mobileLinkUrl'>
      <div class='blog-mobile-link'>
        <a expr:href='data:mobileLinkUrl'><data:mobileLinkMsg/></a>
      </div>
    </b:if>

  </div>
  <div class='clear'/>
</b:includable>
            <b:includable id='page-navi'>
    <div class='pagenavi'>
        <script type='text/javascript'>
        var pageNaviConf = {
            perPage: 5,
            numPages: 9,
            firstText: &quot;First&quot;,
            lastText: &quot;Last&quot;,
            nextText: &quot;Next&quot;,
            prevText: &quot;Prev&quot;
        }
        </script>
        <script src='http://rilwis.googlecode.com/svn/trunk/blogger/pagenavi.min.js' type='text/javascript'/>
        <div class='clear'/>
    </div>
</b:includable>
            <b:includable id='post' var='post'>

  <div class='post hentry'>
		<b:if cond='data:post.dateHeader'>
          <h2 class='date-header'><span><data:post.dateHeader/></span></h2>
        </b:if>
        <a expr:name='data:post.id'/>
    <b:if cond='data:post.title'>
      <h3 class='post-title entry-title'>
      <b:if cond='data:post.link'>
        <a expr:href='data:post.link'><data:post.title/></a>
      <b:else/>
        <b:if cond='data:post.url'>
          <b:if cond='data:blog.url != data:post.url'>
            <a expr:href='data:post.url'><data:post.title/></a>
          <b:else/>
            <data:post.title/>
          </b:if>
        <b:else/>
          <data:post.title/>
        </b:if>
      </b:if>
      </h3>
    </b:if>


    <div class='post-header'>
    <div class='post-header-line-1'>

<span class='post-author vcard'>
        <b:if cond='data:top.showAuthor'>
          <data:top.authorLabel/>
            <b:if cond='data:post.authorProfileUrl'>
              <span class='fn'>
                <a expr:href='data:post.authorProfileUrl' rel='author' title='author profile'>
                  <data:post.author/>
                </a>
              </span>
            <b:else/>
              <span class='fn'><data:post.author/></span>
            </b:if>
        </b:if>
      </span>
				<span class='post-comment-link'>
                <b:if cond='data:blog.pageType != &quot;item&quot;'>
                  <b:if cond='data:blog.pageType != &quot;static_page&quot;'>
                    <b:if cond='data:post.allowComments'>
                      <a class='comment-link' expr:href='data:post.addCommentUrl' expr:onclick='data:post.addCommentOnclick'> |  Leave a comment...<b:if cond='data:post.numComments == 1'>1 <data:top.commentLabel/><b:else/><data:post.numComments/> <data:top.commentLabelPlural/></b:if></a>
                    </b:if>
                  </b:if>
                </b:if>
              </span>

  </div>
    </div>

    <div class='post-body entry-content' expr:id='&quot;post-body-&quot; + data:post.id'>
      <b:if cond='data:blog.pageType != &quot;static_page&quot;'>
<b:if cond='data:blog.pageType != &quot;item&quot;'>
<div expr:id='&quot;summary&quot; + data:post.id'>
<data:post.body/>
</div>
<script type='text/javascript'>createSummaryAndThumb 
(&quot;summary<data:post.id/>&quot;);</script>
<div class='readmore-wrap'>
<span class='rmlink' style='font-weight:normal;padding:5px;float:right;text- align:right;'>
<a expr:href='data:post.url'>Read More&#187;</a>
</span>
</div>
</b:if>
</b:if>
<b:if cond='data:blog.pageType == &quot;item&quot;'>
<data:post.body/>
</b:if>
<b:if cond='data:blog.pageType == &quot;static_page&quot;'>
<data:post.body/>
</b:if>
      <div style='clear: both;'/> <!-- clear for photos floats -->
    </div>

    <b:if cond='data:post.hasJumpLink'>
      <div class='jump-link'>
        <a expr:href='data:post.url + &quot;#more&quot;' expr:title='data:post.title'><data:post.jumpText/></a>
      </div>
    </b:if>

    <div class='post-footer'>
    <div class='post-footer-line post-footer-line-1'><span class='post-labels'>
        <b:if cond='data:post.labels'>
          <data:postLabelsLabel/>
          <b:loop values='data:post.labels' var='label'>
            <a expr:href='data:label.url' rel='tag'><data:label.name/></a><b:if cond='data:label.isLast != &quot;true&quot;'>,</b:if>
          </b:loop>
        </b:if>
      </span> <span class='post-icons'>
        <!-- email post links -->
        <b:if cond='data:post.emailPostUrl'>
          <span class='item-action'>
          <a expr:href='data:post.emailPostUrl' expr:title='data:top.emailPostMsg'>
              <img alt='' class='icon-action' height='13' src='http://www.blogger.com/img/icon18_email.gif' width='18'/>
          </a>
          </span>
        </b:if>

        <!-- quickedit pencil -->
        <b:include data='post' name='postQuickEdit'/>
      </span> </div>

<div class='post-share-buttons goog-inline-block'>
        <b:if cond='data:post.sharePostUrl'>
          <b:include data='post' name='shareButtons'/>
        </b:if>
      </div>

      <div class='post-footer-line post-footer-line-2'/>

      <div class='post-footer-line post-footer-line-3'/>

<b:if cond='data:blog.pageType == &quot;item&quot;'>
<div id='under-wrapper'>
<div style='text-align: left; font: 11px Arial; color: #333; margin:0 auto; padding:5px;width:100%;'>
<div style='float:left;padding:1px;margin-right:15px;font-size:12px;'>
<strong>Share this article</strong> : 
</div>
<!-- AddThis Button BEGIN -->
<div class='addthis_toolbox addthis_default_style '>
<a class='addthis_button_facebook_like' fb:like:layout='button_count'/>
<a class='addthis_button_tweet'/>
<a class='addthis_button_google_plusone' g:plusone:size='medium'/> 
<a class='addthis_button_pinterest_pinit'/>
<a class='addthis_counter addthis_pill_style'/>
</div>
<script type='text/javascript'>var addthis_config = {&quot;data_track_addressbar&quot;:true};</script>
<script src='http://s7.addthis.com/js/300/addthis_widget.js#pubid=ra-4fea027b6493fe59' type='text/javascript'/>
<!-- AddThis Button END -->
</div>

    
    <!-- Related Posts with Thumbnails Code Start-->
<b:if cond='data:blog.pageType == &quot;item&quot;'>
<div id='related-posts'>
<b:loop values='data:post.labels' var='label'>
<b:if cond='data:label.isLast != &quot;true&quot;'>
</b:if>
<b:if cond='data:blog.pageType == &quot;item&quot;'>
<script expr:src='&quot;/feeds/posts/default/-/&quot; + data:label.name + &quot;?alt=json-in-script&amp;callback=related_results_labels_thumbs&amp;max-results=6&quot;' type='text/javascript'/></b:if></b:loop><a href='http://www.bloggerplugins.org/2009/08/related-posts-thumbnails-blogger-widget.html' style='display:none;'>Related Posts with thumbnails for blogger</a><a href='http://www.bloggerplugins.org/' style='display:none;'>blogger tutorials</a>
<script type='text/javascript'>
var currentposturl=&quot;<data:post.url/>&quot;;
var maxresults=4;
var relatedpoststitle=&quot;Like this? Read these:&quot;;
removeRelatedDuplicates_thumbs();
printRelatedLabels_thumbs();
</script>
</div><div style='clear:both'/>
</b:if>
<!-- Related Posts with Thumbnails Code End-->

</div>
      </b:if>

    </div>
  </div>
</b:includable>
            <b:includable id='postQuickEdit' var='post'>
  <b:if cond='data:post.editUrl'>
    <span expr:class='&quot;item-control &quot; + data:post.adminClass'>
      <a expr:href='data:post.editUrl' expr:title='data:top.editPostMsg'>
        <img alt='' class='icon-action' height='18' src='http://img2.blogblog.com/img/icon18_edit_allbkg.gif' width='18'/>
      </a>
    </span>
  </b:if>
</b:includable>
            <b:includable id='shareButtons' var='post'>
  <b:if cond='data:top.showEmailButton'><a class='goog-inline-block share-button sb-email' expr:href='data:post.sharePostUrl + &quot;&amp;target=email&quot;' expr:title='data:top.emailThisMsg' target='_blank'><span class='share-button-link-text'><data:top.emailThisMsg/></span></a></b:if><b:if cond='data:top.showBlogThisButton'><a class='goog-inline-block share-button sb-blog' expr:href='data:post.sharePostUrl + &quot;&amp;target=blog&quot;' expr:onclick='&quot;window.open(this.href, \&quot;_blank\&quot;, \&quot;height=270,width=475\&quot;); return false;&quot;' expr:title='data:top.blogThisMsg' target='_blank'><span class='share-button-link-text'><data:top.blogThisMsg/></span></a></b:if><b:if cond='data:top.showTwitterButton'><a class='goog-inline-block share-button sb-twitter' expr:href='data:post.sharePostUrl + &quot;&amp;target=twitter&quot;' expr:title='data:top.shareToTwitterMsg' target='_blank'><span class='share-button-link-text'><data:top.shareToTwitterMsg/></span></a></b:if><b:if cond='data:top.showFacebookButton'><a class='goog-inline-block share-button sb-facebook' expr:href='data:post.sharePostUrl + &quot;&amp;target=facebook&quot;' expr:onclick='&quot;window.open(this.href, \&quot;_blank\&quot;, \&quot;height=430,width=640\&quot;); return false;&quot;' expr:title='data:top.shareToFacebookMsg' target='_blank'><span class='share-button-link-text'><data:top.shareToFacebookMsg/></span></a></b:if><b:if cond='data:top.showOrkutButton'><a class='goog-inline-block share-button sb-orkut' expr:href='data:post.sharePostUrl + &quot;&amp;target=orkut&quot;' expr:title='data:top.shareToOrkutMsg' target='_blank'><span class='share-button-link-text'><data:top.shareToOrkutMsg/></span></a></b:if><b:if cond='data:top.showDummy'><div class='goog-inline-block dummy-container'><data:post.dummyTag/></div></b:if>
</b:includable>
            <b:includable id='status-message'>
  <b:if cond='data:navMessage'>
  <div class='status-msg-wrap'>
    <div class='status-msg-body'>
      <data:navMessage/>
    </div>
    <div class='status-msg-border'>
      <div class='status-msg-bg'>
        <div class='status-msg-hidden'><data:navMessage/></div>
      </div>
    </div>
  </div>
  <div style='clear: both;'/>
  </b:if>
</b:includable>
            <b:includable id='threaded-comment-form' var='post'>
  <div class='comment-form'>
    <a name='comment-form'/>
    <b:if cond='data:mobile'>
      <p><data:blogCommentMessage/></p>
      <data:blogTeamBlogMessage/>
      <a expr:href='data:post.commentFormIframeSrc' id='comment-editor-src'/>
      <iframe allowtransparency='true' class='blogger-iframe-colorize blogger-comment-from-post' frameborder='0' height='410' id='comment-editor' name='comment-editor' src='' style='display: none' width='100%'/>
    <b:else/>
      <p><data:blogCommentMessage/></p>
      <data:blogTeamBlogMessage/>
      <a expr:href='data:post.commentFormIframeSrc' id='comment-editor-src'/>
      <iframe allowtransparency='true' class='blogger-iframe-colorize blogger-comment-from-post' frameborder='0' height='410' id='comment-editor' name='comment-editor' src='' width='100%'/>
    </b:if>
    <data:post.friendConnectJs/>
    <data:post.cmtfpIframe/>
    <script type='text/javascript'>
      BLOG_CMT_createIframe(&#39;<data:post.appRpcRelayPath/>&#39;, &#39;<data:post.communityId/>&#39;);
    </script>
  </div>
</b:includable>
            <b:includable id='threaded_comment_js' var='post'>
  <script async='async' expr:src='data:post.commentSrc' type='text/javascript'/>

  <script type='text/javascript'>
    (function() {
      var items = <data:post.commentJso/>;
      var msgs = <data:post.commentMsgs/>;
      var config = <data:post.commentConfig/>;

// <![CDATA[
      var cursor = null;
      if (items && items.length > 0) {
        cursor = parseInt(items[items.length - 1].timestamp) + 1;
      }

      var bodyFromEntry = function(entry) {
        if (entry.gd$extendedProperty) {
          for (var k in entry.gd$extendedProperty) {
            if (entry.gd$extendedProperty[k].name == 'blogger.contentRemoved') {
              return '<span class="deleted-comment">' + entry.content.$t + '</span>';
            }
          }
        }
        return entry.content.$t;
      }

      var parse = function(data) {
        cursor = null;
        var comments = [];
        if (data && data.feed && data.feed.entry) {
          for (var i = 0, entry; entry = data.feed.entry[i]; i++) {
            var comment = {};
            // comment ID, parsed out of the original id format
            var id = /blog-(\d+).post-(\d+)/.exec(entry.id.$t);
            comment.id = id ? id[2] : null;
            comment.body = bodyFromEntry(entry);
            comment.timestamp = Date.parse(entry.published.$t) + '';
            if (entry.author && entry.author.constructor === Array) {
              var auth = entry.author[0];
              if (auth) {
                comment.author = {
                  name: (auth.name ? auth.name.$t : undefined),
                  profileUrl: (auth.uri ? auth.uri.$t : undefined),
                  avatarUrl: (auth.gd$image ? auth.gd$image.src : undefined)
                };
              }
            }
            if (entry.link) {
              if (entry.link[2]) {
                comment.link = comment.permalink = entry.link[2].href;
              }
              if (entry.link[3]) {
                var pid = /.*comments\/default\/(\d+)\?.*/.exec(entry.link[3].href);
                if (pid && pid[1]) {
                  comment.parentId = pid[1];
                }
              }
            }
            comment.deleteclass = 'item-control blog-admin';
            if (entry.gd$extendedProperty) {
              for (var k in entry.gd$extendedProperty) {
                if (entry.gd$extendedProperty[k].name == 'blogger.itemClass') {
                  comment.deleteclass += ' ' + entry.gd$extendedProperty[k].value;
                }
              }
            }
            comments.push(comment);
          }
        }
        return comments;
      };

      var paginator = function(callback) {
        if (hasMore()) {
          var url = config.feed + '?alt=json&v=2&orderby=published&reverse=false&max-results=50';
          if (cursor) {
            url += '&published-min=' + new Date(cursor).toISOString();
          }
          window.bloggercomments = function(data) {
            var parsed = parse(data);
            cursor = parsed.length < 50 ? null
                : parseInt(parsed[parsed.length - 1].timestamp) + 1
            callback(parsed);
            window.bloggercomments = null;
          }
          url += '&callback=bloggercomments';
          var script = document.createElement('script');
          script.type = 'text/javascript';
          script.src = url;
          document.getElementsByTagName('head')[0].appendChild(script);
        }
      };
      var hasMore = function() {
        return !!cursor;
      };
      var getMeta = function(key, comment) {
        if ('iswriter' == key) {
          var matches = !!comment.author
              && comment.author.name == config.authorName
              && comment.author.profileUrl == config.authorUrl;
          return matches ? 'true' : '';
        } else if ('deletelink' == key) {
          return config.baseUri + '/delete-comment.g?blogID='
               + config.blogId + '&postID=' + comment.id;
        } else if ('deleteclass' == key) {
          return comment.deleteclass;
        }
        return '';
      };

      var replybox = null;
      var replyUrlParts = null;
      var replyParent = undefined;

      var onReply = function(commentId, domId) {
        if (replybox == null) {
          // lazily cache replybox, and adjust to suit this style:
          replybox = document.getElementById('comment-editor');
          if (replybox != null) {
            replybox.height = '250px';
            replybox.style.display = 'block';
            replyUrlParts = replybox.src.split('#');
          }
        }
        if (replybox && (commentId !== replyParent)) {
          document.getElementById(domId).insertBefore(replybox, null);
          replybox.src = replyUrlParts[0]
              + (commentId ? '&parentID=' + commentId : '')
              + '#' + replyUrlParts[1];
          replyParent = commentId;
        }
      };

      var hash = (window.location.hash || '#').substring(1);
      var startThread, targetComment;
      if (/^comment-form_/.test(hash)) {
        startThread = hash.substring('comment-form_'.length);
      } else if (/^c[0-9]+$/.test(hash)) {
        targetComment = hash.substring(1);
      }

      // Configure commenting API:
      var configJso = {
        'maxDepth': config.maxThreadDepth
      };
      var provider = {
        'id': config.postId,
        'data': items,
        'loadNext': paginator,
        'hasMore': hasMore,
        'getMeta': getMeta,
        'onReply': onReply,
        'rendered': true,
        'initComment': targetComment,
        'initReplyThread': startThread,
        'config': configJso,
        'messages': msgs
      };

      var render = function() {
        if (window.goog && window.goog.comments) {
          var holder = document.getElementById('comment-holder');
          window.goog.comments.render(holder, provider);
        }
      };

      // render now, or queue to render when library loads:
      if (window.goog && window.goog.comments) {
        render();
      } else {
        window.goog = window.goog || {};
        window.goog.comments = window.goog.comments || {};
        window.goog.comments.loadQueue = window.goog.comments.loadQueue || [];
        window.goog.comments.loadQueue.push(render);
      }
    })();
// ]]>
  </script>
</b:includable>
            <b:includable id='threaded_comments' var='post'>
  <div class='comments' id='comments'>
    <a name='comments'/>
    <h4>
      <b:if cond='data:post.numComments == 1'>
        1 <data:commentLabel/>:
      <b:else/>
        <data:post.numComments/> <data:commentLabelPlural/>:
      </b:if>
    </h4>

    <div class='comments-content'>
      <b:if cond='data:post.embedCommentForm'>
        <b:include data='post' name='threaded_comment_js'/>
      </b:if>
      <div id='comment-holder'>
         <data:post.commentHtml/>
      </div>
    </div>

    <p class='comment-footer'>
      <b:if cond='data:post.allowNewComments'>
        <b:include data='post' name='threaded-comment-form'/>
      <b:else/>
        <data:post.noNewCommentsText/>
      </b:if>
    </p>

    <b:if cond='data:showCmtPopup'>
      <div id='comment-popup'>
        <iframe allowtransparency='true' frameborder='0' id='comment-actions' name='comment-actions' scrolling='no'>
        </iframe>
      </div>
    </b:if>

    <div id='backlinks-container'>
    <div expr:id='data:widget.instanceId + &quot;_backlinks-container&quot;'>
       <b:if cond='data:post.showBacklinks'>
         <b:include data='post' name='backlinks'/>
       </b:if>
    </div>
    </div>
  </div>
</b:includable>
          </b:widget>
        </b:section>
      </div>

      <div id='sidebar-wrapper'>
<div id='search-wrap'>
<div class='search'>
<form action='/search/' class='search-form' id='search-form-' method='get'>
<div>
<input class='search-text' id='search-text-' name='q' onblur='if (this.value == &quot;&quot;) {this.value = &quot;Search this site...&quot;;}' onfocus='if (this.value == &quot;Search this site...&quot;) {this.value = &quot;&quot;}' tabindex='7' type='text' value='Search this site...'/>
<input class='search-submit button' id='search-submit-' name='submit' tabindex='8' type='submit' value='Search'/>
</div>
</form>
</div></div>
<div style='clear:both;'/>

        <b:section class='sidebar' id='sidebar' preferred='yes'>
          <b:widget id='AdSense1' locked='false' title='' type='AdSense'>
            <b:includable id='main'>
  <div class='widget-content'>
    <b:if cond='data:blog.disableAdSenseWidget != &quot;true&quot;'>
      <data:adCode/>
    </b:if>
    <b:include name='quickedit'/>
  </div>
</b:includable>
          </b:widget>
          <b:widget id='PopularPosts1' locked='false' title='Popular Posts' type='PopularPosts'>
            <b:includable id='main'>
  <b:if cond='data:title'><h2><data:title/></h2></b:if>
  <div class='widget-content popular-posts'>
    <ul>
      <b:loop values='data:posts' var='post'>
      <li>
        <b:if cond='data:showThumbnails == &quot;false&quot;'>
          <b:if cond='data:showSnippets == &quot;false&quot;'>
            <!-- (1) No snippet/thumbnail -->
            <a expr:href='data:post.href'><data:post.title/></a>
          <b:else/>
            <!-- (2) Show only snippets -->
            <div class='item-title'><a expr:href='data:post.href'><data:post.title/></a></div>
            <div class='item-snippet'><data:post.snippet/></div>
          </b:if>
        <b:else/>
          <b:if cond='data:showSnippets == &quot;false&quot;'>
            <!-- (3) Show only thumbnails -->
            <div class='item-thumbnail-only'>
              <b:if cond='data:post.thumbnail'>
                <div class='item-thumbnail'>
                  <a expr:href='data:post.href' target='_blank'>
                    <img alt='' border='0' expr:height='data:thumbnailSize' expr:src='data:post.thumbnail' expr:width='data:thumbnailSize'/>
                  </a>
                </div>
              </b:if>
              <div class='item-title'><a expr:href='data:post.href'><data:post.title/></a></div>
            </div>
            <div style='clear: both;'/>
          <b:else/>
            <!-- (4) Show snippets and thumbnails -->
            <div class='item-content'>
              <b:if cond='data:post.thumbnail'>
                <div class='item-thumbnail'>
                  <a expr:href='data:post.href' target='_blank'>
                    <img alt='' border='0' expr:height='data:thumbnailSize' expr:src='data:post.thumbnail' expr:width='data:thumbnailSize'/>
                  </a>
                </div>
              </b:if>
              <div class='item-title'><a expr:href='data:post.href'><data:post.title/></a></div>
              <div class='item-snippet'><data:post.snippet/></div>
            </div>
            <div style='clear: both;'/>
          </b:if>
        </b:if>
      </li>
      </b:loop>
    </ul>
    <b:include name='quickedit'/>
  </div>
</b:includable>
          </b:widget>
          <b:widget id='Label1' locked='false' title='Labels' type='Label'>
            <b:includable id='main'>
  <b:if cond='data:title'>
    <h2><data:title/></h2>
  </b:if>
  <div expr:class='&quot;widget-content &quot; + data:display + &quot;-label-widget-content&quot;'>
    <b:if cond='data:display == &quot;list&quot;'>
      <ul>
      <b:loop values='data:labels' var='label'>
        <li>
          <b:if cond='data:blog.url == data:label.url'>
            <span expr:dir='data:blog.languageDirection'><data:label.name/></span>
          <b:else/>
            <a expr:dir='data:blog.languageDirection' expr:href='data:label.url'><data:label.name/></a>
          </b:if>
          <b:if cond='data:showFreqNumbers'>
            <span dir='ltr'>(<data:label.count/>)</span>
          </b:if>
        </li>
      </b:loop>
      </ul>
    <b:else/>
      <b:loop values='data:labels' var='label'>
        <span expr:class='&quot;label-size label-size-&quot; + data:label.cssSize'>
          <b:if cond='data:blog.url == data:label.url'>
            <span expr:dir='data:blog.languageDirection'><data:label.name/></span>
          <b:else/>
            <a expr:dir='data:blog.languageDirection' expr:href='data:label.url'><data:label.name/></a>
          </b:if>
          <b:if cond='data:showFreqNumbers'>
            <span class='label-count' dir='ltr'>(<data:label.count/>)</span>
          </b:if>
        </span>
      </b:loop>
    </b:if>
    <b:include name='quickedit'/>
  </div>
</b:includable>
          </b:widget>
          <b:widget id='Attribution1' locked='true' title='' type='Attribution'>
            <b:includable id='main'>
    <b:if cond='data:feedbackSurveyLink'>
      <div class='mobile-survey-link' style='text-align: center;'>
        <data:feedbackSurveyLink/>
      </div>
    </b:if>

    <div class='widget-content' style='text-align: center;'>
      <b:if cond='data:attribution != &quot;&quot;'>
       <data:attribution/>
      </b:if>
    </div>

    <b:include name='quickedit'/>
  </b:includable>
          </b:widget>
          <b:widget id='Profile1' locked='false' title='About Me' type='Profile'>
            <b:includable id='main'>
    <b:if cond='data:title != &quot;&quot;'>
      <h2><data:title/></h2>
    </b:if>
    <div class='widget-content'>
    <b:if cond='data:team == &quot;true&quot;'> <!-- team blog profile -->
      <ul>
        <b:loop values='data:authors' var='i'>
          <li><a class='profile-name-link g-profile' expr:href='data:i.userUrl' expr:style='&quot;background-image: url(&quot; + data:i.profileLogo + &quot;);&quot;'><data:i.display-name/></a></li>
        </b:loop>
      </ul>

    <b:else/> <!-- normal blog profile -->

      <b:if cond='data:photo.url != &quot;&quot;'>
        <a expr:href='data:userUrl'><img class='profile-img' expr:alt='data:photo.alt' expr:height='data:photo.height' expr:src='data:photo.url' expr:width='data:photo.width'/></a>
      </b:if>

      <dl class='profile-datablock'>
        <dt class='profile-data'>
          <a class='profile-name-link g-profile' expr:href='data:userUrl' expr:style='&quot;background-image: url(&quot; + data:profileLogo + &quot;);&quot;' rel='author'>
            <data:displayname/>
          </a>
          <b:if cond='data:hasgoogleprofile'>
            <br/>
            <div class='g-follow' data-annotation='bubble' data-height='20' expr:data-href='data:userUrl'/>
          </b:if>
        </dt>

        <b:if cond='data:showlocation == &quot;true&quot;'>
          <dd class='profile-data'><data:location/></dd>
        </b:if>

        <b:if cond='data:aboutme != &quot;&quot;'><dd class='profile-textblock'><data:aboutme/></dd></b:if>
      </dl>
      <a class='profile-link' expr:href='data:userUrl' rel='author'><data:viewProfileMsg/></a>
    </b:if>

     <b:include name='quickedit'/>
    </div>
  </b:includable>
          </b:widget>
          <b:widget id='BlogArchive1' locked='false' title='Blog Archive' type='BlogArchive'>
            <b:includable id='main'>
  <b:if cond='data:title'>
    <h2><data:title/></h2>
  </b:if>
  <div class='widget-content'>
  <div id='ArchiveList'>
  <div expr:id='data:widget.instanceId + &quot;_ArchiveList&quot;'>
    <b:if cond='data:style == &quot;HIERARCHY&quot;'>
     <b:include data='data' name='interval'/>
    </b:if>
    <b:if cond='data:style == &quot;FLAT&quot;'>
      <b:include data='data' name='flat'/>
    </b:if>
    <b:if cond='data:style == &quot;MENU&quot;'>
      <b:include data='data' name='menu'/>
    </b:if>
  </div>
  </div>
  <b:include name='quickedit'/>
  </div>
</b:includable>
            <b:includable id='flat' var='data'>
  <ul class='flat'>
    <b:loop values='data:data' var='i'>
      <li class='archivedate'>
        <a expr:href='data:i.url'><data:i.name/></a> (<data:i.post-count/>)
      </li>
    </b:loop>
  </ul>
</b:includable>
            <b:includable id='interval' var='intervalData'>
  <b:loop values='data:intervalData' var='i'>
      <ul class='hierarchy'>
        <li expr:class='&quot;archivedate &quot; + data:i.expclass'>
          <b:include data='i' name='toggle'/>
          <a class='post-count-link' expr:href='data:i.url'><data:i.name/></a>
            <span class='post-count' dir='ltr'>(<data:i.post-count/>)</span>
          <b:if cond='data:i.data'>
            <b:include data='i.data' name='interval'/>
          </b:if>
          <b:if cond='data:i.posts'>
            <b:include data='i.posts' name='posts'/>
          </b:if>
        </li>
      </ul>
  </b:loop>
</b:includable>
            <b:includable id='menu' var='data'>
  <select expr:id='data:widget.instanceId + &quot;_ArchiveMenu&quot;'>
    <option value=''><data:title/></option>
    <b:loop values='data:data' var='i'>
      <option expr:value='data:i.url'><data:i.name/> (<data:i.post-count/>)</option>
    </b:loop>
  </select>
</b:includable>
            <b:includable id='posts' var='posts'>
  <ul class='posts'>
    <b:loop values='data:posts' var='i'>
      <li><a expr:href='data:i.url'><data:i.title/></a></li>
    </b:loop>
  </ul>
</b:includable>
            <b:includable id='toggle' var='interval'>
  <b:if cond='data:interval.toggleId'>
  <b:if cond='data:interval.expclass == &quot;expanded&quot;'>
    <a class='toggle' href='javascript:void(0)'>
      <span class='zippy toggle-open'>&#9660;&#160;</span>
    </a>
  <b:else/>
    <a class='toggle' href='javascript:void(0)'>
      <span class='zippy'>
        <b:if cond='data:blog.languageDirection == &quot;rtl&quot;'>
          &#9668;&#160;
        <b:else/>
          &#9658;&#160;
        </b:if>
      </span>
    </a>
  </b:if>
 </b:if>
</b:includable>
          </b:widget>
        </b:section>
      </div>

      <!-- spacer for skins that want sidebar and main to be the same height-->
      <div class='clear'>&#160;</div>
                 
    </div> <!-- end content-wrapper -->
    
    <div id='footer-wrapper'>
<div id='footer'>
<span style='float:left;'>
&#169; 2013 <a expr:href='data:blog.homepageUrl'><data:blog.title/></a> |
  Powered by <a href='http://www.blogger.com/'>Blogger</a>
</span>
<span style='float:right;'>
<!-- Please do not remove the credit links below. I worked many hours to make this template available free for you. All i ask is to keep the links below intact -->
  <a href='http://btdesigner.blogspot.com/'>Blogger Template</a> Design by <a href='http://btdesigner.blogspot.com/'>BTDesigner</a> Published..<a href='http://gooyaabitemplates.com/' target='_blank' title='Blogger Templates'>Blogger Templates</a>
</span>
<div class='clear'/>
</div>
</div>

  </div></div> <!-- end outer-wrapper -->
  <b:include data='blog' name='google-analytics'/>

<script>
//<![CDATA[
var bs_pinButtonURL = "http://3.bp.blogspot.com/-y3xzTGiGzH0/UK4XOaUpdaI/AAAAAAAADw8/Z1MH4Jr4Efo/s1600/pinterestx1_72.png";
var bs_pinButtonPos = "center";
var bs_pinPrefix = "";
var bs_pinSuffix = "";
//]]>
</script>
<script src='http://ajax.googleapis.com/ajax/libs/jquery/1.8.2/jquery.min.js' type='text/javascript'/>
<script id='bs_pinOnHover' src='http://greenlava-code.googlecode.com/svn/trunk/publicscripts/bs_pinOnHoverv1_min.js' type='text/javascript'>
// This Pinterest Hover Button is brought to you by bloggersentral.com.
// Visit http://www.bloggersentral.com/2012/11/pinterest-pin-it-button-on-image-hover.html for details.
// Feel free to use and share, but please keep this notice intact.
</script>

</body>
</html>