<?xml version="1.0" encoding="UTF-8" ?>
<!DOCTYPE html PUBLIC "-//W3C//DTD XHTML 1.0 Strict//EN" "http://www.w3.org/TR/xhtml1/DTD/xhtml1-strict.dtd">
<html expr:dir='data:blog.languageDirection' xmlns='http://www.w3.org/1999/xhtml' xmlns:b='http://www.google.com/2005/gml/b' xmlns:data='http://www.google.com/2005/gml/data' xmlns:expr='http://www.google.com/2005/gml/expr'>
<head>
<meta content='text/html; charset=utf-8' http-equiv='Content-Type'/>
<meta content='width=device-width, initial-scale = 1.0, user-scalable = no' name='viewport'/>
<link href='http://fonts.googleapis.com/css?family=Josefin+Sans:400,600,700' rel='stylesheet' type='text/css'/>
<b:include data='blog' name='all-head-content'/>
<title><data:blog.pageTitle/></title>

<b:skin><![CDATA[/*
-----------------------------------------------
Template Name  : Trendy Divaa
Author         : NewBloggerThemes.com
Author URL     : http://newbloggerthemes.com/
Theme URL      : http://newbloggerthemes.com/trendy-divaa-blogger-template/
Created Date   : Thursday, August 28, 2014
License        : This template is free for both personal and commercial use, But to satisfy the 'attribution' clause of the license, you are required to keep the footer links intact which provides due credit to its authors.For more information about this license, please use this link :http://creativecommons.org/licenses/by/3.0/
----------------------------------------------- */
body#layout ul{list-style-type:none;list-style:none}
body#layout ul li{list-style-type:none;list-style:none}
body#layout #themewidgetsec {display:none;}
/* Variable definitions
   ====================

*/

/* Use this with templates/template-twocol.html */

.section, .widget {margin:0;padding:0;}
/* Reset */

body,div,dl,dt,dd,ul,ol,li,h1,h2,h3,h4,h5,h6,pre,code,form,fieldset,legend,input,textarea,p,blockquote,th,td{margin:0;padding:0;}table{border-collapse:collapse;border-spacing:0;}fieldset,img{border:0;}address,caption,dfn,th,var{font-style:normal;font-weight:normal;}li{list-style:none;}caption,th{text-align:left;}h1,h2,h3,h4,h5,h6{font-size:100%;font-weight:normal;}

html,body{
height: 100%;
margin:0;
padding:0;
font-family: 'Josefin Sans', sans-serif;
background: url(http://1.bp.blogspot.com/-xDL-HzEqgKY/U_6YCRNco4I/AAAAAAAANY8/J8jLGlRT7Sg/s000/image.jpg) center top no-repeat;
-webkit-background-size: cover;
-moz-background-size: cover;
-o-background-size: cover;
background-size: cover;
position: relative;
color: #282828;
}

.headernbt{
position: absolute;
bottom: 0;
background: rgba(0,0,0,0.5);
width: 100%;
height: 62%;
padding: 3% 0 0 0;
}

h1{
	font-size: 100px;
	font-weight: 700;
	letter-spacing: -1px;
	text-shadow: 1px 1px 5px rgba(0,0,0,.3);
	text-align: center;
	color: #fff;
}

h1 span{
	display: block;
	font-weight:400;
	font-size: 42px; 
}

.contentnbt{
	width: 940px;
	margin: 0 auto;
}
.coming_soonnbt{
	position: absolute;
	bottom: 0;
	height: 30%;
	background: rgba(0,0,0,0.6);
	padding: 5% 0 0 0;
	width: 100%;
}

p.left_contentnbt{
	font-size: 44px;
	letter-spacing: -1px;	
	text-transform: uppercase;
	color: #fff;
	font-weight: 400;
	float: left;
}

p.right_contentnbt{
	font-size: 24px;
	float: right;
	text-transform: uppercase;
	color: #fff;
	margin-right: -13px;
    margin-top: 10px;
}

p.right_contentnbt a{
	margin: 0 13px;
	color: #ffffff;
	text-decoration: none;
}

p.right_contentnbt a:hover{
	text-decoration: underline;
}

p.mobile_contentnbt{
	display: none;
}

/*@media screen and (min-width: 1024px)  {

.headernbt{
position: absolute;
bottom: 0;
background: rgba(0,0,0,0.5);
width: 100%;
height: 62%;
padding: 3% 0 0 0;
}

h1{
	font-size: 60px;
	font-weight: 700;
	letter-spacing: -1px;
	text-shadow: 1px 1px 5px rgba(0,0,0,.3);
	text-align: center;
	color: #fff;
}

h1 span{
	display: block;
	font-weight:400;
	font-size: 24px; 
}

.coming_soonnbt{
	position: absolute;
	bottom: 0;
	height: 40%;
	background: rgba(0,0,0,0.6);
	padding: 5% 0 0 0;
	width: 100%;
}

.contentnbt{
	width: 100%;
	margin: 0 auto;
}

p.left_contentnbt{
	width: 40%;
	font-size: 40px;
	padding: 0 5%;
	letter-spacing: -1px;	
	text-transform: uppercase;
	color: #fff;
	font-weight: 400;
	float: left;
	margin-bottom: 20px;
}

p.right_contentnbt{
	font-size: 18px;
	width: 40%;
	float: right;
	text-transform: uppercase;
	padding: 0 5%;
	color: #fff;
	margin-right: -13px;
}

p.right_contentnbt a{
	margin: 0 13px;
	color: #ffffff;
	text-decoration: none;
}

p.right_contentnbt a:hover{
	text-decoration: underline;
}

}*/

@media screen and (max-width: 568px){

.headernbt{
position: absolute;
bottom: 0;
background: rgba(0,0,0,0.5);
width: 100%;
height: 62%;
padding: 3% 0 0 0;
}

h1{
	font-size: 42px;
	font-weight: 700;
	letter-spacing: -1px;
	text-shadow: 1px 1px 5px rgba(0,0,0,.3);
	text-align: center;
	color: #fff;
}

h1 span{
	display: block;
	font-weight:400;
	font-size: 18px; 
}

.contentnbt{
	width: 100%;
	margin: 0 auto;
}
.coming_soonnbt{
	position: absolute;
	bottom: 0;
	height: 40%;
	background: rgba(0,0,0,0.6);
	padding: 5% 0 0 0;
	width: 100%;
}

p.left_contentnbt{
	width: auto;
	font-size: 30px;
	text-align: center;
	letter-spacing: -1px;	
	text-transform: uppercase;
	color: #fff;
	font-weight: 400;
	float: none;
	margin-bottom: 20px;
}

p.right_contentnbt{
	display: none;
}

p.mobile_contentnbt{
	display: block;
	font-size: 15px;
	text-align: center;
	text-transform: uppercase;
	color: #fff;
	margin-right: 0;
	line-height: 35px;
}

p.mobile_contentnbt a{
	margin: 0;
	color: #ffffff;
	text-decoration: none;
}

p.mobile_contentnbt a:hover{
	text-decoration: underline;
}
.copyrightnbt {
  font-size: 12px !important;
}

}

h2.date-header {
    margin: 10px 0;
    display: none;
}

.main .widget {
    margin: 0;
    padding: 0;
}

#comments {
    padding: 10px;
    margin-bottom: 20px;
}

#comments h4 {
    font-size: 22px;
    margin-bottom: 10px;
}

.deleted-comment {
    font-style: italic;
    color: gray;
}

#blog-pager-newer-link {
    float: left;
}

#blog-pager-older-link {
    float: right;
}

#blog-pager {
    text-align: center;
    padding: 5px;
}

.feed-links {
    clear: both;
}

#navbar-iframe {
    height: 0;
    visibility: hidden;
    display: none;
}

.separator a[style="margin-left: 1em; margin-right: 1em;"] {
    margin-left: auto!important;
    margin-right: auto!important;
}

.themewidgetsec {
    display: none;
}

.themewidgetsec .widget {
    display: none;
}

.copyrightnbt {
  bottom: 0;
  color: #fff;
  font-family: 'Josefin Sans',sans-serif;
  font-size: 14px;
  margin-bottom: 10px;
  margin-top: 10px;
  position: absolute;
  text-align: center;
  width: 100%;
}

.copyrightnbt a {
    color: #fff;
    text-decoration: none;
}

.copyrightnbt a:hover {
    color: #eee;
    text-decoration: none;
}
]]></b:skin>

</head>
<body>
<div class='headernbt'>
<b:section class='headersec' id='headersec' maxwidgets='1' showaddelement='no'>
  <b:widget id='Header1' locked='true' title='Trendy Divaa (Header)' type='Header'>
    <b:includable id='main'>
	  <h1><b:include name='title'/> <span><b:include name='description'/></span></h1>
    </b:includable>
    <b:includable id='description'><data:description/></b:includable>
    <b:includable id='title'><data:title/></b:includable>
  </b:widget>
</b:section>
</div>
<div class='coming_soonnbt'>
	<div class='contentnbt'>
		<p class='left_contentnbt'>Coming Soon</p>
		<p class='right_contentnbt'><a href='#'>Facebook</a> / <a href='#'>Twitter</a> / <a href='#'>Instagram</a></p>
		<p class='mobile_contentnbt'><a href='#'>Facebook</a><br/><a href='#'>Twitter</a><br/><a href='#'>Instagram</a></p>		
	</div>
</div>
<div class='copyrightnbt'>
<!-- Do not edit or remove credits without our permission: newbloggerthemes.com -->
Copyright &#169; <script type='text/javascript'>var creditsyear = new Date();document.write(creditsyear.getFullYear());</script> <a expr:href='data:blog.homepageUrl'><data:blog.title/></a> | Published By <a href='http://gooyaabitemplates.com/' rel='dofollow' target='_blank' title='Blogger Templates'>Gooyaabi Templates</a>

| Powered By <a href='http://gooyaabitemplates.com/' rel='dofollow' target='_blank' title='Blogger'>Blogger</a>
<br/>Design by <a href='http://www.websuccessagency.com/' target='_blank'>WebSuccessAgency</a> | Blogger Theme by <a href='http://newbloggerthemes.com/' target='_blank' title='NewBloggerThemes.com'>NewBloggerThemes.com</a>	
</div>
<b:section class='themewidgetsec' id='themewidgetsec' preferred='yes'/>
</body>
</html>