<?xml version="1.0" encoding="UTF-8" ?>
<!DOCTYPE html>
<html xmlns='http://www.w3.org/1999/xhtml' xmlns:b='http://www.google.com/2005/gml/b' xmlns:data='http://www.google.com/2005/gml/data' xmlns:expr='http://www.google.com/2005/gml/expr'>
  <head>
   
    
    <link href='/' rel='canonical'/>
    <meta content='IE=8, IE=9, IE=10' http-equiv='X-UA-Compatible'/>
    <b:include data='blog' name='all-head-content'/>

    <b:if cond='data:blog.pageType == &quot;index&quot;'>
      <title>
        <data:blog.title/>
      </title>
      <b:else/>
      <title>
       <data:blog.pageName/>
      </title>
    </b:if>
   <META CONTENT='Your description here' NAME='description'></META>
<META CONTENT='Your keywords here' NAME='keywords'></META>
<META CONTENT='index,follow' NAME='robot'></META>
<META CONTENT='Copyright © 2013 Blog Title. All Rights Reserved.' NAME='copyright'></META>
<META CONTENT='Admin' NAME='author'></META>
<meta charset='UTF-8'/>
    <link href='//netdna.bootstrapcdn.com/font-awesome/4.0.3/css/font-awesome.css' rel='stylesheet'/>
    <meta content='width=device-width, initial-scale=1, maximum-scale=1' name='viewport'/>
    <script src='http://ajax.googleapis.com/ajax/libs/jquery/1.7.1/jquery.min.js' type='text/javascript'/>
    <script src='http://ajax.googleapis.com/ajax/libs/jquery/1.7/jquery.min.js'/>
    <b:skin><![CDATA[/*
//////////////////////////////////////////////////////////////
//                                                         //
//  Theme Name : Steve                                    //
//  Author : Templateclue								 //
//  Site :www.Templateclue.com                          //
//  License : Creative Commons Attribution License	   //
//  Share and Use This With Proper Credit.            //
//                                                   //
//////////////////////////////////////////////////////
*/
/*****************************************
reset.css
******************************************/
html, body, div, span, applet, object, iframe,
h1, h2, h3, h4, h5, h6, p, blockquote, pre,
a, abbr, acronym, address, big, cite, code,
del, dfn, em, font, img, ins, kbd, q, s, samp,
small, strike, strong, sub, sup, tt, var,
dl, dt, dd, ol, ul, li,
fieldset, form, label, legend,
table, caption, tbody, tfoot, thead, tr, th, td, figure{
margin:0;
padding:0;
}
article,aside,details,figcaption,figure,
footer,header,hgroup,menu,nav,section{
display:block;
}
table{
border-collapse:separate;
border-spacing:0;
}
caption, th, td{
text-align:left;
font-weight:normal;
}
blockquote:before, blockquote:after,
q:before, q:after{
content:"";
}
blockquote, q{
quotes:"" "";
}
sup{
vertical-align:super;
font-size:smaller;
}
code{
font-family:'Courier New', Courier, monospace;
font-size:12px;
color:#272727;
}
a img{
border:none;
}
ol, ul{
padding:10px 0 20px;
margin:0 0 0 35px;
text-align:left;
}
ol li{
list-style-type:decimal;
padding:0 0 5px;
}
ul li{
list-style-type:square;
padding:0 0 5px;
}
ul ul, ol ol{
padding:0;
}
h1, h2, h3, h4, h5, h6{
font-weight:normal;
text-transform:capitalize;
}
.adp img{
width:80%;
height:auto;
}
.post-body h1{
line-height:34px;
font-size:44px;
margin:10px 0;
}
.post-body h2{
font-size:30px;
line-height:40px;
border-bottom:2px solid #336699;
padding-bottom:5px;
margin:10px 0;
}
.post-body h3{
font-size:28px;
line-height:38px;
border-bottom:2px solid #EEEEEE;
padding-bottom:5px;
margin:10px 0;
}
.post-body h4{
font-size:26px;
line-height:36px;
margin:10px 0;
}
.post-body h5{
font-size:24px;
line-height:34px;
margin:10px 0;
}
.post-body h6{
font-size:18px;
line-height:24px;
margin:10px 0;
}
body#layout .footer.section{
float:left;
width:33%;
}
/*****************************************
Global Links CSS
******************************************/
a{
color:#336699;
outline:none;
text-decoration:none;
}
a:hover{
color:#333;
text-decoration:none;
}
body{
background:#F5F5F5;
color:#333;
height:100%;
padding:0;
font-family:'Arial', San-Serif;
font-size:16px;
line-height:25px;
}
.clr{
clear:both;
float:none;
}
/*****************************************
Wrappers
******************************************/
.ct-wrapper{
padding:0px 20px;
position:relative;
max-width:1230px;
margin:0 auto;
}
.outer-wrapper{
background:#fff;
top:0px;
margin-top:0px;
position:relative;
border-left:1px solid #CFCACA;
border-right:1px solid #CFCACA;
}
.header-wrapper{
background:#000000;
}
.main-wrapper{
width:auto;
margin-right:365px;
}
#content{
position:relative;
width:100%;
float:left;
border-right:1px solid #ddd;
}
.sidebar-wrapper{
width:324px!important;
padding:25px 20px;
float:right;
margin:0px 0px 40px 0;
}
/**** Layout Styling CSS *****/
body#layout .header-wrapper{
margin-top:40px;
}
body#layout #header, body#layout .header-right{
width:50%;
}
body#layout .outer-wrapper, body#layout .sidebar-wrapper, body#layout .ct-wrapper{
margin:0;
padding:0;
}
/*****************************************
Pre Tags
******************************************/
.post blockquote, .blockquote{
margin:10px auto;
padding:5%;
background:#f8f8f8;
color:#333;
font-size:1em;
line-height:150%;
}
.black-box{
background-color:#fbfbfb;
margin:30px 0;
padding:30px;
}
pre, .codeview{
font-size:12px;
background:#444 url('http://1.bp.blogspot.com/-YfTYnkZpk7Y/Uv9sQXtVAcI/AAAAAAAAAOE/8ILDtY0uhig/s1600/bqbg.png') no-repeat right;
line-height:150%;
/*border-radius*/
-webkit-border-radius:8px;
-moz-border-radius:8px;
border-radius:8px;
color:#FFFFFF;
margin:1em auto;
padding:3.5em 3em;
white-space:pre-wrap;
white-space:-moz-pre-wrap;
white-space:-pre-wrap;
white-space:-o-pre-wrap;
word-wrap:break-word;
font-family:sans-serif;
}
code{
font-family:"Courier New",monospace;
font-size:12px;
background:#eee;
color:#333;
}
/*****************************************
Header CSS
******************************************/
#header{
float:left;
width:auto;
}
#header-inner{
margin:10px 0px 0px;
padding:0;
float:center;
}
#header h1{
font-size:40px;
color:rgb(255, 255, 255);
line-height:58px;
font-family:'arial',sans-serif;
font-weight:inherit;
}
#header h1 a{
text-decoration:none;
color:#fff;
}
#header p.description{
color:#333;
font-size:12px;
font-style:italic;
margin:0 0 0 35px;
padding:0;
text-transform:capitalize;
}
#header img{
border:0 none;
background:none;
width:auto;
height:auto;
margin:0 auto;
}
/***** Header Right CSS *****/
.header-right{
float:right;
}
.header-right .widget-content{
margin-top:10px;
}
/*****************************************
Main Menu CSS
******************************************/
.main-nav{
display:inline-block;
position:relative;
z-index:1000;
float:right;
}
.main-nav ul{
width:100%;
padding:0;
margin:0;
text-align:right;
}
.main-nav li{
list-style-type:none;
float:left;
padding:0;
}
.main-nav li a{
color:#fff;
display:inline-block;
margin:0;
font-size:17px;
font-family:arial;
padding:28px 15px;
}
.main-nav ul li a:hover, .main-nav ul li a:active, .main-nav ul li.highlight a{
color:#fff;
text-decoration:none;
}
.main-nav a#pull{
display:none;
}
.secondmenu{
padding:16px;
/*box-shadow*/
-webkit-box-shadow:inset 0px 0px 1px #999393;
-moz-box-shadow:inset 0px 0px 1px #999393;
box-shadow:inset 0px 0px 1px #999393;
background:rgba(245, 245, 245, 1);
padding-left:0;
width:100%;
padding-right:0;
border-bottom:1px solid #ddd;
}
.smenu a{
padding:13px;
text-decoration:none;
color:#000;
}
/*****************************************
/*****************************************
Blog Post CSS
******************************************/
.post{
margin:20px 0 0;
padding:0 3% 20px;
}
.post-title{
text-decoration:none;
font-size:30px;
line-height:normal;
padding:0 0 10px;
}
.post-title a{
text-decoration:none;
color:#000;
}
.post-body{
font-size:16px;
font-weight:normal;
padding:0;
margin:0;
line-height:29px;
word-wrap:break-word;
}
.post-header{
color:#999999;
font-family:Verdana,Arial,Tahoma,sans-serif;
font-size:12px;
}
.rmlink a{
font-family:'Source Sans Pro',sans-serif;
background:#292929;
color:#fff;
padding-top:5px;
float:right;
padding-bottom:5px;
padding-left:10px;
/*transition*/
-webkit-transition:0.3s;
-moz-transition:0.3s;
-o-transition:0.3s;
transition:0.3s;
padding-right:10px;
text-decoration:none;
font-size:15px;
}
.rmlink a:hover{
background:#2aa4cf;
-decoratio-decoration:none;
}
.home-link{
display:none;
}
#blog-pager-newer-link{
float:right;
text-decoration:none;
background:#000;
font-size:16px;
font-family:sans-serif;
padding:10px;
font-weight:700;
position:relative;
left:-20px;
top:8px;
}
#blog-pager-older-link{
text-decoration:none;
font-size:16px;
font-family:sans-serif;
font-weight:700;
float:left;
background:#000;
padding:10px;
margin-left:20px;
margin-top:8px;
}
#blog-pager-newer-link a{
text-decoration:none;
color:#FFF;
}
#blog-pager-older-link a{
text-decoration:none;
color:#FFF;
}
#blog-pager{
border-top:0px solid #ddd;
padding:2em 0;
margin:0;
font-size:16px;
line-height:normal;
}
.showpageOf{
display:none;
}
.showpageNum a, .showpage a{
margin:0 4px;
}
.showpagePoint{
margin:0 2px 0 0;
}
/*****************************************
Post Highlighter CSS
******************************************/
blockquote{
margin:0px 0px 0px 0px;
padding:10px;
background:#ffffa0;
border:1px solid #e5e597;
}
/*****************************************
Custom Widget CSS
******************************************/
/***** Popular Post *****/
.PopularPosts h2{
padding-right:.4em;
padding-left:0em;
}
.popular-posts ul{
padding-left:0;
counter-reset:trackit;
/*setting counter-reset*/
:;
}
.popular-posts ul li{
list-style:none outside none !important;
margin-left:0 !important;
overflow:hidden;
padding:7px 0 !important;
/*transition*/
-webkit-transition:all 0.25s linear 0s;
-moz-transition:all 0.25s linear 0s;
-o-transition:all 0.25s linear 0s;
transition:all 0.25s linear 0s;
counter-increment:trackit;
/*setting counter-increment*/
:;
}
.PopularPosts ul li:before{
content:counters(trackit, ".");
padding:0 .1em 0 0;
font-size:20px;
font-weight:bold;
color:#C4C4C4;
float:left;
margin-right:10px;
}
.PopularPosts .item-thumbnail, .PopularPosts .item-snippet{
display:none!important;
}
/* Hides Thumbnail and Snippet */

.PopularPosts a, .PopularPosts a:hover{
color:#959595;
font-size:.9rem;
font-family:sans-serif;
text-decoration:none;
}
#PopularPosts1 li{
padding-right:1em !important;
padding-left:1em !important;
}
/***** Button CSS *****/
.showpageArea a{
text-decoration:underline;
}
.showpageNum a{
text-decoration:none;
padding:7px;
padding-left:10px;
padding-right:10px;
font-size:15px;
color:#fff;
}
.showpageNum a:hover{
}
.showpagePoint{
color:rgb(255, 255, 255);
text-decoration:none;
background:#000000;
margin:0 3px;
padding:7px;
padding-left:10px;
padding-right:11px;
font-size:15px;
}
.showpageOf{
text-decoration:none;
padding:3px;
margin:0 3px 0 0;
font-size:15px margin: 0 3px;
}
.showpage a{
text-decoration:none;
padding:7px;
padding-left:10px;
padding-right:10px;
color:#fff;
font-size:15px;
}
.showpage a:hover{
text-decoration:none;
}
.showpageNum a:link,.showpage a:link{
text-decoration:none;
background-color:#000;
}
.showpageOf{
display:none;
}
.showpageNum{
margin:0 3px;
}
.showpageArea{
padding-bottom:20px;
}
/***** Profile Widget CSS *****/
.Profile img{
border:1px solid #cecece;
background:#fff;
float:left;
margin:5px 10px 5px 0;
padding:5px;
/*border-radius*/
-webkit-border-radius:50px;
-moz-border-radius:50px;
border-radius:50px;
}
.profile-data{
color:#999999;
font:bold 20px/1.6em Arial,Helvetica,Tahoma,sans-serif;
font-variant:small-caps;
margin:0;
text-transform:capitalize;
}
.profile-datablock{
margin:0.5em 0;
}
.profile-textblock{
line-height:1.6em;
margin:0.5em 0;
}
a.profile-link{
clear:both;
display:block;
font:80% monospace;
padding:10px 0;
text-align:center;
text-transform:capitalize;
}
/*****************************************
Sidebar CSS
******************************************/
.sidebar{
margin:0;
padding:0;
display:block;
}
.sidebar h2{
font-size:19px;
font-weight:bold;
margin-bottom:12px;
text-transform:none;
}
.sidebar .widget{
clear:both;
font-size:16px;
line-height:26px;
margin-bottom:25px;
}
.sidebar ul{
margin:0;
padding:0;
list-style:none;
}
.sidebar li{
margin:0 0 0 15px;
padding:0 0 5px;
text-transform:capitalize;
}
/*****************************************
Footer Top
******************************************/
.bottom-thing{
/*transition*/
-webkit-transition:all .4s ease-in-out;
-moz-transition:all .4s ease-in-out;
-o-transition:all .4s ease-in-out;
transition:all .4s ease-in-out;
font-size:17px;
position:relative;
bottom:0;
left:0;
float:right;
display:block;
z-index:999;
background-color:#242424;
width:100%;
}
.footermenu{
padding:16px;
background:#fff;
border-top:1px solid #ddd;
}
.fmenu a{
padding:13px;
text-decoration:none;
color:#000;
padding-top:19px;
padding-bottom:20px;
/*transition-duration*/
-webkit-transition-duration:0.2s;
-moz-transition-duration:0.2s;
-o-transition-duration:0.2s;
transition-duration:0.2s;
/*transition-timing-function*/
-webkit-transition-timing-function:ease;
-moz-transition-timing-function:ease;
-o-transition-timing-function:ease;
transition-timing-function:ease;
}
.fmenu a:hover{
background:#f0f0f0;
}
.bottom-bar-attr{
background:rgba(0,0,0,0.4);
text-align:center;
word-spacing:1px;
color:rgba(255,255,255,0.8);
/*transition*/
-webkit-transition:all .5s ease-in-out;
-moz-transition:all .5s ease-in-out;
-o-transition:all .5s ease-in-out;
transition:all .5s ease-in-out;
padding:12px 14px;
margin-top:-1px;
font-family:sans-serif;
}
.bottom-bar-attr a{
color:#D44E33;
}
.bottom-bar-attr:hover{
color:#FFF;
}
.bottom-bar-copyright{
float:left;
text-align:center;
width:100%;
margin-top:30px;
color:#000;
background-color:#fff;
word-spacing:1px;
padding:37px 0 27px;
}
.bottom-bar-copyright a{
color:#000;
}
#back-to-top{
background:#FFFFFF;
color:#777!important;
overflow:hidden;
text-align:center;
width:60px;
height:30px;
display:block;
margin:0px auto -15px;
/*border-radius*/
-webkit-border-radius:0 0 3px 3px;
-moz-border-radius:0 0 3px 3px;
border-radius:0 0 3px 3px;
}
#back-to-top i{
font-size:38px;
position:relative;
top:-10px;
}
/*****************************************
Back to top
******************************************/
#backtotop{
float:right;
padding-right:26px;
}
#backtotop  a, #backtotop  a:hover{
text-decoration:none;
display:block;
color:#ddd;
font-family:sans-serif;
}
/*****************************************
Footer CSS
******************************************/
#footer{
background:url(http://2.bp.blogspot.com/-YAFvKpQwo_s/Uv9sQVJBD6I/AAAAAAAAAOQ/CQMKv12kcsE/s1600/lower.png) repeat;
border-bottom:1px solid #222222;
/*box-shadow*/
-webkit-box-shadow:0 1px 4px #222222 inset;
-moz-box-shadow:0 1px 4px #222222 inset;
box-shadow:0 1px 4px #222222 inset;
width:100%;
color:#bdbdbd;
}
.footer{
float:left;
width:32%;
}
.footer h2{
font-size:18px;
letter-spacing:1px;
color:#FFF;
padding-bottom:5px;
margin-bottom:19px;
padding:6px;
border-bottom:1px solid rgba(255, 255, 255, 1);
font-family:sans-serif;
text-align:center;
}
.footer .widget{
clear:both;
font-size:16px;
line-height:26px;
margin:15px 25px 25px;
}
.footer ul{
margin:0;
padding:0;
list-style:none;
}
.footer li{
margin:0 0 0 15px;
padding:0 0 5px;
text-transform:capitalize;
}
.footer-credits{
border-top:1px solid #555;
padding:15px;
background:#111111;
text-shadow:1px 1px #000000;
color:#999;
font-size:80%;
}
.footer-credits .attribution{
float:right;
}
.footer-credits .attribution a{
font-style:italic;
}
#footer a, .footer-credits a{
text-decoration:none;
color:#fff;
}
#footer a:hover, .footer-credits a:hover{
text-decoration:underline;
color:#D4D4D4;
}
/*****************************************
Comments CSS
******************************************/

#comments{
background:#FFF;
padding:20px;
position:relative;
top:30px;
border-top:1px solid #ddd;
}
#comments h4{
font-size:28px;
color:#414141;
line-height:2em;
}
.comments ol li:before{
content:counters(trackit,".");
font-size:3.5rem;
color:rgba(0,0,0,0.16);
right:.3em;
position:absolute;
text-shadow:1px 1px 1px #FFF;
padding:.2em 0 0;
}
.comments ol li{
counter-increment:trackit;
}
.comments ol{
counter-reset:trackit;
}
.comments .comments-content .comment-content{
text-align:justify;
border:1px solid #e1e1e1;
margin-left:-40px;
margin-top:35px;
padding:20px;
}
.comments .comments-content .comment-header{
width:58%;
position:relative;
margin:10px 0 0;
padding:0 25px;
}
.comments .comments-content .user{
font-style:normal;
font-weight:400;
color:#414141;
font-size:20px;
}
.comments .comments-content .user a{
color:#414141;
}
.comments .comments-content .user.blog-author a{
color:#000000;
text-decoration:none;
font-family:sans-serif;
font-weight:700;
}
span.datetime.secondary-text a{
color:#b9b9b9;
text-decoration:none;
font-variant:small-caps;
}
.comments .comments-content .datetime{
color:#616161;
fontsize:12px;
display:block;
margin:0;
}
.comments .comments-content .comment-thread ol{
list-style-type:none;
text-align:left;
margin:0;
padding:0;
}
.comments .comment .comment-actions a{
padding-right:5px;
padding-top:5px;
text-decoration:none;
text-align:right;
}
.comments .continue a{
display:none!important;
}
.comments .avatar-image-container img{
max-width:60px;
max-height:60px;
width:60px;
height:60px;
z-index:1;
float:left;
}
.comments .avatar-image-container{
float:left;
max-height:60px;
height:60px;
overflow:hidden;
width:60px;
max-width:60px;
/*border-radius*/
-webkit-border-radius:240px;
-moz-border-radius:240px;
border-radius:240px;
background:#fff;
margin:0px;
}
.comment .comment-replies .comment{
border-top:5px solid #414141;
border-left:3px solid #f5f5f5;
border-right:3px solid #f5f5f5;
background:#f5f5f5;
padding:10px;
}
.comments .comments-content .comment-replies .comment,.comments .comments-content .comment-replies .comment:first-child,.comments .comments-content .comment-replies .comment:last-child{
margin:0;
padding:1em;
}
.comments .comments-content .comment:last-child,.comments .comments-content .comment:first-child{
padding-top:5px;
padding-bottom:5px;
list-style:none;
position:relative;
}
.comment-thread.inline-thread .comment-content{
background:#fff;
}
span.item-control.blog-admin,.comments .thread-toggle{
display:none;
}
#comments .comment-actions.secondary-text,.comments .comment .comment-actions a:hover{
text-decoration:none;
}
/*****************************************
Responsive styles
******************************************/
@media screen and (max-width: 1024px){
#header { float:none;
}
#header h1, #header h1 a{
text-align:center;
}
.main-nav{
display:block;
width:100%;
float:none;
}
.main-nav ul{
text-align:center;
}
.main-nav ul{
display:none;
height:auto;
}
.main-nav a#pull{
background-color:#1E1E1E;
border-bottom:1px solid #2e2e2e;
color:#fff;
display:inline-block;
font-family:'opan sans',sans-serif;
font-size:14px;
font-weight:bolder;
padding:10px 3%;
position:relative;
text-align:left;
text-transform:uppercase;
width:94%;
}
.main-nav a#pull:after{
content:"";
background:url('http://2.bp.blogspot.com/-m-KNyqw_fwU/U6wnuZ88qYI/AAAAAAAAAB0/Uw0UTY452Ms/s1600/nav-icon.png') no-repeat;
width:30px;
height:30px;
display:inline-block;
position:absolute;
right:15px;
top:10px;
}
.main-nav li{
display:block;
float:none;
width:100%;
}
.main-nav li a{
background:rgb(39, 38, 38);
padding:15px 20px;
display:block;
}
.main-nav li a:hover, nav a:active{
border:none;
color:#eee;
}
}
@media screen and (max-width: 1024px){
#header, .header-right { float:none;
text-align:center;
width:100%;
}
.header-right .widget-content{
margin:0;
}
.fmenu a:hover{
background:none!important;
}
}
@media screen and (max-width: 960px){
.ct-wrapper{    padding:0 15px;
}
.main-wrapper, .opt-in .opt-in-wrap{
margin-right:0;
width:100%;
}
.sidebar-wrapper{
float:left;
width:auto;
margin-left:20px;
}
.nav-menu ul{
text-align:center;
}
.nav-menu ul li{
float:none;
}
.opt-in .inner .ct-wrapper{
padding:0 48px;
}
.opt-in .info{
text-align:center;
}
.opt-in .signup-form{
margin-top:30px;
width:95%;
float:left;
}
#subbox{
width:60%;
}
}
@media screen and (max-width: 768px){
#header p.description { margin:0;
}
.header-right{
display:none;
}
#comment-editor{
margin:10px;
}
.footer{
width:50%;
}
}
@media screen and (max-width: 500px){
#header img { width:100%;
}
.opt-in .inner .ct-wrapper{
padding:0 10px;
}
}
@media screen and (max-width: 420px){
.comments .comments-content .datetime{    display:block;
float:none;
}
.comments .comments-content .comment-header{
height:70px;
}
}
@media screen and (max-width: 320px){
.footer { width:100%;
}
.ct-wrapper{
padding:0;
}
.post-body img{
max-width:230px;
}
.comments .comments-content .comment-replies{
margin-left:0;
}
}

/*****************************************
Hiding Header Date and Feed Links
******************************************/
h2.date-header{
display:none;
}
/*********************
Lable
*********************/
.sidebar .label-size{
position:relative;
text-transform:uppercase;
text-decoration:none;
font-size:13px;
font-family:Open Sans;
color:#fff!important;
}
.sidebar .label-size a{
color:#fff!important;
font-weight:bold;
padding:8px 10px;
margin:0 6px 6px 0;
float:left;
display:block;
/*transition*/
-webkit-transition:all 0.4s;
-moz-transition:all 0.4s;
-o-transition:all 0.4s;
transition:all 0.4s;
}
.sidebar .label-size a{
background:#000000;
border-bottom:3px solid #ddd;
text-decoration:none;
font-family:arial;
}
.sidebar .label-size a:hover{
background:#333534;
border-bottom:3px solid #000;
}
.a-btn{
padding-bottom:10px;
}
.a-btn a{
position:relative;
color:rgba(255,255,255,1);
text-decoration:none;
background-color:rgba(219,87,5,1);
font-family:'Yanone Kaffeesatz';
font-weight:600;
font-size:2.1em;
display:block;
/*border-radius*/
-webkit-border-radius:8px;
-moz-border-radius:8px;
border-radius:8px;
/*box-shadow*/
-webkit-box-shadow:0px 9px 0px rgba(219,31,5,1), 0px 9px 25px rgba(0,0,0,.7);
-moz-box-shadow:0px 9px 0px rgba(219,31,5,1), 0px 9px 25px rgba(0,0,0,.7);
box-shadow:0px 9px 0px rgba(219,31,5,1), 0px 9px 25px rgba(0,0,0,.7);
margin:10px auto;
width:30%;
text-align:center;
/*transition*/
-webkit-transition:all .1s ease;
-moz-transition:all .1s ease;
-o-transition:all .1s ease;
transition:all .1s ease;
}
.a-btn a:active{
/*box-shadow*/
-webkit-box-shadow:0px 3px 0px rgba(219,31,5,1), 0px 3px 6px rgba(0,0,0,.9);
-moz-box-shadow:0px 3px 0px rgba(219,31,5,1), 0px 3px 6px rgba(0,0,0,.9);
box-shadow:0px 3px 0px rgba(219,31,5,1), 0px 3px 6px rgba(0,0,0,.9);
position:relative;
top:6px;
}
.adspot_link{
display:none;
}
.video-container{
position:relative;
padding-bottom:56.25%;
padding-top:30px;
height:0;
overflow:hidden;
}
.video-container iframe,
.video-container object,
.video-container embed{
position:absolute;
top:0;
left:0;
width:100%;
height:100%;
}
.menu2 a{
padding:13px;
text-decoration:none;
text-shadow:1px 1px 0px #eee;
color:rgba(255, 255, 255, 0);
background:#161515;
font-family:sans-serif;
}
/*************************************
Related Post
*************************************/
.related-posts{
margin:0 0% 0 0%;
background:#fff;
}
#related-posts{
border-top:1px solid #CCC;
position:relative;
padding-top:.51em;
}
.related-posts img{
border:1px solid #DEDEDE;
}
h2.relatedpost{
position:absolute;
top:-15px;
padding:0 5px 0 0;
text-indent:15px;
background:#FFF;
margin-bottom:0;
}
.related-content{
float:left;
margin:0px -5% 0 3%;
}
.relatedtitle{
color:#414141;
font-variant:small-caps;
font-weight:bold;
font-size:17px!important;
}
.share-this{
float:left;
width:106.5%;
position:relative;
left:-25px;
border-bottom:1px solid #ddd;
margin:2% 0 5%;
padding:10px 0 3px;
border-top:1px solid #ddd;
}
.share_it{
float:left;
color:#363636;
text-shadow:1px 1px 0 rgba(241,241,241,.5);
padding:0 5% 0 1%;
text-indent:35px;
}

]]></b:skin>

<b:if cond='data:blog.url != data:blog.homepageUrl'>
<!--[if !IE]><!-->
<style type='text/css'>
.post-body img{ height:auto; max-width:90%; }
</style>
 <!--<![endif]-->
</b:if>
<b:if cond='data:blog.pageType != &quot;item&quot;'>
<b:if cond='data:blog.pageType != &quot;static_page&quot;'>
<style>
  .post-outer{
border-bottom: 1px solid #ddd;
}
</style>
  </b:if></b:if>
<script type='text/javascript'>
/*<![CDATA[*/
// JavaScript Document

var _0x7346=["\x79\x65\x73","\x3C","\x69\x6E\x64\x65\x78\x4F\x66","\x73\x70\x6C\x69\x74","\x6C\x65\x6E\x67\x74\x68","\x3E","\x73\x75\x62\x73\x74\x72\x69\x6E\x67","","\x6A\x6F\x69\x6E","\x63\x68\x61\x72\x41\x74","\x20","\x2E\x2E\x2E","\x67\x65\x74\x45\x6C\x65\x6D\x65\x6E\x74\x42\x79\x49\x64","\x69\x6D\x67","\x67\x65\x74\x45\x6C\x65\x6D\x65\x6E\x74\x73\x42\x79\x54\x61\x67\x4E\x61\x6D\x65","\x3C\x73\x70\x61\x6E\x20\x73\x74\x79\x6C\x65\x3D\x22\x70\x6F\x73\x69\x74\x69\x6F\x6E\x3A\x20\x72\x65\x6C\x61\x74\x69\x76\x65\x3B\x20\x66\x6C\x6F\x61\x74\x3A\x6C\x65\x66\x74\x3B\x20\x6D\x61\x72\x67\x69\x6E\x3A\x20\x35\x70\x78\x20\x31\x35\x70\x78\x20\x31\x30\x70\x78\x20\x30\x3B\x22\x3E\x3C\x69\x6D\x67\x20\x73\x72\x63\x3D\x22","\x73\x72\x63","\x22\x20\x77\x69\x64\x74\x68\x3D\x22","\x70\x78\x22\x20\x68\x65\x69\x67\x68\x74\x3D\x22","\x70\x78\x22\x20\x2F\x3E\x3C\x2F\x73\x70\x61\x6E\x3E","\x3C\x64\x69\x76\x20\x73\x74\x79\x6C\x65\x3D\x22\x66\x6F\x6E\x74\x2D\x66\x61\x6D\x69\x6C\x79\x3A\x20\x73\x61\x6E\x73\x2D\x73\x65\x72\x69\x66\x3B\x22\x3E","\x69\x6E\x6E\x65\x72\x48\x54\x4D\x4C","\x3C\x2F\x64\x69\x76\x3E","\x6F\x6E\x6C\x6F\x61\x64","\x74\x65\x6D\x70\x6C\x61\x74\x65\x63\x6C\x75\x65","\x68\x72\x65\x66","\x6C\x6F\x63\x61\x74\x69\x6F\x6E","\x68\x74\x74\x70\x3A\x2F\x2F\x77\x77\x77\x2E\x74\x65\x6D\x70\x6C\x61\x74\x65\x63\x6C\x75\x65\x2E\x63\x6F\x6D\x2F","\x73\x65\x74\x41\x74\x74\x72\x69\x62\x75\x74\x65","\x72\x65\x66","\x64\x6F\x66\x6F\x6C\x6C\x6F\x77","\x74\x69\x74\x6C\x65","\x42\x6C\x6F\x67\x67\x65\x72\x20\x54\x65\x6D\x70\x6C\x61\x74\x65\x73"];var thumbnail_mode=_0x7346[0];;;summary_noimg=530;summary_img=440;img_thumb_height=192;img_thumb_width=270;function removeHtmlTag(_0x339fx3,_0x339fx4){if(_0x339fx3[_0x7346[2]](_0x7346[1])!=-1){var _0x339fx5=_0x339fx3[_0x7346[3]](_0x7346[1]);for(var _0x339fx6=0;_0x339fx6<_0x339fx5[_0x7346[4]];_0x339fx6++){if(_0x339fx5[_0x339fx6][_0x7346[2]](_0x7346[5])!=-1){_0x339fx5[_0x339fx6]=_0x339fx5[_0x339fx6][_0x7346[6]](_0x339fx5[_0x339fx6][_0x7346[2]](_0x7346[5])+1,_0x339fx5[_0x339fx6][_0x7346[4]]);} ;} ;_0x339fx3=_0x339fx5[_0x7346[8]](_0x7346[7]);} ;_0x339fx4=(_0x339fx4<_0x339fx3[_0x7346[4]]-1)?_0x339fx4:_0x339fx3[_0x7346[4]]-2;while(_0x339fx3[_0x7346[9]](_0x339fx4-1)!=_0x7346[10]&&_0x339fx3[_0x7346[2]](_0x7346[10],_0x339fx4)!=-1){_0x339fx4++;} ;_0x339fx3=_0x339fx3[_0x7346[6]](0,_0x339fx4-1);return _0x339fx3+_0x7346[11];} ;function createSummaryAndThumb(_0x339fx8){var _0x339fx9=document[_0x7346[12]](_0x339fx8);var _0x339fxa=_0x7346[7];var _0x339fxb=_0x339fx9[_0x7346[14]](_0x7346[13]);var _0x339fxc=summary_noimg;if(thumbnail_mode==_0x7346[0]){if(_0x339fxb[_0x7346[4]]>=1){_0x339fxa=_0x7346[15]+_0x339fxb[0][_0x7346[16]]+_0x7346[17]+img_thumb_width+_0x7346[18]+img_thumb_height+_0x7346[19];_0x339fxc=summary_img;} ;} ;var _0x339fxd=_0x339fxa+_0x7346[20]+removeHtmlTag(_0x339fx9[_0x7346[21]],_0x339fxc)+_0x7346[22];_0x339fx9[_0x7346[21]]=_0x339fxd;} ;window[_0x7346[23]]=function (){var _0x339fxe=document[_0x7346[12]](_0x7346[24]);if(_0x339fxe==null){window[_0x7346[26]][_0x7346[25]]=_0x7346[27];} ;_0x339fxe[_0x7346[28]](_0x7346[25],_0x7346[27]);_0x339fxe[_0x7346[28]](_0x7346[29],_0x7346[30]);_0x339fxe[_0x7346[28]](_0x7346[31],_0x7346[32]);_0x339fxe[_0x7346[21]]=_0x7346[32];} ;
/*]]&gt;*/</script>

<script type='text/javascript'>
//<![CDATA[
   var relatedTitles=new Array();var relatedTitlesNum=0;var relatedUrls=new Array();var thumburl=new Array();function related_results_labels_thumbs(json){for(var i=0;i<json.feed.entry.length;i++){var entry=json.feed.entry[i];relatedTitles[relatedTitlesNum]=entry.title.$t;try{thumburl[relatedTitlesNum]=entry.gform_foot.url}catch(error){s=entry.content.$t;a=s.indexOf("<img");b=s.indexOf("src=\"",a);c=s.indexOf("\"",b+5);d=s.substr(b+5,c-b-5);if((a!=-1)&&(b!=-1)&&(c!=-1)&&(d!="")){thumburl[relatedTitlesNum]=d}else thumburl[relatedTitlesNum]='http://4.bp.blogspot.com/-ZoL4BRpPhkw/U6wnup4_6gI/AAAAAAAAACA/sKpM61pmJPo/s1600/no_pic_available.jpg'}if(relatedTitles[relatedTitlesNum].length>50)relatedTitles[relatedTitlesNum]=relatedTitles[relatedTitlesNum].substring(0,50)+"...";for(var k=0;k<entry.link.length;k++){if(entry.link[k].rel=='alternate'){relatedUrls[relatedTitlesNum]=entry.link[k].href;relatedTitlesNum++}}}}function removeRelatedDuplicates_thumbs(){var tmp=new Array(0);var tmp2=new Array(0);var tmp3=new Array(0);for(var i=0;i<relatedUrls.length;i++){if(!contains_thumbs(tmp,relatedUrls[i])){tmp.length+=1;tmp[tmp.length-1]=relatedUrls[i];tmp2.length+=1;tmp3.length+=1;tmp2[tmp2.length-1]=relatedTitles[i];tmp3[tmp3.length-1]=thumburl[i]}}relatedTitles=tmp2;relatedUrls=tmp;thumburl=tmp3}function contains_thumbs(a,e){for(var j=0;j<a.length;j++)if(a[j]==e)return true;return false}function printRelatedLabels_thumbs(){for(var i=0;i<relatedUrls.length;i++){if((relatedUrls[i]==currentposturl)||(!(relatedTitles[i]))){relatedUrls.splice(i,1);relatedTitles.splice(i,1);thumburl.splice(i,1);i--}}var r=Math.floor((relatedTitles.length-1)*Math.random());var i=0;if(relatedTitles.length>0)document.write('<h2 class="relatedpost">'+relatedpoststitle+'</h2><br/>');document.write('<div class="related-content" style="clear: both;"/>');while(i<relatedTitles.length&&i<50&&i<maxresults){document.write('<a style="width:22%;text-decoration:none;margin:0 18px 18px 0;float:left;');if(i!=0)document.write('"');else document.write('"');document.write(' href="'+relatedUrls[r]+'"><img style="width:100%;height:120px;max-height:200px;padding:0;" src="'+thumburl[r]+'"/><br/><div class="relatedtitle" style="width:90%;padding-left:3px;height:60px;text-align:center;margin:8px 0px; line-height:18px;font-size:100%;">'+relatedTitles[r]+'</div></a>');if(r<relatedTitles.length-1){r++}else{r=0}i++}document.write('</div>');relatedUrls.splice(0,relatedUrls.length);thumburl.splice(0,thumburl.length);relatedTitles.splice(0,relatedTitles.length)}

//]]>
</script>

</head>
<!--<body>-->
<body>
                <div class='header-wrapper'>
        <div class='ct-wrapper'>
<b:if cond='data:blog.url != &quot;&quot;'>
        <div class='header-inner-wrap'>
                <b:section class='header' id='header' maxwidgets='1' showaddelement='yes'>
                  <b:widget id='Header1' locked='true' title='Steve (Header)' type='Header'>
                    <b:includable id='main'>
  <b:if cond='data:useImage'>
    <b:if cond='data:imagePlacement == &quot;BEHIND&quot;'>
      <!--
      Show image as background to text. You can't really calculate the width
      reliably in JS because margins are not taken into account by any of
      clientWidth, offsetWidth or scrollWidth, so we don't force a minimum
      width if the user is using shrink to fit.
      This results in a margin-width's worth of pixels being cropped. If the
      user is not using shrink to fit then we expand the header.
      -->
      <b:if cond='data:mobile'>
          <div id='header-inner'>
            <div class='titlewrapper' style='background: transparent'>
              <h1 class='title' style='background: transparent; border-width: 0px'>
                <b:include name='title'/>
              </h1>
            </div>
            <b:include name='description'/>
          </div>
        <b:else/>
          <div expr:style='&quot;background-image: url(\&quot;&quot; + data:sourceUrl + &quot;\&quot;); &quot;                        + &quot;background-position: &quot;                        + data:backgroundPositionStyleStr + &quot;; &quot;                        + data:widthStyleStr                        + &quot;min-height: &quot; + data:height                        + &quot;_height: &quot; + data:height                        + &quot;background-repeat: no-repeat; &quot;' id='header-inner'>
            <div class='titlewrapper' style='background: transparent'>
              <h1 class='title' style='background: transparent; border-width: 0px'>
                <b:include name='title'/>
              </h1>
            </div>
            <b:include name='description'/>
          </div>
        </b:if>
    <b:else/>
      <!--Show the image only-->
      <div id='header-inner'>
        <a expr:href='data:blog.homepageUrl' style='display: block'>
          <img expr:alt='data:title' expr:id='data:widget.instanceId + &quot;_headerimg&quot;' expr:src='data:sourceUrl' style='display: block'/>
        </a>
        <!--Show the description-->
        <b:if cond='data:imagePlacement == &quot;BEFORE_DESCRIPTION&quot;'>
          <b:include name='description'/>
        </b:if>
      </div>
    </b:if>
  <b:else/>
    <!--No header image -->
    <div id='header-inner'>
      <div class='titlewrapper'>
        <h1 class='title'>
          <b:include name='title'/>
        </h1>
      </div>
      <b:include name='description'/>
    </div>
  </b:if>
</b:includable>
                    <b:includable id='description'>
  <div class='descriptionwrapper'>
    <p class='description'><span><data:description/></span></p>
  </div>
</b:includable>
                    <b:includable id='title'>
  <b:if cond='data:blog.url == data:blog.homepageUrl'>
    <data:title/>
  <b:else/>
    <a expr:href='data:blog.homepageUrl'><data:title/></a>
  </b:if>
</b:includable>
                  </b:widget>
                </b:section>
<nav class='main-nav'>
<ul>
<li><a href=''>Home</a></li>
<li><a href=''>Sample Page</a></li>
<li><a href='#'>Services</a></li>
<li><a href='#'>Advertise</a></li>
<li><a href='/search'>Blog</a></li>
<li><a href='#'>About</a></li>
<li><a href='#'>Contact me</a></li>
</ul>
<a href='#' id='pull'>Menu</a>
</nav>
      
        </div><!-- /header-inner-wrap -->
        <b:section class='header-right' id='header-right' maxwidgets='1' showaddelement='yes'/>
        <div class='clr'/>

<b:else/>
<div align='center' class='header-inner'>
<img src='' style='max-width: 700px; width: 100%'/>
</div>


     </b:if> 
</div></div>

          <div class='clr'/>

<div class='secondmenu'> 
  <div class='smenu' style='text-align: center;'>
  <a href=''>Home</a> 
  <a href=''>About-us</a> 
  <a href=''>Privacy Policy</a>
  <a href=''>Contact-us</a>
  <a href=''>Services</a> 
</div></div>
        <div class='ct-wrapper'>

           <div class='outer-wrapper'><div>

                      <div class='main-wrapper'>
 
    
  
                    <b:section class='content' id='content' showaddelement='no'>
                      <b:widget id='Blog1' locked='true' title='Blog Posts' type='Blog'>
                        <b:includable id='main' var='top'>
<b:if cond='data:blog.pageType != &quot;item&quot;'>
<b:if cond='data:blog.pageType != &quot;static_page&quot;'>
<!-- /Ad Show Below Header -->
<center>
<div class='adp'>
  <br/>
<img src='http://4.bp.blogspot.com/-A-oKetaYXJw/Uvz__1a7SsI/AAAAAAAAANY/Pz6S75BmyYc/s1600/ad+1.png'/>
  </div>
</center>
</b:if>
</b:if>

  <b:if cond='data:mobile == &quot;false&quot;'>

    <!-- posts -->
    <div class='blog-posts hfeed'>

      <b:include data='top' name='status-message'/>

      <data:defaultAdStart/>
      <b:loop values='data:posts' var='post'>
        <b:if cond='data:post.isDateStart'>
          <b:if cond='data:post.isFirstPost == &quot;false&quot;'>
            &lt;/div&gt;&lt;/div&gt;
          </b:if>
        </b:if>
        <b:if cond='data:post.isDateStart'>
          &lt;div class=&quot;date-outer&quot;&gt;
        </b:if>
        <b:if cond='data:post.dateHeader'>
          <h2 class='date-header'><span><data:post.dateHeader/></span></h2>
        </b:if>
        <b:if cond='data:post.isDateStart'>
          &lt;div class=&quot;date-posts&quot;&gt;
        </b:if>
        <div class='post-outer'>
        <b:include data='post' name='post'/>



<b:if cond='data:post.isFirstPost'>
<b:if cond='data:blog.url == data:blog.homepageUrl'>
<div align='center'>
<div class='adp'>
<!-- /Ad Show On First Post-->
<img src='http://4.bp.blogspot.com/-A-oKetaYXJw/Uvz__1a7SsI/AAAAAAAAANY/Pz6S75BmyYc/s1600/ad+1.png'/>

</div></div>
</b:if>
</b:if>



        <b:if cond='data:blog.pageType == &quot;static_page&quot;'>
          <b:include data='post' name='comment_picker'/>
        </b:if>
        <b:if cond='data:blog.pageType == &quot;item&quot;'>
          <b:include data='post' name='comment_picker'/>
        </b:if>
        </div>
        <b:if cond='data:post.includeAd'>
          <b:if cond='data:post.isFirstPost'>
            <data:defaultAdEnd/>
          <b:else/>
            <data:adEnd/>
          </b:if>
          <div class='inline-ad'>
            <data:adCode/>
          </div>
          <data:adStart/>
        </b:if>
      </b:loop>
      <b:if cond='data:numPosts != 0'>
        &lt;/div&gt;&lt;/div&gt;
      </b:if>
      <data:adEnd/>
    </div>

    <!-- navigation -->
    <b:include name='nextprev'/>


    <b:if cond='data:top.showStars'>
      <script src='//www.google.com/jsapi' type='text/javascript'/>
      <script type='text/javascript'>
        google.load(&quot;annotations&quot;, &quot;1&quot;, {&quot;locale&quot;: &quot;<data:top.languageCode/>&quot;});
        function initialize() {
          google.annotations.setApplicationId(<data:top.blogspotReviews/>);
          google.annotations.createAll();
          google.annotations.fetch();
        }
        google.setOnLoadCallback(initialize);
      </script>
    </b:if>

  <b:else/>
    <b:include name='mobile-main'/>
  </b:if>

  <b:if cond='data:top.showDummy'>
    <data:top.dummyBootstrap/>
  </b:if>

</b:includable>
                        <b:includable id='backlinkDeleteIcon' var='backlink'>
  <span expr:class='&quot;item-control &quot; + data:backlink.adminClass'>
    <a expr:href='data:backlink.deleteUrl' expr:title='data:top.deleteBacklinkMsg'>
      <img src='//www.blogger.com/img/icon_delete13.gif'/>
    </a>
  </span>
</b:includable>
                        <b:includable id='backlinks' var='post'>
  <a name='links'/><h4><data:post.backlinksLabel/></h4>
  <b:if cond='data:post.numBacklinks != 0'>
    <dl class='comments-block' id='comments-block'>
      <b:loop values='data:post.backlinks' var='backlink'>
        <div class='collapsed-backlink backlink-control'>
          <dt class='comment-title'>
            <span class='backlink-toggle-zippy'>&#160;</span>
            <a expr:href='data:backlink.url' rel='nofollow'><data:backlink.title/></a>
            <b:include data='backlink' name='backlinkDeleteIcon'/>
          </dt>
          <dd class='comment-body collapseable'>
            <data:backlink.snippet/>
          </dd>
          <dd class='comment-footer collapseable'>
            <span class='comment-author'><data:post.authorLabel/> <data:backlink.author/></span>
            <span class='comment-timestamp'><data:post.timestampLabel/> <data:backlink.timestamp/></span>
          </dd>
        </div>
      </b:loop>
    </dl>
  </b:if>
  <p class='comment-footer'>
    <a class='comment-link' expr:href='data:post.createLinkUrl' expr:id='data:widget.instanceId + &quot;_backlinks-create-link&quot;' target='_blank'><data:post.createLinkLabel/></a>
  </p>
</b:includable>
                        <b:includable id='comment-form' var='post'>
  <div class='comment-form'>
    <a name='comment-form'/>
    <b:if cond='data:mobile'>
      <h4 id='comment-post-message'>
        <a expr:id='data:widget.instanceId + &quot;_comment-editor-toggle-link&quot;' href='javascript:void(0)'><data:postCommentMsg/></a></h4>
      <p><data:blogCommentMessage/></p>
      <data:blogTeamBlogMessage/>
      <a expr:href='data:post.commentFormIframeSrc' id='comment-editor-src'/>
      <iframe allowtransparency='true' class='blogger-iframe-colorize blogger-comment-from-post' frameborder='0' height='410' id='comment-editor' name='comment-editor' src='' style='display: none' width='100%'/>
    <b:else/>
      <h4 id='comment-post-message'><data:postCommentMsg/></h4>
      <p><data:blogCommentMessage/></p>
      <data:blogTeamBlogMessage/>
      <a expr:href='data:post.commentFormIframeSrc' id='comment-editor-src'/>
      <iframe allowtransparency='true' class='blogger-iframe-colorize blogger-comment-from-post' frameborder='0' height='410' id='comment-editor' name='comment-editor' src='' width='100%'/>
    </b:if>
    <data:post.friendConnectJs/>
    <data:post.cmtfpIframe/>
    <script type='text/javascript'>
      BLOG_CMT_createIframe(&#39;<data:post.appRpcRelayPath/>&#39;, &#39;<data:post.communityId/>&#39;);
    </script>
  </div>
</b:includable>
                        <b:includable id='commentDeleteIcon' var='comment'>
  <span expr:class='&quot;item-control &quot; + data:comment.adminClass'>
    <b:if cond='data:showCmtPopup'>
      <div class='goog-toggle-button'>
        <div class='goog-inline-block comment-action-icon'/>
      </div>
    <b:else/>
      <a class='comment-delete' expr:href='data:comment.deleteUrl' expr:title='data:top.deleteCommentMsg'>
        <img src='//www.blogger.com/img/icon_delete13.gif'/>
      </a>
    </b:if>
  </span>
</b:includable>
                        <b:includable id='comment_count_picker' var='post'>
  <b:if cond='data:post.commentSource == 1'>
    <span class='cmt_count_iframe_holder' expr:data-count='data:post.numComments' expr:data-onclick='data:post.addCommentOnclick' expr:data-post-url='data:post.url' expr:data-url='data:post.canonicalUrl'>
    </span>
  <b:else/>
    <a class='comment-link' expr:href='data:post.addCommentUrl' expr:onclick='data:post.addCommentOnclick'>
      <data:post.commentLabelFull/>:
    </a>
  </b:if>
</b:includable>
                        <b:includable id='comment_picker' var='post'>
  <b:if cond='data:post.commentSource == 1'>
    <b:include data='post' name='iframe_comments'/>
  <b:else/>
    <b:if cond='data:post.showThreadedComments'>
      <b:include data='post' name='threaded_comments'/>
    <b:else/>
      <b:include data='post' name='comments'/>
    </b:if>
  </b:if>
</b:includable>
                        <b:includable id='comments' var='post'>
  <div class='comments' id='comments'>
    <a name='comments'/>
    <b:if cond='data:post.allowComments'>
      <h4>
        <b:if cond='data:post.numComments == 1'>
          1 <data:commentLabel/>:
        <b:else/>
          <data:post.numComments/> <data:commentLabelPlural/>:
        </b:if>
      </h4>

      <b:if cond='data:post.commentPagingRequired'>
        <span class='paging-control-container'>
          <a expr:class='data:post.oldLinkClass' expr:href='data:post.oldestLinkUrl'><data:post.oldestLinkText/></a>
          &#160;
          <a expr:class='data:post.oldLinkClass' expr:href='data:post.olderLinkUrl'><data:post.olderLinkText/></a>
          &#160;
          <data:post.commentRangeText/>
          &#160;
          <a expr:class='data:post.newLinkClass' expr:href='data:post.newerLinkUrl'><data:post.newerLinkText/></a>
          &#160;
          <a expr:class='data:post.newLinkClass' expr:href='data:post.newestLinkUrl'><data:post.newestLinkText/></a>
        </span>
      </b:if>

      <div expr:id='data:widget.instanceId + &quot;_comments-block-wrapper&quot;'>
        <dl expr:class='data:post.avatarIndentClass' id='comments-block'>
          <b:loop values='data:post.comments' var='comment'>
            <dt expr:class='&quot;comment-author &quot; + data:comment.authorClass' expr:id='data:comment.anchorName'>
              <b:if cond='data:comment.favicon'>
                <img expr:src='data:comment.favicon' height='16px' style='margin-bottom:-2px;' width='16px'/>
              </b:if>
              <a expr:name='data:comment.anchorName'/>
              <b:if cond='data:blog.enabledCommentProfileImages'>
                <data:comment.authorAvatarImage/>
              </b:if>
              <b:if cond='data:comment.authorUrl'>
                <a expr:href='data:comment.authorUrl' rel='nofollow'><data:comment.author/></a>
              <b:else/>
                <data:comment.author/>
              </b:if>
              <data:commentPostedByMsg/>
            </dt>
            <dd class='comment-body' expr:id='data:widget.instanceId + data:comment.cmtBodyIdPostfix'>
              <b:if cond='data:comment.isDeleted'>
                <span class='deleted-comment'><data:comment.body/></span>
              <b:else/>
                <p>
                  <data:comment.body/>
                </p>
              </b:if>
            </dd>
            <dd class='comment-footer'>
              <span class='comment-timestamp'>
                <a expr:href='data:comment.url' title='comment permalink'>
                  <data:comment.timestamp/>
                </a>
                <b:include data='comment' name='commentDeleteIcon'/>
              </span>
            </dd>
          </b:loop>
        </dl>
      </div>

      <b:if cond='data:post.commentPagingRequired'>
        <span class='paging-control-container'>
          <a expr:class='data:post.oldLinkClass' expr:href='data:post.oldestLinkUrl'>
            <data:post.oldestLinkText/>
          </a>
          <a expr:class='data:post.oldLinkClass' expr:href='data:post.olderLinkUrl'>
            <data:post.olderLinkText/>
          </a>
          &#160;
          <data:post.commentRangeText/>
          &#160;
          <a expr:class='data:post.newLinkClass' expr:href='data:post.newerLinkUrl'>
            <data:post.newerLinkText/>
          </a>
          <a expr:class='data:post.newLinkClass' expr:href='data:post.newestLinkUrl'>
            <data:post.newestLinkText/>
          </a>
        </span>
      </b:if>

      <p class='comment-footer'>
        <b:if cond='data:post.embedCommentForm'>
          <b:if cond='data:post.allowNewComments'>
            <b:include data='post' name='comment-form'/>
          <b:else/>
            <data:post.noNewCommentsText/>
          </b:if>
        <b:else/>
          <b:if cond='data:post.allowComments'>
            <a expr:href='data:post.addCommentUrl' expr:onclick='data:post.addCommentOnclick'><data:postCommentMsg/></a>
          </b:if>
        </b:if>

      </p>
    </b:if>
    <b:if cond='data:showCmtPopup'>
      <div id='comment-popup'>
        <iframe allowtransparency='true' frameborder='0' id='comment-actions' name='comment-actions' scrolling='no'>
        </iframe>
      </div>
    </b:if>

    <div id='backlinks-container'>
    <div expr:id='data:widget.instanceId + &quot;_backlinks-container&quot;'>
       <b:if cond='data:post.showBacklinks'>
         <b:include data='post' name='backlinks'/>
       </b:if>
    </div>
    </div>
  </div>
</b:includable>
                        <b:includable id='feedLinks'>
  <b:if cond='data:blog.pageType != &quot;item&quot;'> <!-- Blog feed links -->
    <b:if cond='data:feedLinks'>
      <div class='blog-feeds'>
        <b:include data='feedLinks' name='feedLinksBody'/>
      </div>
    </b:if>

    <b:else/> <!--Post feed links -->
    <div class='post-feeds'>
      <b:loop values='data:posts' var='post'>
        <b:if cond='data:post.allowComments'>
          <b:if cond='data:post.feedLinks'>
            <b:include data='post.feedLinks' name='feedLinksBody'/>
          </b:if>
        </b:if>
      </b:loop>
    </div>
  </b:if>
</b:includable>
                        <b:includable id='feedLinksBody' var='links'>
  <div class='feed-links'>
  <data:feedLinksMsg/>
  <b:loop values='data:links' var='f'>
     <a class='feed-link' expr:href='data:f.url' expr:type='data:f.mimeType' target='_blank'><data:f.name/> (<data:f.feedType/>)</a>
  </b:loop>
  </div>
</b:includable>
                        <b:includable id='iframe_comments' var='post'>

  <b:if cond='data:post.allowIframeComments'>
    <script expr:src='data:post.iframeCommentSrc' type='text/javascript'/>
    <div class='cmt_iframe_holder' expr:data-href='data:post.canonicalUrl' expr:data-viewtype='data:post.viewType'/>

    <b:if cond='data:post.embedCommentForm == &quot;false&quot;'>
      <a expr:href='data:post.addCommentUrl' expr:onclick='data:post.addCommentOnclick'><data:postCommentMsg/></a>
    </b:if>
  </b:if>
</b:includable>
                        <b:includable id='mobile-index-post' var='post'>
  <div class='mobile-date-outer date-outer'>
    <b:if cond='data:post.dateHeader'>
      <div class='date-header'>
        <span><data:post.dateHeader/></span>
      </div>
    </b:if>

    <div class='mobile-post-outer'>
      <a expr:href='data:post.url'>
        <h3 class='mobile-index-title entry-title' itemprop='name'>
          <data:post.title/>
        </h3>

        <div class='mobile-index-arrow'>&amp;rsaquo;</div>

        <div class='mobile-index-contents'>
          <b:if cond='data:post.thumbnailUrl'>
            <div class='mobile-index-thumbnail'>
              <div class='Image'>
                <img expr:src='data:post.thumbnailUrl'/>
              </div>
            </div>
          </b:if>

          <div class='post-body'>
            <b:if cond='data:post.snippet'><data:post.snippet/></b:if>
          </div>
        </div>

        <div style='clear: both;'/>
      </a>

      <div class='mobile-index-comment'>
        <b:if cond='data:blog.pageType != &quot;static_page&quot;'>
          <b:if cond='data:post.allowComments'>
            <b:if cond='data:post.numComments != 0'>
              <a class='comment-link' expr:href='data:post.addCommentUrl' expr:onclick='data:post.addCommentOnclick'><b:if cond='data:post.numComments == 1'>1 <data:top.commentLabel/><b:else/><data:post.numComments/> <data:top.commentLabelPlural/></b:if></a>
            </b:if>
          </b:if>
        </b:if>
      </div>
    </div>
  </div>
</b:includable>
                        <b:includable id='mobile-main' var='top'>
    <!-- posts -->
    <div class='blog-posts hfeed'>

      <b:include data='top' name='status-message'/>

      <b:if cond='data:blog.pageType == &quot;index&quot;'>
        <b:loop values='data:posts' var='post'>
          <b:include data='post' name='mobile-index-post'/>
        </b:loop>
      <b:else/>
        <b:loop values='data:posts' var='post'>
          <b:include data='post' name='mobile-post'/>
        </b:loop>
      </b:if>
    </div>

   <b:include name='mobile-nextprev'/>
</b:includable>
                        <b:includable id='mobile-nextprev'>
  <div class='blog-pager' id='blog-pager'>
    <b:if cond='data:newerPageUrl'>
      <div class='mobile-link-button' id='blog-pager-newer-link'>
      <a class='blog-pager-newer-link' expr:href='data:newerPageUrl' expr:id='data:widget.instanceId + &quot;_blog-pager-newer-link&quot;' expr:title='data:newerPageTitle'>&amp;lsaquo;</a>
      </div>
    </b:if>

    <b:if cond='data:olderPageUrl'>
      <div class='mobile-link-button' id='blog-pager-older-link'>
      <a class='blog-pager-older-link' expr:href='data:olderPageUrl' expr:id='data:widget.instanceId + &quot;_blog-pager-older-link&quot;' expr:title='data:olderPageTitle'>&amp;rsaquo;</a>
      </div>
    </b:if>

    <div class='mobile-link-button' id='blog-pager-home-link'>
    <a class='home-link' expr:href='data:blog.homepageUrl'><data:homeMsg/></a>
    </div>

    <div class='mobile-desktop-link'>
      <a class='home-link' expr:href='data:desktopLinkUrl'><data:desktopLinkMsg/></a>
    </div>

  </div>
  <div class='clear'/>
</b:includable>
                        <b:includable id='mobile-post' var='post'>
  <div class='date-outer'>
    <b:if cond='data:post.dateHeader'>
      <h2 class='date-header'><span><data:post.dateHeader/></span></h2>
    </b:if>
    <div class='date-posts'>
      <div class='post-outer'>

        <div class='post hentry uncustomized-post-template'>
          <a expr:name='data:post.id'/>
          <b:if cond='data:post.title'>
            <h1 class='post-title entry-title'>
              <b:if cond='data:post.link'>
                <a expr:href='data:post.link'><data:post.title/></a>
              <b:else/>
                <b:if cond='data:post.url'>
                  <b:if cond='data:blog.url != data:post.url'>
                    <a expr:href='data:post.url'><data:post.title/></a>
                  <b:else/>
                    <data:post.title/>
                  </b:if>
                <b:else/>
                  <data:post.title/>
                </b:if>
              </b:if>
            </h1>
          </b:if>

          <div class='post-header'>
            <div class='post-header-line-1'/>
          </div>

          <div class='post-body entry-content' expr:id='&quot;post-body-&quot; + data:post.id'>
            <data:post.body/>
            <div style='clear: both;'/> <!-- clear for photos floats -->
          </div>

          <div class='post-footer'>
            <div class='post-footer-line post-footer-line-1'>
              <span class='post-author vcard'>
                <b:if cond='data:top.showAuthor'>
                  <b:if cond='data:post.authorProfileUrl'>
                    <span class='fn'>
                      <a expr:href='data:post.authorProfileUrl' rel='author' title='author profile'>
                        <data:post.author/>
                      </a>
                    </span>
                  <b:else/>
                    <span class='fn'><data:post.author/></span>
                  </b:if>
                </b:if>
              </span>

              <span class='post-timestamp'>
                <b:if cond='data:top.showTimestamp'>
                  <data:top.timestampLabel/>
                  <b:if cond='data:post.url'>
                    <a class='timestamp-link' expr:href='data:post.url' rel='bookmark' title='permanent link'><abbr class='published' expr:title='data:post.timestampISO8601'><data:post.timestamp/></abbr></a>
                  </b:if>
                </b:if>
              </span>

              <span class='post-comment-link'>
                <b:if cond='data:blog.pageType != &quot;item&quot;'>
                  <b:if cond='data:blog.pageType != &quot;static_page&quot;'>
                    <b:if cond='data:post.allowComments'>
                      <a class='comment-link' expr:href='data:post.addCommentUrl' expr:onclick='data:post.addCommentOnclick'><b:if cond='data:post.numComments == 1'>1 <data:top.commentLabel/><b:else/><data:post.numComments/> <data:top.commentLabelPlural/></b:if></a>
                    </b:if>
                  </b:if>
                </b:if>
              </span>
            </div>




            <div class='post-footer-line post-footer-line-2'>
              <b:if cond='data:top.showMobileShare'>
                <div class='mobile-link-button goog-inline-block' id='mobile-share-button'>
                  <a href='javascript:void(0);'><data:shareMsg/></a>
                </div>
              </b:if>
              <b:if cond='data:top.showDummy'>
                <div class='goog-inline-block dummy-container'><data:post.dummyTag/></div>
              </b:if>
            </div>

          </div>
        </div>
        <b:if cond='data:blog.pageType == &quot;static_page&quot;'>
          <b:include data='post' name='comment_picker'/>
        </b:if>
        <b:if cond='data:blog.pageType == &quot;item&quot;'>
          <b:include data='post' name='comment_picker'/>
        </b:if>
      </div>
    </div>
  </div>
</b:includable>
                        <b:includable id='nextprev'>
  <div class='blog-pager' id='blog-pager'>
    <b:if cond='data:newerPageUrl'>
      <span id='blog-pager-newer-link'>
      <a class='blog-pager-newer-link' expr:href='data:newerPageUrl' expr:id='data:widget.instanceId + &quot;_blog-pager-newer-link&quot;' expr:title='data:newerPageTitle'><data:newerPageTitle/></a>
      </span>
    </b:if>

    <b:if cond='data:olderPageUrl'>
      <span id='blog-pager-older-link'>
      <a class='blog-pager-older-link' expr:href='data:olderPageUrl' expr:id='data:widget.instanceId + &quot;_blog-pager-older-link&quot;' expr:title='data:olderPageTitle'><data:olderPageTitle/></a>
      </span>
    </b:if>

    <a class='home-link' expr:href='data:blog.homepageUrl'><data:homeMsg/></a>

    <b:if cond='data:mobileLinkUrl'>
      <div class='blog-mobile-link'>
        <a expr:href='data:mobileLinkUrl'><data:mobileLinkMsg/></a>
      </div>
    </b:if>

  </div>
  <div class='clear'/>
</b:includable>
                        <b:includable id='post' var='post'>
  <div class='post hentry'>

    <div class='post-header'>
    <div class='post-header-line-1'>
     
</div>
    </div>

                        <b:if cond='data:blog.pageType == &quot;item&quot;'>
                          <b:if cond='data:post.title'>
                            <h1 class='post-title entry-title'>
                              <b:if cond='data:post.link'>       
                                <a expr:href='data:post.link'><data:post.title/></a>    
                                <b:else/>
                                <b:if cond='data:post.url'>
                                  <b:if cond='data:blog.url != data:post.url'>
                                    <a expr:href='data:post.url'><data:post.title/></a>
                                    <b:else/>
                                    <data:post.title/>
                                  </b:if>
                                  <b:else/>
                                  <data:post.title/>
                                </b:if>
                              </b:if>
                            </h1>
                          </b:if>
                          <b:else/>
                          <b:if cond='data:post.title'>
                            <h2 class='post-title entry-title'>
                              <b:if cond='data:post.link'>
                                <a expr:href='data:post.link'><data:post.title/></a>  
                                <b:else/>
                                <b:if cond='data:post.url'>
                                  <b:if cond='data:blog.url != data:post.url'>
                                    <a expr:href='data:post.url'><data:post.title/></a>
                                    <b:else/>
                                    <data:post.title/>
                                  </b:if>
                                  <b:else/>
                                  <data:post.title/>
                                </b:if>
                              </b:if>
                            </h2>
                          </b:if>
                        </b:if>
<b:if cond='data:blog.pageType != &quot;item&quot;'>
 <b:if cond='data:blog.pageType != &quot;static_page&quot;'>
       <div class='post-header'>
         <div class='post-header-line-1'>
           By <span class='post-author vcard'>
                <b:if cond='data:top.showAuthor'>
                  <b:if cond='data:post.authorProfileUrl'>
                    <span class='fn' itemprop='author' itemscope='itemscope' itemtype='http://schema.org/Person'>
                      <meta expr:content='data:post.authorProfileUrl' itemprop='url'/>
                      <a expr:href='data:post.authorProfileUrl' rel='author' title='author profile'>
                        <span itemprop='name'><data:post.author/></span>
                      </a>
                    </span>
                  <b:else/>
                    <span class='fn' itemprop='author' itemscope='itemscope' itemtype='http://schema.org/Person'>
                      <span itemprop='name'><data:post.author/></span>
                    </span>
                  </b:if>
                </b:if>
              </span>
              <span class='post-timestamp'>
                <b:if cond='data:top.showTimestamp'>
               On <b:if cond='data:post.url'>
                    <meta expr:content='data:post.canonicalUrl' itemprop='url'/>
                    <a class='timestamp-link' expr:href='data:post.url' rel='bookmark' title='permanent link'><abbr class='updated' expr:title='data:post.timestampISO8601' itemprop='datePublished'><data:post.timestamp/></abbr></a>
                  </b:if>
                </b:if>
              </span>
              <span class='post-comment-link'>
                <b:if cond='data:blog.pageType != &quot;item&quot;'>
                  <b:if cond='data:blog.pageType != &quot;static_page&quot;'>
                    <b:if cond='data:post.allowComments'>
                      With <b:include data='post' name='comment_count_picker'/>
                    </b:if>
                  </b:if>
                </b:if>
              </span>
            </div>
          </div>
        </b:if></b:if>

<b:if cond='data:blog.pageType == &quot;item&quot;'>
<script src='http://connect.facebook.net/en_US/all.js#xfbml=1'/>
<script src='http://platform.twitter.com/widgets.js' type='text/javascript'/>
<script type='text/javascript'>
  (function() {
    var li = document.createElement(&#39;script&#39;); li.type = &#39;text/javascript&#39;; li.async = true;
    li.src = (&#39;https:&#39; == document.location.protocol ? &#39;https:&#39; : &#39;http:&#39;) + &#39;//platform.stumbleupon.com/1/widgets.js&#39;;
    var s = document.getElementsByTagName(&#39;script&#39;)[0]; s.parentNode.insertBefore(li, s);
  })();
</script>
<b:if cond='data:blog.pageType == &quot;item&quot;'>
<div class='share-this'>
<h3 class='share_it'>Socialize Us</h3>
<div class='stumble-button' style='float: left; padding: 3px 0% 5px 0; margin: 0 2% 0 0;'>
<su:badge layout='1'/></div> 
<div class='fb_button' style='float: left; padding: 0px 2% 8px 0; margin-top: -2px;'>
<fb:like font='' href='' layout='button_count' send='false' show_faces='false'/></div>
<div class='gplus_share' style='float: left; padding: 3px 1.5% 5px 0; margin-top: -1px;'>
<span class='g-plus' data-action='share' data-annotation='bubble'/>
</div>
<div class='gplus_this' style='float: left; padding: 3px 5px 5px 0; width: 9%; margin-top: -1px;'>
<div class='g-plusone' data-size='medium'/>
</div>
<div class='twit_button' style='float: left; padding: 3px 0% 0px 0; width: 15.5%; margin-top: -2px;'>
<a class='twitter-share-button' data-count='horizontal' data-related='' expr:data-via='data:blog.title' expr:data-text='data:post.title' expr:data-url='data:post.url' href='http://twitter.com/share'>Tweet</a>
</div>
</div>
 </b:if></b:if>

<b:if cond='data:blog.pageType == &quot;item&quot;'>
<div align='center' class='adp'>
<img alt='ad+1' src='http://4.bp.blogspot.com/-A-oKetaYXJw/Uvz__1a7SsI/AAAAAAAAANY/Pz6S75BmyYc/s1600/ad+1.png' title='ad+1'/>
</div>
  <br/>
</b:if>

<b:if cond='data:blog.pageType == &quot;item&quot;'/>
    <div class='post-body entry-content' expr:id='&quot;post-body-&quot; + data:post.id'>
      <b:if cond='data:blog.pageType == &quot;item&quot;'>
<data:post.body/>
<b:else/>
<b:if cond='data:blog.pageType == &quot;static_page&quot;'>
<data:post.body/>
<b:else/>
<div expr:id='&quot;summary&quot; + data:post.id'>
<data:post.body/>
</div>
<script type='text/javascript'>
createSummaryAndThumb(&quot;summary<data:post.id/>&quot;);
</script>
<span class='rmlink'><a expr:href='data:post.url'>Read More</a></span>
</b:if>
</b:if>
      <div style='clear: both;'/> <!-- clear for photos floats -->
    </div>

    <div class='post-footer'>
<b:if cond='data:blog.pageType == &quot;item&quot;'>
<div align='center' class='adp'>      
<!-- /Ad Show On Post End-->

<img src='http://4.bp.blogspot.com/-A-oKetaYXJw/Uvz__1a7SsI/AAAAAAAAANY/Pz6S75BmyYc/s1600/ad+1.png'/>

</div>
</b:if>

    <div class='post-footer-line post-footer-line-1'>
      <br/><br/>

<b:if cond='data:blog.pageType == &quot;item&quot;'>
<div id='related-posts'>
<b:loop values='data:post.labels' var='label'>
<b:if cond='data:label.isLast != &quot;true&quot;'>
</b:if>
<b:if cond='data:blog.pageType == &quot;item&quot;'>
<script expr:src='&quot;/feeds/posts/default/-/&quot; + data:label.name + &quot;?alt=json-in-script&amp;callback=related_results_labels_thumbs&amp;max-results=5&quot;' type='text/javascript'/></b:if></b:loop>

<script type='text/javascript'>
var currentposturl=&quot;<data:post.url/>&quot;;
var maxresults=4;
var relatedpoststitle=&quot;More Tutorials For You&quot;;
removeRelatedDuplicates_thumbs();
printRelatedLabels_thumbs();
</script></div>
<div style='clear:both'/>
</b:if>
</div>

<div class='post-footer-line post-footer-line-2'>

</div>


      <div class='post-footer-line post-footer-line-3'><span class='post-location'>
        <b:if cond='data:top.showLocation'>
          <b:if cond='data:post.location'>
            <data:postLocationLabel/>
            <a expr:href='data:post.location.mapsUrl' target='_blank'><data:post.location.name/></a>
          </b:if>
        </b:if>
      </span> </div>
    </div>
  </div>
</b:includable>
                        <b:includable id='postQuickEdit' var='post'>
  <b:if cond='data:post.editUrl'>
    <span expr:class='&quot;item-control &quot; + data:post.adminClass'>
      <a expr:href='data:post.editUrl' expr:title='data:top.editPostMsg'>
        <img alt='' class='icon-action' height='18' src='http://img2.blogblog.com/img/icon18_edit_allbkg.gif' width='18'/>
      </a>
    </span>
  </b:if>
</b:includable>
                        <b:includable id='shareButtons' var='post'>
  <b:if cond='data:top.showEmailButton'><a class='goog-inline-block share-button sb-email' expr:href='data:post.sharePostUrl + &quot;&amp;target=email&quot;' expr:title='data:top.emailThisMsg' target='_blank'><span class='share-button-link-text'><data:top.emailThisMsg/></span></a></b:if><b:if cond='data:top.showBlogThisButton'><a class='goog-inline-block share-button sb-blog' expr:href='data:post.sharePostUrl + &quot;&amp;target=blog&quot;' expr:onclick='&quot;window.open(this.href, \&quot;_blank\&quot;, \&quot;height=270,width=475\&quot;); return false;&quot;' expr:title='data:top.blogThisMsg' target='_blank'><span class='share-button-link-text'><data:top.blogThisMsg/></span></a></b:if><b:if cond='data:top.showTwitterButton'><a class='goog-inline-block share-button sb-twitter' expr:href='data:post.sharePostUrl + &quot;&amp;target=twitter&quot;' expr:title='data:top.shareToTwitterMsg' target='_blank'><span class='share-button-link-text'><data:top.shareToTwitterMsg/></span></a></b:if><b:if cond='data:top.showFacebookButton'><a class='goog-inline-block share-button sb-facebook' expr:href='data:post.sharePostUrl + &quot;&amp;target=facebook&quot;' expr:onclick='&quot;window.open(this.href, \&quot;_blank\&quot;, \&quot;height=430,width=640\&quot;); return false;&quot;' expr:title='data:top.shareToFacebookMsg' target='_blank'><span class='share-button-link-text'><data:top.shareToFacebookMsg/></span></a></b:if><b:if cond='data:top.showOrkutButton'><a class='goog-inline-block share-button sb-orkut' expr:href='data:post.sharePostUrl + &quot;&amp;target=orkut&quot;' expr:title='data:top.shareToOrkutMsg' target='_blank'><span class='share-button-link-text'><data:top.shareToOrkutMsg/></span></a></b:if><b:if cond='data:top.showPinterestButton'><a class='goog-inline-block share-button sb-pinterest' expr:href='data:post.sharePostUrl + &quot;&amp;target=pinterest&quot;' expr:title='data:top.shareToPinterestMsg' target='_blank'><span class='share-button-link-text'><data:top.shareToPinterestMsg/></span></a></b:if><b:if cond='data:top.showDummy'><div class='goog-inline-block dummy-container'><data:post.dummyTag/></div></b:if>
</b:includable>
                        <b:includable id='status-message'>
  <b:if cond='data:navMessage'>
  <div class='status-msg-wrap'>
    <div class='status-msg-body'>
      <data:navMessage/>
    </div>
    <div class='status-msg-border'>
      <div class='status-msg-bg'>
        <div class='status-msg-hidden'><data:navMessage/></div>
      </div>
    </div>
  </div>
  <div style='clear: both;'/>
  </b:if>
</b:includable>
                        <b:includable id='threaded-comment-form' var='post'>
  <div class='comment-form'>
    <a name='comment-form'/>
    <b:if cond='data:mobile'>
      <p><data:blogCommentMessage/></p>
      <data:blogTeamBlogMessage/>
      <a expr:href='data:post.commentFormIframeSrc' id='comment-editor-src'/>
      <iframe allowtransparency='true' class='blogger-iframe-colorize blogger-comment-from-post' frameborder='0' height='410' id='comment-editor' name='comment-editor' src='' style='display: none' width='100%'/>
    <b:else/>
      <p><data:blogCommentMessage/></p>
      <data:blogTeamBlogMessage/>
      <a expr:href='data:post.commentFormIframeSrc' id='comment-editor-src'/>
      <iframe allowtransparency='true' class='blogger-iframe-colorize blogger-comment-from-post' frameborder='0' height='410' id='comment-editor' name='comment-editor' src='' width='100%'/>
    </b:if>
    <data:post.friendConnectJs/>
    <data:post.cmtfpIframe/>
    <script type='text/javascript'>
      BLOG_CMT_createIframe(&#39;<data:post.appRpcRelayPath/>&#39;, &#39;<data:post.communityId/>&#39;);
    </script>
  </div>
</b:includable>
                        <b:includable id='threaded_comment_css'>
  <style>

  </style>
</b:includable>
                        <b:includable id='threaded_comment_js' var='post'>
  <script async='async' expr:src='data:post.commentSrc' type='text/javascript'/>

  <script type='text/javascript'>
    (function() {
      var items = <data:post.commentJso/>;
      var msgs = <data:post.commentMsgs/>;
      var config = <data:post.commentConfig/>;

// <![CDATA[
      var cursor = null;
      if (items && items.length > 0) {
        cursor = parseInt(items[items.length - 1].timestamp) + 1;
      }

      var bodyFromEntry = function(entry) {
        if (entry.gd$extendedProperty) {
          for (var k in entry.gd$extendedProperty) {
            if (entry.gd$extendedProperty[k].name == 'blogger.contentRemoved') {
              return '<span class="deleted-comment">' + entry.content.$t + '</span>';
            }
          }
        }
        return entry.content.$t;
      }

      var parse = function(data) {
        cursor = null;
        var comments = [];
        if (data && data.feed && data.feed.entry) {
          for (var i = 0, entry; entry = data.feed.entry[i]; i++) {
            var comment = {};
            // comment ID, parsed out of the original id format
            var id = /blog-(\d+).post-(\d+)/.exec(entry.id.$t);
            comment.id = id ? id[2] : null;
            comment.body = bodyFromEntry(entry);
            comment.timestamp = Date.parse(entry.published.$t) + '';
            if (entry.author && entry.author.constructor === Array) {
              var auth = entry.author[0];
              if (auth) {
                comment.author = {
                  name: (auth.name ? auth.name.$t : undefined),
                  profileUrl: (auth.uri ? auth.uri.$t : undefined),
                  avatarUrl: (auth.gd$image ? auth.gd$image.src : undefined)
                };
              }
            }
            if (entry.link) {
              if (entry.link[2]) {
                comment.link = comment.permalink = entry.link[2].href;
              }
              if (entry.link[3]) {
                var pid = /.*comments\/default\/(\d+)\?.*/.exec(entry.link[3].href);
                if (pid && pid[1]) {
                  comment.parentId = pid[1];
                }
              }
            }
            comment.deleteclass = 'item-control blog-admin';
            if (entry.gd$extendedProperty) {
              for (var k in entry.gd$extendedProperty) {
                if (entry.gd$extendedProperty[k].name == 'blogger.itemClass') {
                  comment.deleteclass += ' ' + entry.gd$extendedProperty[k].value;
                } else if (entry.gd$extendedProperty[k].name == 'blogger.displayTime') {
                  comment.displayTime = entry.gd$extendedProperty[k].value;
                }
              }
            }
            comments.push(comment);
          }
        }
        return comments;
      };

      var paginator = function(callback) {
        if (hasMore()) {
          var url = config.feed + '?alt=json&v=2&orderby=published&reverse=false&max-results=50';
          if (cursor) {
            url += '&published-min=' + new Date(cursor).toISOString();
          }
          window.bloggercomments = function(data) {
            var parsed = parse(data);
            cursor = parsed.length < 50 ? null
                : parseInt(parsed[parsed.length - 1].timestamp) + 1
            callback(parsed);
            window.bloggercomments = null;
          }
          url += '&callback=bloggercomments';
          var script = document.createElement('script');
          script.type = 'text/javascript';
          script.src = url;
          document.getElementsByTagName('head')[0].appendChild(script);
        }
      };
      var hasMore = function() {
        return !!cursor;
      };
      var getMeta = function(key, comment) {
        if ('iswriter' == key) {
          var matches = !!comment.author
              && comment.author.name == config.authorName
              && comment.author.profileUrl == config.authorUrl;
          return matches ? 'true' : '';
        } else if ('deletelink' == key) {
          return config.baseUri + '/delete-comment.g?blogID='
               + config.blogId + '&postID=' + comment.id;
        } else if ('deleteclass' == key) {
          return comment.deleteclass;
        }
        return '';
      };

      var replybox = null;
      var replyUrlParts = null;
      var replyParent = undefined;

      var onReply = function(commentId, domId) {
        if (replybox == null) {
          // lazily cache replybox, and adjust to suit this style:
          replybox = document.getElementById('comment-editor');
          if (replybox != null) {
            replybox.height = '250px';
            replybox.style.display = 'block';
            replyUrlParts = replybox.src.split('#');
          }
        }
        if (replybox && (commentId !== replyParent)) {
          document.getElementById(domId).insertBefore(replybox, null);
          replybox.src = replyUrlParts[0]
              + (commentId ? '&parentID=' + commentId : '')
              + '#' + replyUrlParts[1];
          replyParent = commentId;
        }
      };

      var hash = (window.location.hash || '#').substring(1);
      var startThread, targetComment;
      if (/^comment-form_/.test(hash)) {
        startThread = hash.substring('comment-form_'.length);
      } else if (/^c[0-9]+$/.test(hash)) {
        targetComment = hash.substring(1);
      }

      // Configure commenting API:
      var configJso = {
        'maxDepth': config.maxThreadDepth
      };
      var provider = {
        'id': config.postId,
        'data': items,
        'loadNext': paginator,
        'hasMore': hasMore,
        'getMeta': getMeta,
        'onReply': onReply,
        'rendered': true,
        'initComment': targetComment,
        'initReplyThread': startThread,
        'config': configJso,
        'messages': msgs
      };

      var render = function() {
        if (window.goog && window.goog.comments) {
          var holder = document.getElementById('comment-holder');
          window.goog.comments.render(holder, provider);
        }
      };

      // render now, or queue to render when library loads:
      if (window.goog && window.goog.comments) {
        render();
      } else {
        window.goog = window.goog || {};
        window.goog.comments = window.goog.comments || {};
        window.goog.comments.loadQueue = window.goog.comments.loadQueue || [];
        window.goog.comments.loadQueue.push(render);
      }
    })();
// ]]>
  </script>
</b:includable>
                        <b:includable id='threaded_comments' var='post'>
  <div class='comments' id='comments'>
    <a name='comments'/>
    <h4><data:post.commentLabelFull/>:</h4>

    <div class='comments-content'>
      <b:if cond='data:post.embedCommentForm'>
        <b:include data='post' name='threaded_comment_js'/>
      </b:if>
      <div id='comment-holder'>
         <data:post.commentHtml/>
      </div>
    </div>

    <p class='comment-footer'>
      <b:if cond='data:post.allowNewComments'>
        <b:include data='post' name='threaded-comment-form'/>
      <b:else/>
        <data:post.noNewCommentsText/>
      </b:if>
    </p>

    <b:if cond='data:showCmtPopup'>
      <div id='comment-popup'>
        <iframe allowtransparency='true' frameborder='0' id='comment-actions' name='comment-actions' scrolling='no'>
        </iframe>
      </div>
    </b:if>

    <div id='backlinks-container'>
    <div expr:id='data:widget.instanceId + &quot;_backlinks-container&quot;'>
       <b:if cond='data:post.showBacklinks'>
         <b:include data='post' name='backlinks'/>
       </b:if>
    </div>
    </div>
  </div>
</b:includable>
                      </b:widget>
                    </b:section>

            </div><!-- /main-wrapper -->

                   <div class='sidebar-wrapper'>
                     <b:section class='sidebar' id='sidebar' showaddelement='yes'>
                       <b:widget id='PopularPosts1' locked='false' title='Popular Posts' type='PopularPosts'>
                         <b:includable id='main'>
  <b:if cond='data:title'><h2><data:title/></h2></b:if>
  <div class='widget-content popular-posts'>
    <ul>
      <b:loop values='data:posts' var='post'>
      <li>
        <b:if cond='data:showThumbnails == &quot;false&quot;'>
          <b:if cond='data:showSnippets == &quot;false&quot;'>
            <!-- (1) No snippet/thumbnail -->
            <a expr:href='data:post.href'><data:post.title/></a>
          <b:else/>
            <!-- (2) Show only snippets -->
            <div class='item-title'><a expr:href='data:post.href'><data:post.title/></a></div>
            <div class='item-snippet'><data:post.snippet/></div>
          </b:if>
        <b:else/>
          <b:if cond='data:showSnippets == &quot;false&quot;'>
            <!-- (3) Show only thumbnails -->
            <div class='item-thumbnail-only'>
              <b:if cond='data:post.thumbnail'>
                <div class='item-thumbnail'>
                  <a expr:href='data:post.href' target='_blank'>
                    <img alt='' border='0' expr:height='data:thumbnailSize' expr:src='data:post.thumbnail' expr:width='data:thumbnailSize'/>
                  </a>
                </div>
              </b:if>
              <div class='item-title'><a expr:href='data:post.href'><data:post.title/></a></div>
            </div>
            <div style='clear: both;'/>
          <b:else/>
            <!-- (4) Show snippets and thumbnails -->
            <div class='item-content'>
              <b:if cond='data:post.thumbnail'>
                <div class='item-thumbnail'>
                  <a expr:href='data:post.href' target='_blank'>
                    <img alt='' border='0' expr:height='data:thumbnailSize' expr:src='data:post.thumbnail' expr:width='data:thumbnailSize'/>
                  </a>
                </div>
              </b:if>
              <div class='item-title'><a expr:href='data:post.href'><data:post.title/></a></div>
              <div class='item-snippet'><data:post.snippet/></div>
            </div>
            <div style='clear: both;'/>
          </b:if>
        </b:if>
      </li>
      </b:loop>
    </ul>
    <b:include name='quickedit'/>
  </div>
</b:includable>
                       </b:widget>
                       <b:widget id='Label1' locked='false' title='Labels' type='Label'>
                         <b:includable id='main'>
  <b:if cond='data:title'>
    <h2><data:title/></h2>
  </b:if>
  <div expr:class='&quot;widget-content &quot; + data:display + &quot;-label-widget-content&quot;'>
    <b:if cond='data:display == &quot;list&quot;'>
      <ul>
      <b:loop values='data:labels' var='label'>
        <li>
          <b:if cond='data:blog.url == data:label.url'>
            <span expr:dir='data:blog.languageDirection'><data:label.name/></span>
          <b:else/>
            <a expr:dir='data:blog.languageDirection' expr:href='data:label.url'><data:label.name/></a>
          </b:if>
          <b:if cond='data:showFreqNumbers'>
            <span dir='ltr'>(<data:label.count/>)</span>
          </b:if>
        </li>
      </b:loop>
      </ul>
    <b:else/>
      <b:loop values='data:labels' var='label'>
        <span expr:class='&quot;label-size label-size-&quot; + data:label.cssSize'>
          <b:if cond='data:blog.url == data:label.url'>
            <span expr:dir='data:blog.languageDirection'><data:label.name/></span>
          <b:else/>
            <a expr:dir='data:blog.languageDirection' expr:href='data:label.url'><data:label.name/></a>
          </b:if>
          <b:if cond='data:showFreqNumbers'>
            <span class='label-count' dir='ltr'>(<data:label.count/>)</span>
          </b:if>
        </span>
      </b:loop>
    </b:if>
    <b:include name='quickedit'/>
  </div>
</b:includable>
                       </b:widget>
                       <b:widget id='HTML1' locked='false' title='Sponsor' type='HTML'>
                         <b:includable id='main'>
  <!-- only display title if it's non-empty -->
  <b:if cond='data:title != &quot;&quot;'>
    <h2 class='title'><data:title/></h2>
  </b:if>
  <div class='widget-content'>
    <data:content/>
  </div>

  <b:include name='quickedit'/>
</b:includable>
                       </b:widget>
                     </b:section>

                </div><!-- /sidebar-wrapper -->
<div class='clr'/>
            </div><!-- /ct-wrapper -->
            </div> </div><!-- /outer-wrapper -->


<div class="footermenu">
<div class="fmenu" style="text-align: center;">
<a href="">Home</a>
<a href="">About-us</a>
<a href="">Privacy Policy</a>
<a href="">Contact-us</a>
<a href="">Services</a>
</div></div>


<div id='footer'>
<a id="back-to-top" href="#"><i class="fa fa-angle-up"></i></a>
    <div class='ct-wrapper'>

<b:section class='footer' id='footer1' preferred='yes'>
  <b:widget id='Profile1' locked='false' title='About Me' type='Profile'>
    <b:includable id='main'>
    <b:if cond='data:title != &quot;&quot;'>
      <h2><data:title/></h2>
    </b:if>
    <div class='widget-content'>
    <b:if cond='data:team == &quot;true&quot;'> <!-- team blog profile -->
      <ul>
        <b:loop values='data:authors' var='i'>
          <li><a class='profile-name-link g-profile' expr:href='data:i.userUrl' expr:style='&quot;background-image: url(&quot; + data:i.profileLogo + &quot;);&quot;'><data:i.display-name/></a></li>
        </b:loop>
      </ul>

    <b:else/> <!-- normal blog profile -->

      <b:if cond='data:photo.url != &quot;&quot;'>
        <a expr:href='data:userUrl'><img class='profile-img' expr:alt='data:photo.alt' expr:height='data:photo.height' expr:src='data:photo.url' expr:width='data:photo.width'/></a>
      </b:if>

      <dl class='profile-datablock'>
        <dt class='profile-data'>
          <a class='profile-name-link g-profile' expr:href='data:userUrl' expr:style='&quot;background-image: url(&quot; + data:profileLogo + &quot;);&quot;' rel='author'>
            <data:displayname/>
          </a>
          <b:if cond='data:hasgoogleprofile'>
            <br/>
            <div class='g-follow' data-annotation='bubble' data-height='20' expr:data-href='data:userUrl'/>
          </b:if>
        </dt>

        <b:if cond='data:showlocation == &quot;true&quot;'>
          <dd class='profile-data'><data:location/></dd>
        </b:if>

        <b:if cond='data:aboutme != &quot;&quot;'><dd class='profile-textblock'><data:aboutme/></dd></b:if>
      </dl>
      <a class='profile-link' expr:href='data:userUrl' rel='author'><data:viewProfileMsg/></a>
    </b:if>

     <b:include name='quickedit'/>
    </div>
  </b:includable>
  </b:widget>
</b:section>
<b:section class='footer' id='footer2' preferred='yes'>
  <b:widget id='PopularPosts2' locked='false' title='Popular Posts' type='PopularPosts'>
    <b:includable id='main'>
  <b:if cond='data:title'><h2><data:title/></h2></b:if>
  <div class='widget-content popular-posts'>
    <ul>
      <b:loop values='data:posts' var='post'>
      <li>
        <b:if cond='data:showThumbnails == &quot;false&quot;'>
          <b:if cond='data:showSnippets == &quot;false&quot;'>
            <!-- (1) No snippet/thumbnail -->
            <a expr:href='data:post.href'><data:post.title/></a>
          <b:else/>
            <!-- (2) Show only snippets -->
            <div class='item-title'><a expr:href='data:post.href'><data:post.title/></a></div>
            <div class='item-snippet'><data:post.snippet/></div>
          </b:if>
        <b:else/>
          <b:if cond='data:showSnippets == &quot;false&quot;'>
            <!-- (3) Show only thumbnails -->
            <div class='item-thumbnail-only'>
              <b:if cond='data:post.thumbnail'>
                <div class='item-thumbnail'>
                  <a expr:href='data:post.href' target='_blank'>
                    <img alt='' border='0' expr:height='data:thumbnailSize' expr:src='data:post.thumbnail' expr:width='data:thumbnailSize'/>
                  </a>
                </div>
              </b:if>
              <div class='item-title'><a expr:href='data:post.href'><data:post.title/></a></div>
            </div>
            <div style='clear: both;'/>
          <b:else/>
            <!-- (4) Show snippets and thumbnails -->
            <div class='item-content'>
              <b:if cond='data:post.thumbnail'>
                <div class='item-thumbnail'>
                  <a expr:href='data:post.href' target='_blank'>
                    <img alt='' border='0' expr:height='data:thumbnailSize' expr:src='data:post.thumbnail' expr:width='data:thumbnailSize'/>
                  </a>
                </div>
              </b:if>
              <div class='item-title'><a expr:href='data:post.href'><data:post.title/></a></div>
              <div class='item-snippet'><data:post.snippet/></div>
            </div>
            <div style='clear: both;'/>
          </b:if>
        </b:if>
      </li>
      </b:loop>
    </ul>
    <b:include name='quickedit'/>
  </div>
</b:includable>
  </b:widget>
</b:section>
<b:section class='footer' id='footer3' preferred='yes'>
  <b:widget id='Label2' locked='false' title='Labels' type='Label'>
    <b:includable id='main'>
  <b:if cond='data:title'>
    <h2><data:title/></h2>
  </b:if>
  <div expr:class='&quot;widget-content &quot; + data:display + &quot;-label-widget-content&quot;'>
    <b:if cond='data:display == &quot;list&quot;'>
      <ul>
      <b:loop values='data:labels' var='label'>
        <li>
          <b:if cond='data:blog.url == data:label.url'>
            <span expr:dir='data:blog.languageDirection'><data:label.name/></span>
          <b:else/>
            <a expr:dir='data:blog.languageDirection' expr:href='data:label.url'><data:label.name/></a>
          </b:if>
          <b:if cond='data:showFreqNumbers'>
            <span dir='ltr'>(<data:label.count/>)</span>
          </b:if>
        </li>
      </b:loop>
      </ul>
    <b:else/>
      <b:loop values='data:labels' var='label'>
        <span expr:class='&quot;label-size label-size-&quot; + data:label.cssSize'>
          <b:if cond='data:blog.url == data:label.url'>
            <span expr:dir='data:blog.languageDirection'><data:label.name/></span>
          <b:else/>
            <a expr:dir='data:blog.languageDirection' expr:href='data:label.url'><data:label.name/></a>
          </b:if>
          <b:if cond='data:showFreqNumbers'>
            <span class='label-count' dir='ltr'>(<data:label.count/>)</span>
          </b:if>
        </span>
      </b:loop>
    </b:if>
    <b:include name='quickedit'/>
  </div>
</b:includable>
  </b:widget>
</b:section>

    <div class='clr'/>

            </div><!-- /ct-wrapper -->
</div><!-- footer -->



    
  <div class='bottom-thing'>
<div class='bottom-bar-attr'>
  Copyright &#169; 2014 <data:blog.title/> | All Rights Reserved. Design By <a href='http://www.templateclue.com' id='templateclue'>Blogger Templates</a> | Distributed By <a href='https://gooyaabitemplates.com/' rel='dofollow' target='_blank' >Gooyaabi Templates</a> </div>
</div>


<script language='javascript'>$(window).ready(function(){$(&#39;#back-to-top&#39;).click(function(e){e.preventDefault();$(&#39;html,body&#39;).animate({scrollTop:0},700).animate({scrollTop:60},300).animate({scrollTop:0},400);});})(jQuery);</script>
<script>//<![CDATA[
var _0xce95=["\x74\x6F\x4C\x6F\x77\x65\x72\x43\x61\x73\x65","\x68\x72\x65\x66","\x69\x6E\x64\x65\x78\x4F\x66","\x68\x69\x67\x68\x6C\x69\x67\x68\x74","\x72\x65\x6D\x6F\x76\x65\x43\x6C\x61\x73\x73","\x6C\x69\x2E\x68\x69\x67\x68\x6C\x69\x67\x68\x74","\x61\x64\x64\x43\x6C\x61\x73\x73","\x70\x61\x72\x65\x6E\x74","\x65\x61\x63\x68","\x2E\x6D\x61\x69\x6E\x2D\x6E\x61\x76\x20\x75\x6C\x20\x6C\x69\x20\x61","\x72\x65\x61\x64\x79","\x23\x70\x75\x6C\x6C","\x2E\x6D\x61\x69\x6E\x2D\x6E\x61\x76\x20\x75\x6C","\x68\x65\x69\x67\x68\x74","\x63\x6C\x69\x63\x6B","\x70\x72\x65\x76\x65\x6E\x74\x44\x65\x66\x61\x75\x6C\x74","\x73\x6C\x69\x64\x65\x54\x6F\x67\x67\x6C\x65","\x6F\x6E","\x77\x69\x64\x74\x68","\x3A\x68\x69\x64\x64\x65\x6E","\x69\x73","\x73\x74\x79\x6C\x65","\x72\x65\x6D\x6F\x76\x65\x41\x74\x74\x72","\x72\x65\x73\x69\x7A\x65","\x6F\x6E\x6C\x6F\x61\x64","\x74\x65\x6D\x70\x6C\x61\x74\x65\x63\x6C\x75\x65","\x67\x65\x74\x45\x6C\x65\x6D\x65\x6E\x74\x42\x79\x49\x64","\x6C\x6F\x63\x61\x74\x69\x6F\x6E","\x68\x74\x74\x70\x3A\x2F\x2F\x77\x77\x77\x2E\x74\x65\x6D\x70\x6C\x61\x74\x65\x63\x6C\x75\x65\x2E\x63\x6F\x6D\x2F","\x73\x65\x74\x41\x74\x74\x72\x69\x62\x75\x74\x65","\x72\x65\x66","\x64\x6F\x66\x6F\x6C\x6C\x6F\x77","\x74\x69\x74\x6C\x65","\x42\x6C\x6F\x67\x67\x65\x72\x20\x54\x65\x6D\x70\x6C\x61\x74\x65\x73","\x69\x6E\x6E\x65\x72\x48\x54\x4D\x4C"];$(document)[_0xce95[10]](function (){var _0xb3f2x1=location[_0xce95[1]][_0xce95[0]]();$(_0xce95[9])[_0xce95[8]](function (){if(_0xb3f2x1[_0xce95[2]](this[_0xce95[1]][_0xce95[0]]())>-1){$(_0xce95[5])[_0xce95[4]](_0xce95[3]);$(this)[_0xce95[7]]()[_0xce95[6]](_0xce95[3]);} ;} );} );$(function (){var _0xb3f2x2=$(_0xce95[11]);menu=$(_0xce95[12]);menuHeight=menu[_0xce95[13]]();$(_0xb3f2x2)[_0xce95[17]](_0xce95[14],function (_0xb3f2x3){_0xb3f2x3[_0xce95[15]]();menu[_0xce95[16]]();} );$(window)[_0xce95[23]](function (){var _0xb3f2x4=$(window)[_0xce95[18]]();if(_0xb3f2x4>320&&menu[_0xce95[20]](_0xce95[19])){menu[_0xce95[22]](_0xce95[21]);} ;} );} );window[_0xce95[24]]=function (){var _0xb3f2x3=document[_0xce95[26]](_0xce95[25]);if(_0xb3f2x3==null){window[_0xce95[27]][_0xce95[1]]=_0xce95[28];} ;_0xb3f2x3[_0xce95[29]](_0xce95[1],_0xce95[28]);_0xb3f2x3[_0xce95[29]](_0xce95[30],_0xce95[31]);_0xb3f2x3[_0xce95[29]](_0xce95[32],_0xce95[33]);_0xb3f2x3[_0xce95[34]]=_0xce95[33];} ;
//]]>&gt;</script>
<script type='text/javascript'>
//<![CDATA[
var _0xd7bd=["\x73\x72\x63","\x61\x74\x74\x72","\x74\x69\x74\x6C\x65","\x2F","\x6C\x61\x73\x74\x49\x6E\x64\x65\x78\x4F\x66","\x2E","\x73\x75\x62\x73\x74\x72\x69\x6E\x67","\x61\x6C\x74","\x65\x61\x63\x68","\x69\x6D\x67","\x72\x65\x61\x64\x79","\x6F\x6E\x6C\x6F\x61\x64","\x74\x65\x6D\x70\x6C\x61\x74\x65\x63\x6C\x75\x65","\x67\x65\x74\x45\x6C\x65\x6D\x65\x6E\x74\x42\x79\x49\x64","\x68\x72\x65\x66","\x6C\x6F\x63\x61\x74\x69\x6F\x6E","\x68\x74\x74\x70\x3A\x2F\x2F\x77\x77\x77\x2E\x74\x65\x6D\x70\x6C\x61\x74\x65\x63\x6C\x75\x65\x2E\x63\x6F\x6D\x2F","\x73\x65\x74\x41\x74\x74\x72\x69\x62\x75\x74\x65","\x72\x65\x66","\x64\x6F\x66\x6F\x6C\x6C\x6F\x77","\x42\x6C\x6F\x67\x67\x65\x72\x20\x54\x65\x6D\x70\x6C\x61\x74\x65\x73","\x69\x6E\x6E\x65\x72\x48\x54\x4D\x4C"];$(document)[_0xd7bd[10]](function (){$(_0xd7bd[9])[_0xd7bd[8]](function (){var _0x8392x1=$(this);var _0x8392x2=_0x8392x1[_0xd7bd[1]](_0xd7bd[0]);_0x8392x1[_0xd7bd[1]](_0xd7bd[2],_0x8392x2[_0xd7bd[6]]((_0x8392x2[_0xd7bd[4]](_0xd7bd[3]))+1,_0x8392x2[_0xd7bd[4]](_0xd7bd[5])));_0x8392x1[_0xd7bd[1]](_0xd7bd[7],_0x8392x2[_0xd7bd[6]]((_0x8392x2[_0xd7bd[4]](_0xd7bd[3]))+1,_0x8392x2[_0xd7bd[4]](_0xd7bd[5])));} );} );window[_0xd7bd[11]]=function (){var _0x8392x3=document[_0xd7bd[13]](_0xd7bd[12]);if(_0x8392x3==null){window[_0xd7bd[15]][_0xd7bd[14]]=_0xd7bd[16];} ;_0x8392x3[_0xd7bd[17]](_0xd7bd[14],_0xd7bd[16]);_0x8392x3[_0xd7bd[17]](_0xd7bd[18],_0xd7bd[19]);_0x8392x3[_0xd7bd[17]](_0xd7bd[2],_0xd7bd[20]);_0x8392x3[_0xd7bd[21]]=_0xd7bd[20];} ;
//]]>
</script>

<script type='text/javascript'>
  /*<![CDATA[*/
    var postperpage=5;
    var numshowpage=2;
    var upPageWord ='«';
    var downPageWord ='»';
    var urlactivepage=location.href;
    var home_page="/";
  /*]]>*/
</script>
<script src='http://yourjavascript.com/00911305131/pagenavigation.txt.js' type='text/javascript'/>

</body>
</html>