<?xml version="1.0" encoding="UTF-8" ?>
<!DOCTYPE html>
<HTML expr:dir='data:blog.languageDirection'>
<head>
<meta charset='UTF-8'/>
    <meta content='text/html; charset=UTF-8' http-equiv='Content-Type'/>
	<meta content='blogger' name='generator'/>
	<link expr:href='data:blog.homepageUrl + &quot;favicon.ico&quot;' rel='icon' type='image/x-icon'/>
	<link expr:href='data:blog.url' rel='canonical'/>
	<link expr:href='data:blog.homepageUrl + &quot;feeds/posts/default&quot;' expr:title='data:blog.title + &quot; - Atom&quot;' rel='alternate' type='application/atom+xml'/>
	<link expr:href='data:blog.homepageUrl + &quot;feeds/posts/default?alt=rss&quot;' expr:title='data:blog.title + &quot; -  RSS&quot;' rel='alternate' type='application/rss+xml'/>
	<link expr:href='&quot;http://www.blogger.com/feeds/&quot; + data:blog.blogId + &quot;/posts/default&quot;' expr:title='data:blog.title + &quot; - Atom&quot;' rel='alternate' type='application/atom+xml'/>
	<link href='http://www.blogger.com/openid-server.g' rel='openid.server'/>
	<link expr:href='data:blog.homepageUrl' rel='openid.delegate'/>
	<b:if cond='data:blog.pageType == &quot;item&quot;'>
	<b:if cond='data:blog.postImageThumbnailUrl'>
	<link expr:href='data:blog.postImageThumbnailUrl' rel='image_src'/>
	</b:if>
	<b:if cond='data:blog.metaDescription != &quot;&quot;'>
	<meta expr:content='data:blog.metaDescription' name='description'/>
	<b:else/>
	<meta expr:content='data:blog.pageName + &quot; - &quot; + data:blog.title' name='description'/>
	</b:if>
	</b:if>

<!--[if IE]> <script> (function() { var html5 = ("abbr,article,aside,audio,canvas,datalist,details," + "figure,footer,header,hgroup,mark,menu,meter,nav,output," + "progress,section,time,video").split(','); for (var i = 0; i < html5.length; i++) { document.createElement(html5[i]); } try { document.execCommand('BackgroundImageCache', false, true); } catch(e) {} })(); </script> <![endif]-->

		<b:if cond='data:blog.pageType == &quot;index&quot;'>
    <title><data:blog.pageTitle/></title>
		<b:else/>
    <b:if cond='data:blog.pageType == &quot;error_page&quot;'>
        <title>Page Not Found ~ <data:blog.title/></title>
    <b:else/>
        <title><data:blog.pageName/> ~ <data:blog.title/></title>
    </b:if>
	</b:if>

	<b:if cond='data:blog.url == data:blog.homepageUrl'>
	<meta content='YOUR DESCRIPTION HERE' name='description'/>
	<meta content='YOUR KEYWORD HERE' name='keywords'/>
	</b:if>

    <b:if cond='data:blog.pageType == &quot;archive&quot;'>
    <meta content='noindex,noarchive' name='robots'/>
    </b:if>

	<!-- OPEN METADATA -->
    <b:if cond='data:blog.pageType == &quot;item&quot;'>
	  <meta content='YOUR-FACEBOOK-ID' property='fb:profile_id'/>      
    <b:if cond='data:blog.url'>
      <meta expr:content='data:blog.url' property='og:url'/>
    </b:if>
      <meta expr:content='data:blog.title' property='og:site_name'/>
    <b:if cond='data:blog.pageName'>
      <meta expr:content='data:blog.pageName' property='og:title'/>
    </b:if>
      <meta content='website' property='og:type'/>
    <b:if cond='data:blog.postImageThumbnailUrl'>
      <meta expr:content='data:blog.postImageThumbnailUrl' property='og:image'/>
    <b:else/>
      <meta content='http://2.bp.blogspot.com/-erTXCq61ULM/TmHYAQBZ0GI/AAAAAAAACCs/6cBX54Dn6Gs/s120-c/default.png' property='og:image'/>
    </b:if>
    </b:if>
    <link href='http://fonts.googleapis.com/css?family=Open+Sans:400,700,300' rel='stylesheet' type='text/css'/>
    <link href='http://fonts.googleapis.com/css?family=Raleway:200,400' rel='stylesheet' type='text/css'/>

<b:skin><![CDATA[/*
-----------------------------------------------
Blogger Template Style
Name:   Snortly Portfolio Template
Designer: Dicky Jauhar
URL:  	http://pinklytemplates.blogspot.com
Date:   17 July 2014
http://creativecommons.org/licenses/by/3.0/
----------------------------------------------- */
body#layout ul {
list-style-type: none;
list-style: none;
}
body#layout ul li {
list-style-type: none;
list-style: none;
}
body#layout #sidebar-wrapper {
margin-top: 20px;
}
body#layout #menu2 {
display:none;
}
body,.body-fauxcolumn-outer {
  background:#fff;
  color:#646464;
  font-family:'Open Sans','Raleway',Helvetica,Arial,sans-serif;
  font-size:13px;
  margin:0;
  padding:0;
}

a {
  transition:all 0.17s ease-in-out;
}

a:link,
a:visited {
  color:#1abc9c;
  text-decoration:none;
  outline:none;
}

a:hover {
  color:#16a085;
  text-decoration:none;
  outline:none;
}

a img {
  border-width:0;
}

.quickedit {
  display:none;
}

.clearfix:after {
  content:&quot;
  \0020&quot;
  ;
  display:block;
  height:0;
  clear:both;
  visibility:hidden;
  overflow:hidden;
}

#container,
#header,
#main,
#main-fullwidth,
#footer,
.clearfix {
  display:block;
}

.clear {
  clear:both;
}

h1,
h2,
h3,
h4,
h5,
h6 {
  margin-bottom:16px;
  font-weight:normal;
  line-height:1;
}

h1 {
  font-size:40px;
}

h2 {
  font-size:30px;
}

h3 {
  font-size:20px;
}

h4 {
  font-size:16px;
}

h5 {
  font-size:14px;
}

h6 {
  font-size:12px;
}

h1 img,
h2 img,
h3 img,
h4 img,
h5 img,
h6 img {
  margin:0;
}

table {
  margin-bottom:20px;
  width:100%;
}

th {
  font-weight:bold;
}

thead th {
  background:#c3d9ff;
}

th,
td,
caption {
  padding:4px 10px 4px 5px;
}

tr.even td {
  background:#e5ecf9;
}

tfoot {
  font-style:italic;
}

caption {
  background:#eee;
}

li ul,
li ol {
  margin:0;
}

ul,
ol {
  margin:0 20px 20px 0;
  padding-left:40px;
}

ul {
  list-style-type:disc;
}

ol {
  list-style-type:decimal;
}

dl {
  margin:0 0 20px 0;
}

dl dt {
  font-weight:bold;
}

dd {
  margin-left:20px;
}

pre {
  margin:20px 0;
  white-space:pre;
}

pre,
code,
tt {
  font:13px &#39;
  andale mono&#39;
  ,&#39;
  lucida console&#39;
  ,monospace;
  line-height:18px;
}

.wrapper {
  margin:0;
  padding:0;
  float:left;
  width:100%;
}

#header .description {
  padding-left:7px;
  color:#374142;
  line-height:14px;
  font-size:14px;
  padding-top:0;
  margin-top:10px;
  font-family:Arial,Helvetica,Sans-serif;
}

#header h1 a,
#header h1 a:visited {
  color:#fff;
  text-decoration:none;
}

/* MAIN SETTING
------------------------------------- */

#outer-wrapper {
  width:1050px;
  margin:0 auto 0;
  padding:0;
  text-align:left;
}

#content-wrapper {
  padding:15px;
}

#main-wrapper {
  width:710px;
  float:left;
  margin:0;
  padding:0 0 0 0;
  word-wrap:break-word;
  overflow:hidden;
}

#sidebar-wrapper {
  width:300px;
  float:right;
  margin:0;
  padding:0 0 0 0;
  word-wrap:break-word;
  overflow:hidden;
}

.item-control.blog-admin {
  display:none;
}

/* POST
---------------------------------------- */

h2.date-header {
  margin:1.5em 0 .5em;
  display:none;
}

.post {
  margin-bottom:15px;
}

.post-footer {
  margin:5px 0;
}

.comment-link {
  margin-$startSide:.6em;
}

#header .description {
  display:none;
}

/* MAIN MENU
------------------------------------ */
.main-menu {
  display:inline-block;
  position:relative;
  z-index:1000;
  float:right;
}

.main-menu ul {
  width:100%;
  padding:0;
  margin:0;
  text-align:right;
}

.main-menu li {
  list-style-type:none;
  float:left;
  padding:0;
}

.main-menu li a {
  color:#fff;
  display:inline-block;
  font-size:14px;
  font-weight:100;
  line-height:1;
  text-decoration:none;
  padding:18px 16px;
  text-transform:uppercase;
}

.main-menu ul li a:hover,
.main-menu ul li a:active {
  background:transparent;
  color:#fff;
  border-bottom:5px solid #f5f5f5;
  opacity:0.5;
  text-decoration:none;
}

.PopularPosts .widget-content ul li {
  padding:0.7em 0;
  background:none;
}

.widget-container {
  list-style-type:none;
  list-style:none;
  margin:0 0 15px 0;
  padding:0;
  color:#374142;
  font-size:13px;
}

.widget-container2 {
  list-style-type:none;
  list-style:none;
  margin:5px 15px 10px 0;
  padding:0;
  color:#374142;
  font-size:13px;
}

/* SIDEBAR
----------------------------------------- */

.sidebar {
  margin:0 0 10px 0;
  font-size:13px;
  color:#374142;
}

.sidebar a {
  text-decoration:none;
  color:#374142;
}

.sidebar a:hover {
  text-decoration:none;
  color:#F95C49;
}

.sidebar h2 {
  padding-bottom:5px;
  color:#3f3f3f;
  font-size:22px;
  border-bottom:3px solid #555;
  text-transform:uppercase;
  font-weight:300;
  margin-bottom:10px;
}

.sidebar ul {
  list-style-type:none;
  list-style:none;
  margin:0;
  padding:0;
}

.sidebar ul li {
  padding:0 0 9px 0;
  margin:0 0 8px 0;
}

.sidebar .widget {
  ;
  margin:0 0 15px 0;
  padding:0;
  color:#374142;
  font-size:13px;
  margin-bottom:40px;
}

.main .widget {
  margin:0 0 5px;
  padding:0 0 2px;
}

.main .Blog {
  border-bottom-width:0;
}

/* LABEL STYLE
------------------------------------------ */
.label-size a {
  color:#fff !important;
  background:#545454;
  float:left;
  display:block;
  -moz-transition:all .2s ease-out;
  -o-transition:all .2s ease-out;
  -webkit-transition:all .2s ease-out;
  -ms-transition:all .2s ease-out;
  transition:all .2s ease-out;
  margin:0 5px 5px 0;
  padding:15px;
}

.label-size a:hover {
  background-color:#343434;
  color:#fff;
  text-decoration:none;
}

.label-size span {
  background:#e74c3c;
  color:#fff;
  clear:both;
  float:left;
  margin:0 0 3px;
  padding:8px 18px;
}

.label-size {
  position:relative;
  text-transform:uppercase;
  text-decoration:none;
  font-size:1em;
  font-weight:400;
  color:#fff;
}

.label-size a,
.label-size a:visited {
  color:#fff;
  text-decoration:none;
}


/* FOOTER COPYRIGHT
----------------------------------------- */

#copyrights {
  background:#212121;
  float:left;
  width:100%;
  padding-top:40px;
  padding-bottom:50px;
}

#credits {
  width:970px;
  margin:auto;
}

#footer-wrapper {
  background:#343434;
  width:100%;
  float:left;
}

#footer-widgets {
  margin:auto;
  width:1050px;
}

.footer-widget-box {
  width:300px;
  float:left;
  margin:20px;
}

#footer-widgets .widget-container {
  color:#caced1;
}

#footer-widgets .widget-container a {
  text-decoration:none;
  color:#fb4248;
}

#footer-widgets .widget-container a:hover {
  text-decoration:none;
  color:#fb4248;
}

#footer-widgets h2 {
  color:#fff;
  text-transform:uppercase;
  font-weight:300;
  font-size:20px;
  border-bottom:1px solid #444;
  line-height:28px;
}

#footer-widgets .widget ul {
  list-style-type:none;
  list-style:none;
  margin:0;
  padding:0;
}

#footer-widgets .widget ul li {
  padding:0 5px 20px 5px;
  margin:0 0 20px 0;
  border-bottom:1px solid #444;
}

.footer1 .widget {
  margin-bottom:20px;
}

#footer-widgets .PopularPosts li {
  float:left;
}

#footer-widgets .PopularPosts .item-thumbnail {
  float:left;
  width:80px;
  height:80px;
  margin:0 0 0 0;
  border:5px solid #444;
}

#footer-widgets .PopularPosts .item-thumbnail:hover {
  border:5px solid #222;
}

#footer-widgets .PopularPosts .item-thumbnail img {
  display:block;
  margin:0 0 0 0;
  width:80px;
  height:80px;
}

#footer-widgets .PopularPosts .item-title {
  display:none;
}

/* COMMENTS
-------------------------------------- */
#comments {
  line-height:1.4em;
  margin:0;
  position:relative;
}

#comments h3 {
  margin-bottom:10px;
  font-size:18px;
  font-weight:normal;
  text-transform:uppercase;
  padding:15px 20px;
  background:#fff;
  font-family:'Open Sans',sans-serif;
  left:0;
  top:0;
  border:2px solid #444;
  color:#444;
  position:relative;
}

.comment_avatar_wrap {
  width:42px;
  height:42px;
  border:1px solid #cfcfcf;
  background:#e0e0e0;
  padding:4px;
  text-align:center;
  margin-bottom:20px;
}

#comments .avatar-image-container {
  float:left;
  margin:0 10px 0 0;
  width:42px;
  height:42px;
  max-width:42px;
  max-height:42px;
  padding:0;
  margin-bottom:10px;
}

#comments .avatar-image-container img {
  width:42px;
  height:42px;
  max-width:42px;
  max-height:42px;
  background:url(http://2.bp.blogspot.com/-fjaZBtfvzac/UN1mw2tUamI/AAAAAAAADkc/XdKqt8hWZ6w/s1600/anon.jpg) no-repeat;
}

.comment_name a {
  font-family:Oswald,Arial,Sans-serif;
  padding-bottom:10px;
  font-size:14px;
  text-decoration:none;
}

.comment_admin .comment_name {
  font-family:Open Sans,Arial,Sans-serif;
  padding-bottom:10px;
  font-size:14px;
  text-decoration:none;
}

.comment_admin .comment_date {
  font-weight:normal;
  font-size:11px;
}

.comment_name {
  font-family:Open Sans,Arial,Sans-serif;
  padding-bottom:10px;
  font-size:14px;
  font-weight:normal;
  position:relative;
}

.comment_service {
  margin-top:5px;
}

.comment_date {
  color:#333;
  float:right;
  font-size:11px;
  font-weight:normal;
}

.comment_date a {
  color:#a9a9a9;
  float:right;
  font-size:11px;
  font-weight:normal;
}

.comment_date a:hover {
  color:#a9a9a9;
  text-decoration:none;
}

.comment_body {
  margin-top:-72px;
  margin-left:65px;
  border:1px solid #dcdcdc;
  background:#fff;
  padding:15px;
  color:#333;
}

div.comment_inner.comment_admin {
  background:#444;
}

.comment_body p {
  line-height:1.5em;
  margin:5px 0 0 0;
  color:#333;
  font-size:13px;
  word-wrap:break-word;
  padding-bottom:10px;
}

.comment_inner {
  padding:15px;
  margin:5px 0 5px 0;
  background-color:#24887B;
}

.comment_child .comment_wrap {
  padding-left:5%;
}

.comment_reply {
  display:inline-block;
  margin-top:8px;
  margin-left:-5px;
  padding:1px 12px;
  color:#fff !important;
  text-align:center;
  text-decoration:none;
  border-radius:2px;
  background:#555;
  font:11px/18px sans-serif;
  transition:background-color 1s ease-out 0s;
}

.comment_reply:hover {
  text-decoration:none !important;
  ;
  background:#333;
}

.unneeded-paging-control {
  display:none;
}

#comment-editor {
  width:100% !important;
  background:#d9d9d9 url('http://4.bp.blogspot.com/-TIf6ayZW9R4/UkxBo2beCQI/AAAAAAAAFsA/XR2DBWD3YG4/s1600/kangis-loader.gif') no-repeat 50% 30%;
  border-radius:4px;
  margin-bottom:20px;
  position:relative;
}

.comment-form {
  max-width:100% !important;
}

.comment_form a {
  text-decoration:none;
  text-transform:uppercase;
  font-weight:bold;
  font-family:Arial,Helvetica,Garuda,sans-serif;
  font-size:15px;
}

.comment_form a:hover {
  text-decoration:underline;
}

.comment_reply_form {
  padding:0 0 0 70px;
}

.comment_reply_form .comment-form {
  width:99%;
}

img.comment_emo {
  margin:0;
  padding:0;
  vertical-align:middle;
}

.comment_emo_list {
  display:none;
  clear:both;
  width:100%;
}

.comment_emo_list .item {
  float:left;
  text-align:center;
  margin:10px 5px 0 0;
  height:40px;
  width:55px;
  color:#999;
}

.comment_emo_list span {
  display:block;
  font-weight:normal;
  font-size:11px;
  letter-spacing:1px;
}

.comment_youtube {
  max-width:100% !important;
  width:400px;
  height:225px;
  display:block;
  margin:auto;
}

.comment_img {
  max-width:100% !important;
}

.comment_header {
  width:50px;
}

#respond {
  overflow:hidden;
  padding-left:10px;
  clear:both;
}

.comment_avatar img {
  width:42px;
  height:42px;
  background:url(http://2.bp.blogspot.com/-fjaZBtfvzac/UN1mw2tUamI/AAAAAAAADkc/XdKqt8hWZ6w/s1600/anon.jpg) no-repeat;
}

.comment-delete img {
  float:right;
  margin-left:15px;
  margin-top:3px;
}

.comment_author_flag {
  display:none;
}

.comment_admin .comment_author_flag {
  display:inline;
  font-size:13px;
  font-weight:normal;
  padding:2px 6px;
  right:-23px;
  margin-top:-23px;
  color:#fff;
  border-radius:4px;
  text-transform:uppercase;
  position:absolute;
  width:36px;
  height:36px;
}

iframe {
  border:none;
  overflow:hidden;
}

.deleted-comment {
  background:#daabab url(http://4.bp.blogspot.com/-Yj5ewidrX5Q/UkrG9s3fS5I/AAAAAAAAFrQ/rhhaMJwHDoc/s1600/tempat-sampah.png) no-repeat 2% 50%;
  color:#fff;
  line-height:22px;
  padding:10px 15px 10px 45px;
  margin:5px 0;
  display:block;
  font-size:13px;
}

.comment-form p {
  background:#444;
  padding:15px 15px 14px 15px;
  margin:15px 0 10px 0;
  color:#f4f4f4;
  font-size:13px;
  line-height:20px;
  border-radius:4px;
  position:relative;
}

.comment-form p:after {
  content:'';
  width:0;
  height:0;
  position:absolute;
  top:100%;
  left:20px;
  border:8px solid transparent;
  border-color:#444 transparent transparent;
  z-index:999;
}

div.comment_avatar img[src='http://img1.blogblog.com/img/openid16-rounded.gif'] {
  content:url(http://2.bp.blogspot.com/-8NurYzHIoWQ/Ujc_oLurXII/AAAAAAAAFek/XhAm-oLwg7Q/s45-c/gravatar.png);
}

div:target .comment_inner {
  background:#24887B;
  transition:all 25s ease-out;
}

div:target .comment_child .comment_wrap .comment_inner {
  background:#e9e9e9;
}

iframe {
  border:none;
  overflow:hidden;
}

.center {
  text-align:center;
}

/* BLOG PAGER
--------------------------------------- */
#blog-pager-newer-link {
  float:left;
}

#blog-pager-older-link {
  float:right;
}

#blog-pager {
  text-align:center;
}

#blog-pager {
  clear:both;
  text-align:center;
  margin:0 auto;
  padding:23px 9px;
}

#blog-pager a:link,
#blog-pager a:visited {
  border:2px solid #444;
  font-family:'Open Sans',sans-serif;
  font-weight:400;
  color:#444;
  margin:10px;
  font-size:15px;
  padding:15px;
  text-transform:uppercase;
}

#blog-pager a:hover {
  text-decoration:none;
  background:#444;
  color:#fff !important;
}

.feed-links {
  clear:both;
  line-height:2.5em;
}

#navbar-iframe {
  height:0;
  visibility:hidden;
  display:none;
}

/* HEADER WRAPPER
---------------------------------------- */

#main-header {
  background:#343434;
  height:80px;
  float:left;
  padding-top:20px;
  width:100%;
  margin-bottom:10px;
  z-index:20;
  position:relative;
}

#header-wrapper {
  width:1000px;
  margin:0 auto 0;
}

#header-inner {
  background-position:center;
  margin-left:auto;
  margin-right:auto;
}

#header {
  margin:0;
  float:left;
}

#header h1 {
  color:#fff;
  margin:0 -10px 0;
  padding:0 0 0 0;
  font-size:35px;
  line-height:25px;
  font-family:'Raleway',Helvetica,Arial,sans-serif;
  font-weight:200;
  margin-top:12px;
  margin-bottom:12.5px;
}

#header h1 a:hover {
  color:transparent !important;
  text-shadow:0 0 8px #fff !important;
  text-decoeation:none;
}

.credits-center {
  text-align:center;
  font-size:14px;
  text-transform:uppercase;
  margin-top:8px;
}

.feed-links {
  display:none;
}

/* POST HEADING
------------------------------------ */

.post h1 {
  padding-bottom:8px;
  font-weight:200;
  font-size:50px;
  line-height:1.2;
  color:#565656;
  margin-bottom:0;
  margin-top:10px;
}

.postmeta-primary {
  float:left;
  width:100%;
  padding-bottom:40px;
  text-transform:uppercase;
  color:#81868d;
  font-weight:400;
}

.postmeta-primary a {
  color:#1abc9c;
  padding-right:9px;
  text-decoration:none;
}

/* BLOCKQUOTE
--------------------------------------- */

blockquote {
  width:80%;
  background:#F6F6F6;
  color:#333;
  position:relative;
  padding:20px 30px;
  border:none;
  margin:0 auto;
  margin-bottom:15px;
  font-size:13px;
  margin-right:-2px;
}

blockquote:before {
  background:rgba(42,164,207,1);
  content:"Q";
  position:absolute;
  left:-31px;
  text-align:center;
  line-height:32px;
  color:#FFF;
  top:0;
  width:32px;
  height:32px;
  font-weight:bold;
}

.seperator {
  float:left;
  margin-right:10px;
}

.post-body.entry-content {
  line-height:1.6;
  float:left;
  font-size:16.5px;
  margin-bottom:30px;
}

#blog-pager {
  float:left;
  width:100%;
}

/* SHOWPAGE NAV
-------------------------------------- */

.showpageOf {
  display:none;
}

.showpagePoint {
  padding: 15px;
  background: #fff;
  float: left;
  color: #444;
  border: 2px solid #444;
  margin-top: 10px;
  margin-right: 10px;
  font-size: 15px;
  font-weight: 400;
}

.showpageNum a {
  background:#fff;
  float:left;
  text-decoration:none;
}

.showpage a {
  background:#fff;
  float:left;
  text-decoration:none;
}

.showpage a:hover {
  background:#444;
}

.showpageNum a:hover {
  background:#444;
}

.showpageArea {
  float:left;
  margin-left:25px;
}
]]></b:skin>

<b:if cond='data:blog.pageType != &quot;static_page&quot;'>
<b:if cond='data:blog.pageType != &quot;item&quot;'>

<style>
.post.hentry {
  float:left;
  padding:25px;
  padding-bottom:0;
}

#main-wrapper {
  width:100%;
}

#outer-wrapper {
  width:1170px;
  margin:0 auto 0;
  padding:0;
  text-align:left;
}

#sidebar-wrapper {
  display:none;
  margin-top:20px;
}

.entrybody img {
  width:330px;
  height:290px;
  float:left;
}

#header-top-bg .header-top {
  text-align:center;
  font-family:&#39;Raleway&#39;,sans-serif;
  font-weight:normal;
  padding:48px 0 96px 0;
}

#header-top-bg h2 {
  margin-bottom:0;
  color:#fff !important;
  text-transform:uppercase;
  font-size:50px;
  line-height:84px;
  font-weight:400;
}

#header-top-bg .wtitle {
  margin-top:12px;
  font-size:17px;
  color:#fff !important;
  line-height:36px;
  font-weight:200;
}

#header-top-bg p {
  margin-bottom:36px;
}

#header-top-bg {
  padding-bottom:100px;
}

#header-top-bg .button {
  margin:0;
  text-decoration:none;
  padding:20px;
  color:#fff;
  text-transform:uppercase;
  border:2px solid #fff;
  line-height:24px;
  font-weight:400;
}

#header-top-bg .button:hover {
  background:#fff !important;
  color:#444;
}

.header-bg {
  z-index:-999998;
  overflow:hidden;
  position:absolute;
  top:0;
  left:0;
  width:100%;
  height:100%;
}

#main-header {
  background:transparent;
  height:50px;
  float:left;
  width:100%;
  z-index:20;
  position:relative;
}

.header-top {
  position:relative;
  width:1180px;
  margin:0 auto;
  padding:48px 0;
}

.header-bg-color {
  position:relative;
  width:100%;
  height:80%;
  background-color:#444;
}

.header-bg img {
  z-index:-999999;
  width:100%;
  height:100%;
  opacity:0.08;
}

.post.hentry:hover .post-title {
    opacity: 0.7;
    -o-transition: all 0.1s ease-out;
	-moz-transition: all 0.1s ease-out;
	-webkit-transition: all 0.1s ease-out;
}

.post h2 span {
    float: left;
    width: 100%;
    color: #fff;
    line-height: normal;
    text-decoration: none;
    margin-top: -60px;
    text-transform: uppercase;
}

.post h2 a {
	float: left;
	width: 290px;
	font-size: 15px;
	text-align: center;
	color: #fff !important;
	height: 81px;
	margin-top: -290px;
	text-transform: uppercase;
	font-weight: 300;
	background: #444;
	padding: 20px;
	padding-top: 190px;
	bottom: 0;
}

.post-title {
    opacity: 0;
}
</style>
</b:if></b:if>


<b:if cond='data:blog.pageType != &quot;index&quot;'>
<style>
#menu2 {
background: #343434;
width: 100%;
float: left;
top: 0;
position: relative;
z-index: 1;
}

.wrapper {
    background: #FFF;
    border-bottom: 1px solid #e7e7e7;
}

</style>
</b:if>

<script src='http://ajax.googleapis.com/ajax/libs/jquery/1.10.1/jquery.js'/>

<style type='text/css'>

</style>

  </head>

  <body>

  <div id='main-header'>
    <div id='header-wrapper'>
      <b:section class='header' id='header' maxwidgets='1' showaddelement='no'>
        <b:widget id='Header1' locked='true' title='Fansoly (Header)' type='Header'>
          <b:includable id='main'>

  <b:if cond='data:useImage'>
    <b:if cond='data:imagePlacement == &quot;REPLACE&quot;'>
      <div id='header-inner'>
        <a expr:href='data:blog.homepageUrl' style='display: block'>
          <img expr:alt='data:title' expr:height='data:height' expr:id='data:widget.instanceId + &quot;_headerimg&quot;' expr:src='data:sourceUrl' expr:width='data:width' style='display: block;padding-left:0px;padding-top:0px;'/>
        </a>
      </div>
    <b:else/>
      <!--
      Show image as background to text. You can't really calculate the width
      reliably in JS because margins are not taken into account by any of
      clientWidth, offsetWidth or scrollWidth, so we don't force a minimum
      width if the user is using shrink to fit.
      This results in a margin-width's worth of pixels being cropped. If the
      user is not using shrink to fit then we expand the header.
      -->
      <div expr:style='&quot;background-image: url(\&quot;&quot; + data:sourceUrl + &quot;\&quot;); &quot;                      + &quot;background-position: &quot;                      + data:backgroundPositionStyleStr + &quot;; &quot;                      + data:widthStyleStr                      + &quot;min-height: &quot; + data:height + &quot;px;&quot;                      + &quot;_height: &quot; + data:height + &quot;px;&quot;                      + &quot;background-repeat: no-repeat; &quot;' id='header-inner'>
        <div class='titlewrapper' style='background: transparent'>
          <h1 class='title' style='background: transparent; border-width: 0px'>
            <b:include name='title'/>
          </h1>
        </div>
        <b:include name='description'/>
      </div>
    </b:if>
  <b:else/>
    <!--No header image -->
    <div id='header-inner'>
      <div class='titlewrapper'>
        <h1 class='title'>
          <b:include name='title'/>
        </h1>
      </div>
      <b:include name='description'/>
    </div>
  </b:if>
</b:includable>
          <b:includable id='description'>
  <div class='descriptionwrapper'>
    <p class='description'><span><data:description/></span></p>
  </div>
</b:includable>
          <b:includable id='title'>
<a expr:href='data:blog.homepageUrl'><data:title/></a>
</b:includable>
        </b:widget>
      </b:section>

<nav class='main-menu'>
<!-- Main menu -->
<ul>
  <li><a href='/'>Home</a></li>
<li><a href='#'>Portfolio</a></li>
<li><a href='#'>Templates</a></li>
<li><a href='#'>Contact</a></li>
</ul>
</nav>
      <div style='clear:both;'/>
</div>
</div>

<div style='clear:both;'/>
<div id='menu2'>
</div>

<b:if cond='data:blog.pageType != &quot;static_page&quot;'>
<b:if cond='data:blog.pageType != &quot;item&quot;'>
<div id='header-top-bg'>
<div class='header-top'>
<h2>Design Experiences</h2>
<div class='wtitle'><p>Made from the ground up - Made awesome and beautifully - Designed Portfolio</p><a class='button scroll' href='/#main-wrapper' target=''>See Our Work</a></div>
</div>
<div class='header-bg'>
<div class='header-bg-color'>
<img src='http://1.bp.blogspot.com/-2pr-6KmOQ-s/U8ahp7KgGhI/AAAAAAAAAfU/dkrlfnBuAuI/s1600/BG_Snortly__140.jpg'/>
<div>
</div>
</div>
</div></div>
<div style='clear:both;'/>
  </b:if>
    </b:if>

<div class='wrapper'><div id='outer-wrapper'><div id='wrap2'><div id='content-wrapper'><div id='main-wrapper'>

        <b:section class='main' id='main' showaddelement='no'>
          <b:widget id='Blog1' locked='true' title='Posting Blog' type='Blog'>
            <b:includable id='main' var='top'>
  <b:if cond='data:mobile == &quot;false&quot;'>

    <!-- posts -->
    <div class='blog-posts hfeed'>

      <b:include data='top' name='status-message'/>

      <data:defaultAdStart/>
      <b:loop values='data:posts' var='post'>
        <b:if cond='data:post.isDateStart'>
          <b:if cond='data:post.isFirstPost == &quot;false&quot;'>
            &lt;/div&gt;&lt;/div&gt;
          </b:if>
        </b:if>
        <b:if cond='data:post.isDateStart'>
          &lt;div class=&quot;date-outer&quot;&gt;
        </b:if>
        <b:if cond='data:post.dateHeader'>
          <h2 class='date-header'><span><data:post.dateHeader/></span></h2>
        </b:if>
        <b:if cond='data:post.isDateStart'>
          &lt;div class=&quot;date-posts&quot;&gt;
        </b:if>
        <div class='post-outer'>
        <b:include data='post' name='post'/>
        <b:if cond='data:blog.pageType == &quot;static_page&quot;'>
          <b:if cond='data:post.showThreadedComments'>
            <b:include data='post' name='comments'/>
          <b:else/>
            <b:include data='post' name='comments'/>
          </b:if>
        </b:if>
        <b:if cond='data:blog.pageType == &quot;item&quot;'>
          <b:if cond='data:post.showThreadedComments'>
            <b:include data='post' name='comments'/>
          <b:else/>
            <b:include data='post' name='comments'/>
          </b:if>
        </b:if>
        </div>
        <b:if cond='data:post.includeAd'>
          <b:if cond='data:post.isFirstPost'>
            <data:defaultAdEnd/>
          <b:else/>
            <data:adEnd/>
          </b:if>
          <div class='inline-ad'>
            <data:adCode/>
          </div>
          <data:adStart/>
        </b:if>
      </b:loop>
      <b:if cond='data:numPosts != 0'>
        &lt;/div&gt;&lt;/div&gt;
      </b:if>
      <data:adEnd/>
    </div>

<b:if cond='data:blog.pageType != &quot;item&quot;'>
<!-- navigation -->
<b:include name='nextprev'/>
</b:if>

    <!-- feed links -->
    <b:include name='feedLinks'/>

    <b:if cond='data:top.showStars'>
      <script src='//www.google.com/jsapi' type='text/javascript'/>
      <script type='text/javascript'>
        google.load(&quot;annotations&quot;, &quot;1&quot;, {&quot;locale&quot;: &quot;<data:top.languageCode/>&quot;});
        function initialize() {
          google.annotations.setApplicationId(<data:top.blogspotReviews/>);
          google.annotations.createAll();
          google.annotations.fetch();
        }
        google.setOnLoadCallback(initialize);
      </script>
    </b:if>

  <b:else/>
    <b:include name='mobile-main'/>
  </b:if>

  <b:if cond='data:top.showDummy'>
    <data:top.dummyBootstrap/>
  </b:if>

</b:includable>
            <b:includable id='backlinkDeleteIcon' var='backlink'>
  <span expr:class='&quot;item-control &quot; + data:backlink.adminClass'>
    <a expr:href='data:backlink.deleteUrl' expr:title='data:top.deleteBacklinkMsg'>
      <img src='//www.blogger.com/img/icon_delete13.gif'/>
    </a>
  </span>
</b:includable>
            <b:includable id='backlinks' var='post'>
  <a name='links'/><h4><data:post.backlinksLabel/></h4>
  <b:if cond='data:post.numBacklinks != 0'>
    <dl class='comments-block' id='comments-block'>
      <b:loop values='data:post.backlinks' var='backlink'>
        <div class='collapsed-backlink backlink-control'>
          <dt class='comment-title'>
            <span class='backlink-toggle-zippy'>&#160;</span>
            <a expr:href='data:backlink.url' rel='nofollow'><data:backlink.title/></a>
            <b:include data='backlink' name='backlinkDeleteIcon'/>
          </dt>
          <dd class='comment-body collapseable'>
            <data:backlink.snippet/>
          </dd>
          <dd class='comment-footer collapseable'>
            <span class='comment-author'><data:post.authorLabel/> <data:backlink.author/></span>
            <span class='comment-timestamp'><data:post.timestampLabel/> <data:backlink.timestamp/></span>
          </dd>
        </div>
      </b:loop>
    </dl>
  </b:if>
  <p class='comment-footer'>
    <a class='comment-link' expr:href='data:post.createLinkUrl' expr:id='data:widget.instanceId + &quot;_backlinks-create-link&quot;' target='_blank'><data:post.createLinkLabel/></a>
  </p>
</b:includable>
            <b:includable id='comment-form' var='post'>
  <div class='comment-form'>
    <a name='comment-form'/>
    <b:if cond='data:mobile'>
      <h4 id='comment-post-message'>
        <a expr:id='data:widget.instanceId + &quot;_comment-editor-toggle-link&quot;' href='javascript:void(0)'><data:postCommentMsg/></a></h4>
      <p><data:blogCommentMessage/></p>
      <data:blogTeamBlogMessage/>
      <a expr:href='data:post.commentFormIframeSrc' id='comment-editor-src'/>
      <iframe allowtransparency='true' class='blogger-iframe-colorize blogger-comment-from-post' frameborder='0' height='410' id='comment-editor' name='comment-editor' src='' style='display: none' width='100%'/>
    <b:else/>
      <h4 id='comment-post-message'><data:postCommentMsg/></h4>
      <p><data:blogCommentMessage/></p>
      <data:blogTeamBlogMessage/>
      <a expr:href='data:post.commentFormIframeSrc' id='comment-editor-src'/>
      <iframe allowtransparency='true' class='blogger-iframe-colorize blogger-comment-from-post' frameborder='0' height='410' id='comment-editor' name='comment-editor' src='' width='100%'/>
    </b:if>
    <data:post.friendConnectJs/>
    <data:post.cmtfpIframe/>
    <script type='text/javascript'>
      BLOG_CMT_createIframe(&#39;<data:post.appRpcRelayPath/>&#39;, &#39;<data:post.communityId/>&#39;);
    </script>
  </div>
</b:includable>
            <b:includable id='commentDeleteIcon' var='comment'>
  <span expr:class='&quot;item-control &quot; + data:comment.adminClass'>
    <b:if cond='data:showCmtPopup'>
      <div class='goog-toggle-button'>
        <div class='goog-inline-block comment-action-icon'/>
      </div>
    <b:else/>
      <a class='comment-delete' expr:href='data:comment.deleteUrl' expr:title='data:top.deleteCommentMsg'>
        <img src='//www.blogger.com/img/icon_delete13.gif'/>
      </a>
    </b:if>
  </span>
</b:includable>
            <b:includable id='comment_count_picker' var='post'>
  <b:if cond='data:post.commentSource == 1'>
    <span class='cmt_count_iframe_holder' expr:data-count='data:post.numComments' expr:data-onclick='data:post.addCommentOnclick' expr:data-post-url='data:post.url' expr:data-url='data:post.canonicalUrl'>
    </span>
  <b:else/>
    <a class='comment-link' expr:href='data:post.addCommentUrl' expr:onclick='data:post.addCommentOnclick'>
      <data:post.commentLabelFull/>:
    </a>
  </b:if>
</b:includable>
            <b:includable id='comment_picker' var='post'>
  <b:if cond='data:post.commentSource == 1'>
    <b:include data='post' name='iframe_comments'/>
  <b:else/>
    <b:if cond='data:post.showThreadedComments'>
      <b:include data='post' name='comments'/>
    <b:else/>
      <b:include data='post' name='comments'/>
    </b:if>
  </b:if>
</b:includable>
            <b:includable id='comments' var='post'>
<div class='comments' id='comments'>
 <b:if cond='data:post.allowComments'>
  <b:if cond='data:post.numComments != 0'>
   <h3>
    <b:if cond='data:post.numComments == 1'>1 <data:commentLabel/>:
     <b:else/>
     <data:post.numComments/> <data:commentLabelPlural/>
    </b:if>
   </h3>
  </b:if>
               
  <b:if cond='data:post.commentPagingRequired'>
   <span class='paging-control-container'>
    <a expr:class='data:post.oldLinkClass' expr:href='data:post.oldestLinkUrl'><data:post.oldestLinkText/></a>
    &#160;
    <a expr:class='data:post.oldLinkClass' expr:href='data:post.olderLinkUrl'><data:post.olderLinkText/></a>
    &#160;
    <data:post.commentRangeText/>
    &#160;
    <a expr:class='data:post.newLinkClass' expr:href='data:post.newerLinkUrl'><data:post.newerLinkText/></a>
    &#160;
    <a expr:class='data:post.newLinkClass' expr:href='data:post.newestLinkUrl'><data:post.newestLinkText/></a>
   </span>
  </b:if>
                       
  <div class='clear'/>
  <div id='comment_block'>
   <b:loop values='data:post.comments' var='comment'>
                                                                             
   <div class='data:comment.adminClass' expr:id='data:comment.anchorName'>                                                                                     
      <b:if cond='data:post.adminClass == data:comment.adminClass'>
       &lt;div class=&#39;comment_inner comment_admin&#39;&gt;
       <b:else/>
                            &lt;div class=&#39;comment_inner&#39;&gt;
      </b:if>
    
    <div class='comment_header'>
     <div class='comment_avatar_wrap'>
     <div class='comment_avatar'>
      <img alt='avatar' expr:src='data:comment.authorAvatarSrc' expr:title='data:comment.author'/>
              </div>
<a class='comment_reply' expr:href='&quot;#r_&quot;+data:comment.anchorName' expr:id='&quot;r&quot;+data:comment.anchorName' onclick='javascript:Display_Reply_Form(this)' title='Reply'>Reply</a>
     </div>
                         
     <div class='clear'/>
    </div>
         
    <div class='comment_body'>
                                      <span class='comment_arrow'/>
     <div class='comment_name'>
      <b:if cond='data:comment.authorUrl'>
       <a expr:href='data:comment.authorUrl' expr:title='data:comment.author' rel='nofollow' target='_blank'><data:comment.author/></a>
       <b:else/>
       <data:comment.author/>
      </b:if>
  
                  <span class='comment_service'>
      <a class='comment-delete' expr:href='&quot;http://www.blogger.com/delete-comment.g?blogID=&quot; + data:blog.blogId + &quot;&amp;amp;postID=&quot; + data:comment.id' expr:title='data:top.deleteCommentMsg'>
<img alt='delete' src='http://2.bp.blogspot.com/-d-5BS0YCkho/UOKe2UIw0rI/AAAAAAAAC4w/md_iYNVHaHk/s1600/delete4.png' title='Delete Comments'/>
</a>                
      <span class='comment_date'><a expr:href='data:comment.url' rel='nofollow' title='comment permalink'>
                  <data:comment.timestamp/>
        </a></span>
  </span></div>
     <b:if cond='data:comment.isDeleted'>
      <span class='deleted-comment'><data:comment.body/></span>
      <b:else/>
      <p><data:comment.body/></p>
                        <div class='clear'/>
                      
     </b:if>
                                                      
    </div>                         
     <div class='clear'/>
     &lt;/div&gt;
     <div class='clear'/>
           
    <div class='comment_child'/>
    <div class='comment_reply_form' expr:id='&quot;r_f_&quot;+data:comment.anchorName'/>              
    </div>
   </b:loop>              
   </div>    
    <div class='clear'/>
    <b:if cond='data:post.commentPagingRequired'>
     <span class='paging-control-container'>
       <a expr:class='data:post.oldLinkClass' expr:href='data:post.oldestLinkUrl'><data:post.oldestLinkText/></a>
       &#160;
       <a expr:class='data:post.oldLinkClass' expr:href='data:post.olderLinkUrl'><data:post.olderLinkText/></a>
       &#160;
       <data:post.commentRangeText/>
       &#160;
       <a expr:class='data:post.newLinkClass' expr:href='data:post.newerLinkUrl'><data:post.newerLinkText/></a>
       &#160;
       <a expr:class='data:post.newLinkClass' expr:href='data:post.newestLinkUrl'><data:post.newestLinkText/></a>
     </span>
    </b:if>
    <div class='clear'/>
  <div class='comment_form'>         
         
   <b:if cond='data:post.embedCommentForm'>
    <b:if cond='data:post.allowNewComments'>   
      <div class='comment_emo_list'/>
     <b:include data='post' name='threaded-comment-form'/>
       <b:else/>
       <data:post.noNewCommentsText/>
    </b:if>
    <b:else/>
    <b:if cond='data:post.allowComments'>
     <a expr:href='data:post.addCommentUrl' expr:onclick='data:post.addCommentOnclick' expr:title='data:postCommentMsg'><data:postCommentMsg/></a>
    </b:if>
   </b:if>
  </div>
 </b:if>
</div>                
       <script type='text/javascript'>
       //<![CDATA[
       if (typeof(jQuery) == 'undefined') {
 //output the script (load it from google api)
 document.write("<scr" + "ipt type=\"text/javascript\" src=\"http://ajax.googleapis.com/ajax/libs/jquery/1.7.1/jquery.min.js\"></scr" + "ipt>");
}
       //]]>
       </script>
     
       <script async='async' expr:src='data:post.commentSrc' type='text/javascript'/>
       <script type='text/javascript'>
      
         <b:if cond='data:post.numComments != 0'>
         var Items = <data:post.commentJso/>;
         var Msgs = <data:post.commentMsgs/>;
         var Config = <data:post.commentConfig/>;
        <b:else/>
         var Items = {};
         var Msgs = {};
         var Config = {&#39;maxThreadDepth&#39;:&#39;0&#39;};
        </b:if>
       //<![CDATA[
       //Global setting
        Config.maxThreadDepth = 6;//Kedalaman tingkat threaded comment
        Display_Emo = true;//Tampilkan emoticon? ketik "false" untuk menyembunyikan
        Replace_Youtube_Link = false;//Embed video YouTube, ketik "false" untuk mendisable
        Replace_Image_Link = false;//Auto replace link image,  ketik "false" untuk mendisable.
                                Replace_Force_Tag = false;//Auto replace virtual tag contoh: [pre] menjadi <pre>, dan [/pre] menjadi </pre>, apabila salah menulis, tidak akan berfungsi
        Replace_Image_Ext = ['JPG', 'GIF', 'PNG', 'BMP'];//(support: jpg, gif, png, bmp),hanya berfungsi apabila Replace_Image_Link=true
      
        //Pengaturan Emoticon
        Emo_List = [
        ];
      
                             
                                //Config Force tag list, define all in lower case
                                Force_Tag = [
                                    '[pre]','<pre>',
                                    '[/pre]','</pre>',
                                    '<pre class="brush: plain; title: ; notranslate" title="">','&lt;code&gt;',
                                    '</pre>','</code>'
                                ];
    
eval(function(p,a,c,k,e,r){e=function(c){return(c<a?'':e(parseInt(c/a)))+((c=c%a)>35?String.fromCharCode(c+29):c.toString(36))};if(!''.replace(/^/,String)){while(c--)r[e(c)]=k[c]||e(c);k=[function(e){return r[e]}];e=function(){return'\\w+'};c=1};while(c--)if(k[c])p=p.replace(new RegExp('\\b'+e(c)+'\\b','g'),k[c]);return p}('3 q=\'.W\';3 1a=$(\'#N-Y\').B(\'y\');u 1w(H){3 1h=\' \\n\\r\\t\\f\\2p\\1S\\1T\\1U\\24\\25\\26\\27\\2e\\2h\\2k\\2m\\2n\\2u\\2y\\2z\\2A\\2F\\1L\\1N\\1O\\1P\\1Q\';G(3 i=0;i<H.5;i++){b(1h.g(H.1V(i))!=-1){H=H.d(0,i);11}}C H}$(\'#28 .1B p\').k(u(D,7){b(2r){3 m=\'1g://13.Z.X/1t?v=\';3 8=7.g(m);F(8!=-1){1H=7.d(8);K=1w(1H);3 1c=K.g(\'&\');3 T=\'\';b(1c==-1){T=K.d(m.5)}1e{T=K.d(m.5,1c)}3 1j=\'<1k I="1W" y="1g://13.Z.X/1X/\'+T+\'?1Y=1" 20="0" 21></1k>\';7=7.d(0,8)+1j+7.d(8+K.5);8=7.g(m);b(8==-1){m=\'22://13.Z.X/1t?v=\';8=7.g(m)}}}b(23){3 1d=\'\';3 x=7;G(3 i=0;i<1z.5;i++){3 m=\'.\'+1z[i];3 o=x.E();3 8=o.g(m);F(8!=-1){l=x.d(0,8+m.5);o=l.E();3 w=\'2j://\';3 z=o.g(w);3 L=\'\';F(z!=-1){L=w.R();l=l.d(z+w.5);o=l.E();z=o.g(w)}w=\'1K://\';o=l.E();z=o.g(w);F(z!=-1){L=w.R();l=l.d(z+w.5);o=l.E();z=o.g(w)}b(L==\'\'||l.5<6){11}l=L+l;1d+=x.d(0,8+m.5-l.5)+\'<S y="\'+l+\'" I="2s"/>\';x=x.d(8+m.5);o=x.E();8=o.g(m)}}7=1d+x}b(1m){3 5=A.5;b(5%2==1){5--}G(3 i=0;i<5;i+=2){3 V=\'<S y="\'+A[i+1]+\'" I="1x"/>\';8=7.g(A[i]);F(8!=-1){7=7.d(0,8)+V+7.d(8+A[i].5);8=7.g(A[i])}}}b(2G){3 5=U.5;b(5%2==1){5--}G(3 i=0;i<5;i+=2){F(1){3 x=7.R();8=x.g(U[i]);b(8!=-1){7=7.d(0,8)+U[i+1]+7.d(8+U[i].5)}1e{11}}}}C 7});$(\'.1M\').k(u(D,7){b(1m){3 5=A.5;b(5%2==1){5--}3 15=\'\';G(3 i=0;i<5;i+=2){3 1C=\'<1F>\'+A[i]+\'</1F>\';3 V=\'<S y="\'+A[i+1]+\'" I="1x"/>\';15+=\'<M I="1R">\'+V+1C+\'</M>\'}C 15}});$(\'.1f .1B p\').k(u(i,h){10=h.R();D=10.g(\'@<a 12="#c\');b(D!=-1){14=10.g(\'</a>\',D);b(14!=-1){h=h.d(0,D)+h.d(14+4)}}C h});u 1l(j){r=j.g(\'c\');b(r!=-1)j=j.d(r+1);C j}u 1n(j){j=\'&1Z=\'+j+\'#%1o\';1p=1a.1q(/#%1o/,j);C 1p}u 1r(){k=$(q).k();$(q).k(\'\');q=\'.W\';$(q).k(k);$(\'#N-Y\').B(\'y\',1a)}u 1s(e){j=$(e).B(\'16\');j=1l(j);k=$(q).k();b(q==\'.W\'){1u=\'<a 12="#1v" 29="1r()">\'+2a.2b+\'</a><a 2c="1v"/>\';$(q).k(1u)}1e{$(q).k(\'\')}q=\'#2d\'+j;$(q).k(k);$(\'#N-Y\').B(\'y\',1n(j))}17=2f.2g.12;18=\'#N-2i\';19=17.g(18);b(19!=-1){1y=17.d(19+18.5);1s(\'#2l\'+1y)}G(3 i=0;i<O.5;i++){b(\'1A\'2o O[i]){3 j=O[i].1A;3 1b=2q($(\'#c\'+j+\':P\').B(\'1D-1E\'));$(\'#c\'+j+\' .2t:P\').k(u(D,7){3 J=O[i].16;b(1b>=2v.2w){$(\'#c\'+J+\':P .2x\').1G()}3 Q=$(\'#c\'+J+\':P\').k();Q=\'<M I="1f" 16="c\'+J+\'" 1D-1E="\'+(1b+1)+\'">\'+Q+\'</M>\';$(\'#c\'+J).1G();C(7+Q)})}}3 1I=$("#2B");1I.2C(\'.2D S\').2E(u(){3 1J=$(1i).B(\'y\');$(1i).2H().B(\'y\',1J.1q(/\\/s[0-9]+(\\-c)?\\//,"/2I-c/"))});',62,169,'|||var||length||oldhtml|check_index|||if||substring|||indexOf|||par_id|html|img_src|search_key||upper_html||Cur_Cform_Hdr||||function||http_search|temp_html|src|find_http|Emo_List|attr|return|index|toUpperCase|while|for|str|class|child_id|yt_link|save_http|div|comment|Items|first|child_html|toLowerCase|img|yt_code|Force_Tag|img_html|comment_form|com|editor|youtube|temp|break|href|www|index_tail|newhtml|id|cur_url|search_formid|search_index|Cur_Cform_Url|par_level|yt_code_index|save_html|else|comment_wrap|http|whitespace|this|yt_video|iframe|Valid_Par_Id|Display_Emo|Cform_Ins_ParID|7B|n_cform_url|replace|Reset_Comment_Form|Display_Reply_Form|watch|reset_html|origin_cform|trim|comment_emo|ret_id|Replace_Image_Ext|parentId|comment_body|img_code|data|level|span|remove|ht|avatar|ava|HTTPS|u200a|comment_emo_list|u200b|u2028|u2029|u3000|item|x5d|x7c|x7d|charAt|comment_youtube|embed|autohide|parentID|frameborder|allowfullscreen|https|Replace_Image_Link|x3c|x3e|x0b|xa0|comment_block|onclick|Msgs|addComment|name|r_f_c|u2000|window|location|u2001|form_|HTTP|u2002|rc|u2003|u2004|in|x5b|parseInt|Replace_Youtube_Link|comment_img|comment_child|u2005|Config|maxThreadDepth|comment_reply|u2006|u2007|u2008|comments|find|comment_avatar|each|u2009|Replace_Force_Tag|show|s45'.split('|'),0,{}))
    //]]>
</script>
</b:includable>
            <b:includable id='feedLinks'>
  <b:if cond='data:blog.pageType != &quot;item&quot;'> <!-- Blog feed links -->
    <b:if cond='data:feedLinks'>
      <div class='blog-feeds'>
        <b:include data='feedLinks' name='feedLinksBody'/>
      </div>
    </b:if>

    <b:else/> <!--Post feed links -->
    <div class='post-feeds'>
      <b:loop values='data:posts' var='post'>
        <b:if cond='data:post.allowComments'>
          <b:if cond='data:post.feedLinks'>
            <b:include data='post.feedLinks' name='feedLinksBody'/>
          </b:if>
        </b:if>
      </b:loop>
    </div>
  </b:if>
</b:includable>
            <b:includable id='feedLinksBody' var='links'>
  <div class='feed-links'>
  <data:feedLinksMsg/>
  <b:loop values='data:links' var='f'>
     <a class='feed-link' expr:href='data:f.url' expr:type='data:f.mimeType' target='_blank'><data:f.name/> (<data:f.feedType/>)</a>
  </b:loop>
  </div>
</b:includable>
            <b:includable id='iframe_comments' var='post'>

  <b:if cond='data:post.allowIframeComments'>
    <script expr:src='data:post.iframeCommentSrc' type='text/javascript'/>
    <div class='cmt_iframe_holder' expr:data-href='data:post.canonicalUrl' expr:data-viewtype='data:post.viewType'/>

    <b:if cond='data:post.embedCommentForm == &quot;false&quot;'>
      <a expr:href='data:post.addCommentUrl' expr:onclick='data:post.addCommentOnclick'><data:postCommentMsg/></a>
    </b:if>
  </b:if>
</b:includable>
            <b:includable id='mobile-index-post' var='post'>
  <div class='mobile-date-outer date-outer'>
    <b:if cond='data:post.dateHeader'>
      <div class='date-header'>
        <span><data:post.dateHeader/></span>
      </div>
    </b:if>

    <div class='mobile-post-outer'>
      <a expr:href='data:post.url'>
        <h3 class='mobile-index-title entry-title'>
          <data:post.title/>
        </h3>

        <div class='mobile-index-arrow'>&amp;rsaquo;</div>

        <div class='mobile-index-contents'>
          <b:if cond='data:post.thumbnailUrl'>
            <div class='mobile-index-thumbnail'>
              <div class='Image'>
                <img expr:src='data:post.thumbnailUrl'/>
              </div>
            </div>
          </b:if>

          <div class='post-body'>
            <b:if cond='data:post.snippet'><data:post.snippet/></b:if>
          </div>
        </div>

        <div style='clear: both;'/>
      </a>

      <div class='mobile-index-comment'>
        <b:if cond='data:blog.pageType != &quot;static_page&quot;'>
          <b:if cond='data:post.allowComments'>
            <b:if cond='data:post.numComments != 0'>
              <a class='comment-link' expr:href='data:post.addCommentUrl' expr:onclick='data:post.addCommentOnclick'><b:if cond='data:post.numComments == 1'>1 <data:top.commentLabel/><b:else/><data:post.numComments/> <data:top.commentLabelPlural/></b:if></a>
            </b:if>
          </b:if>
        </b:if>
      </div>
    </div>
  </div>
</b:includable>
            <b:includable id='mobile-main' var='top'>
    <!-- posts -->
    <div class='blog-posts hfeed'>

      <b:include data='top' name='status-message'/>

      <b:if cond='data:blog.pageType == &quot;index&quot;'>
        <b:loop values='data:posts' var='post'>
          <b:include data='post' name='mobile-index-post'/>
        </b:loop>
      <b:else/>
        <b:loop values='data:posts' var='post'>
          <b:include data='post' name='mobile-post'/>
        </b:loop>
      </b:if>
    </div>

   <b:include name='mobile-nextprev'/>
</b:includable>
            <b:includable id='mobile-nextprev'>
  <div class='blog-pager' id='blog-pager'>
    <b:if cond='data:newerPageUrl'>
      <div class='mobile-link-button' id='blog-pager-newer-link'>
      <a class='blog-pager-newer-link' expr:href='data:newerPageUrl' expr:id='data:widget.instanceId + &quot;_blog-pager-newer-link&quot;' expr:title='data:newerPageTitle'>&amp;lsaquo;</a>
      </div>
    </b:if>

    <b:if cond='data:olderPageUrl'>
      <div class='mobile-link-button' id='blog-pager-older-link'>
      <a class='blog-pager-older-link' expr:href='data:olderPageUrl' expr:id='data:widget.instanceId + &quot;_blog-pager-older-link&quot;' expr:title='data:olderPageTitle'>&amp;rsaquo;</a>
      </div>
    </b:if>

    <div class='mobile-link-button' id='blog-pager-home-link'>
    <a class='home-link' expr:href='data:blog.homepageUrl'><data:homeMsg/></a>
    </div>

    <div class='mobile-desktop-link'>
      <a class='home-link' expr:href='data:desktopLinkUrl'><data:desktopLinkMsg/></a>
    </div>

  </div>
  <div class='clear'/>
</b:includable>
            <b:includable id='mobile-post' var='post'>
  <div class='date-outer'>
    <b:if cond='data:post.dateHeader'>
      <h2 class='date-header'><span><data:post.dateHeader/></span></h2>
    </b:if>
    <div class='date-posts'>
      <div class='post-outer'>

        <div class='post hentry uncustomized-post-template'>
          <a expr:name='data:post.id'/>
          <b:if cond='data:post.title'>
            <h3 class='post-title entry-title'>
              <b:if cond='data:post.link'>
                <a expr:href='data:post.link'><data:post.title/></a>
              <b:else/>
                <b:if cond='data:post.url'>
                  <b:if cond='data:blog.url != data:post.url'>
                    <a expr:href='data:post.url'><data:post.title/></a>
                  <b:else/>
                    <data:post.title/>
                  </b:if>
                <b:else/>
                  <data:post.title/>
                </b:if>
              </b:if>
            </h3>
          </b:if>

          <div class='post-header'>
            <div class='post-header-line-1'/>
          </div>

          <div class='post-body entry-content' expr:id='&quot;post-body-&quot; + data:post.id'>
            <data:post.body/>
            <div style='clear: both;'/> <!-- clear for photos floats -->
          </div>

          <div class='post-footer'>
            <div class='post-footer-line post-footer-line-1'>
              <span class='post-author vcard'>
                <b:if cond='data:top.showAuthor'>
                  <b:if cond='data:post.authorProfileUrl'>
                    <span class='fn'>
                      <a expr:href='data:post.authorProfileUrl' rel='author' title='author profile'>
                        <data:post.author/>
                      </a>
                    </span>
                  <b:else/>
                    <span class='fn'><data:post.author/></span>
                  </b:if>
                </b:if>
              </span>

              <span class='post-timestamp'>
                <b:if cond='data:top.showTimestamp'>
                  <data:top.timestampLabel/>
                  <b:if cond='data:post.url'>
                    <a class='timestamp-link' expr:href='data:post.url' rel='bookmark' title='permanent link'><abbr class='published' expr:title='data:post.timestampISO8601'><data:post.timestamp/></abbr></a>
                  </b:if>
                </b:if>
              </span>

              <span class='post-comment-link'>
                <b:if cond='data:blog.pageType != &quot;item&quot;'>
                  <b:if cond='data:blog.pageType != &quot;static_page&quot;'>
                    <b:if cond='data:post.allowComments'>
                      <a class='comment-link' expr:href='data:post.addCommentUrl' expr:onclick='data:post.addCommentOnclick'><b:if cond='data:post.numComments == 1'>1 <data:top.commentLabel/><b:else/><data:post.numComments/> <data:top.commentLabelPlural/></b:if></a>
                    </b:if>
                  </b:if>
                </b:if>
              </span>
            </div>

            <div class='post-footer-line post-footer-line-2'>
              <b:if cond='data:top.showMobileShare'>
                <div class='mobile-link-button goog-inline-block' id='mobile-share-button'>
                  <a href='javascript:void(0);'><data:shareMsg/></a>
                </div>
              </b:if>
              <b:if cond='data:top.showDummy'>
                <div class='goog-inline-block dummy-container'><data:post.dummyTag/></div>
              </b:if>
            </div>

          </div>
        </div>

        <b:if cond='data:blog.pageType == &quot;static_page&quot;'>
          <b:if cond='data:post.showThreadedComments'>
            <b:include data='post' name='comments'/>
          <b:else/>
            <b:include data='post' name='comments'/>
          </b:if>
        </b:if>
        <b:if cond='data:blog.pageType == &quot;item&quot;'>
          <b:if cond='data:post.showThreadedComments'>
            <b:include data='post' name='comments'/>
          <b:else/>
            <b:include data='post' name='comments'/>
          </b:if>
        </b:if>
      </div>
    </div>
  </div>
</b:includable>
            <b:includable id='nextprev'>
  <div class='blog-pager' id='blog-pager'>
    <b:if cond='data:newerPageUrl'>
      <span id='blog-pager-newer-link'>
      <a class='blog-pager-newer-link' expr:href='data:newerPageUrl' expr:id='data:widget.instanceId + &quot;_blog-pager-newer-link&quot;' expr:title='data:newerPageTitle'><data:newerPageTitle/></a>
      </span>
    </b:if>

    <b:if cond='data:olderPageUrl'>
      <span id='blog-pager-older-link'>
      <a class='blog-pager-older-link' expr:href='data:olderPageUrl' expr:id='data:widget.instanceId + &quot;_blog-pager-older-link&quot;' expr:title='data:olderPageTitle'><data:olderPageTitle/></a>
      </span>
    </b:if>

    <a class='home-link' expr:href='data:blog.homepageUrl'><data:homeMsg/></a>

    <b:if cond='data:mobileLinkUrl'>
      <div class='blog-mobile-link'>
        <a expr:href='data:mobileLinkUrl'><data:mobileLinkMsg/></a>
      </div>
    </b:if>

  </div>
  <div class='clear'/>
</b:includable>
            <b:includable id='post' var='post'>
<div class='wrapfullpost'>
  <div class='post hentry'>
    <a expr:name='data:post.id'/>

<b:if cond='data:blog.pageType != &quot;static_page&quot;'>
<b:if cond='data:blog.pageType != &quot;item&quot;'>  
<b:if cond='data:post.isFirstPost'> 
<script type='text/javascript'>
//<![CDATA[
function bp_thumbnail_resize(image_url,post_title)
{
var image_width=330;
var image_height=290;
image_tag='<img width="'+image_width+'" height="'+image_height+'" src="'+image_url.replace('/s72-c/','/w'+image_width+'-h'+image_height+'-c/')+'" alt="'+post_title+'" title="'+post_title+'"/>';
if(image_url!="") return image_tag; else return "";
}
//]]>
</script>
</b:if>
<div class='entrybody'>
<a expr:href='data:post.url' expr:title='data:post.title'><script type='text/javascript'>
document.write(bp_thumbnail_resize(&quot;<data:post.thumbnailUrl/>&quot;,&quot;<data:post.title/>&quot;));
</script></a></div>
</b:if></b:if>


        <b:if cond='data:post.title'>
  <b:if cond='data:blog.pageType != &quot;item&quot;'>
    <b:if cond='data:blog.pageType != &quot;static_page&quot;'>
      <h2 class='post-title entry-title' itemprop='name'>
        <b:if cond='data:post.link'>
          <a expr:href='data:post.link' expr:title='data:post.title'><data:post.title/></a>
          <b:else/>
          <b:if cond='data:post.url'>
            <b:if cond='data:blog.url != data:post.url'>
              <a expr:href='data:post.url' expr:title='data:post.title'><data:post.title/></a>
              <b:else/>
              <data:post.title/>
            </b:if>
            <b:else/>
            <data:post.title/>
          </b:if>
        </b:if>
      </h2>
      <b:else/>
      <h1 class='post-title entry-title' itemprop='name'>
        <b:if cond='data:post.link'>
          <a expr:href='data:post.link' expr:title='data:post.title'><data:post.title/></a>
          <b:else/>
          <b:if cond='data:post.url'>
            <b:if cond='data:blog.url != data:post.url'>
              <a expr:href='data:post.url' expr:title='data:post.title'><data:post.title/></a>
              <b:else/>
              <data:post.title/>
            </b:if>
            <b:else/>
            <data:post.title/>
          </b:if>
        </b:if>
      </h1>
    </b:if>
    <b:else/>
    <h1 class='post-title entry-title' itemprop='name'>
      <b:if cond='data:post.link'>
        <a expr:href='data:post.link' expr:title='data:post.title'><data:post.title/></a>
        <b:else/>
        <b:if cond='data:post.url'>
          <b:if cond='data:blog.url != data:post.url'>
           <a expr:href='data:post.url' expr:title='data:post.title'><data:post.title/></a>
            <b:else/>
            <data:post.title/>
          </b:if>
          <b:else/>
          <data:post.title/>
        </b:if>
      </b:if>
    </h1>
  </b:if>
</b:if>

<b:if cond='data:blog.pageType == &quot;item&quot;'>
<div class='postmeta-primary'>
<span class='post-author vcard'>
        <b:if cond='data:top.showAuthor'>
          <data:top.authorLabel/>
            <b:if cond='data:post.authorProfileUrl'>
              <span class='fn' itemprop='author' itemscope='itemscope' itemtype='http://schema.org/Person'>
<meta expr:content='data:blog.blogId' itemprop='owns'/>
        <meta expr:content='data:post.id' itemprop='owns'/>
                <meta expr:content='data:post.authorProfileUrl' itemprop='url'/>
                <a class='g-profile' expr:href='data:post.authorProfileUrl' rel='author' title='author profile'>
                  <span itemprop='name'><data:post.author/></span>
                </a>
              </span>
            <b:else/>
              <span class='fn' itemprop='author' itemscope='itemscope' itemtype='http://schema.org/Person'>
<meta expr:content='data:blog.blogId' itemprop='owns'/>
        <meta expr:content='data:post.id' itemprop='owns'/>
                <span itemprop='name'><data:post.author/></span>
              </span>
            </b:if>
        </b:if>
      </span> <span class='post-timestamp'>
        <b:if cond='data:top.showTimestamp'>
          <data:top.timestampLabel/>
        <b:if cond='data:post.url'>
<meta expr:content='data:post.url' itemprop='url'/>
          <meta expr:content='data:post.canonicalUrl' itemprop='url'/>
          <a class='timestamp-link' expr:href='data:post.url' rel='bookmark' title='permanent link'><abbr class='published' expr:title='data:post.timestampISO8601' itemprop='datePublished'><span class='updated'><data:post.timestamp/></span></abbr></a>
        </b:if>
        </b:if>
      </span> 
<span class='post-labels' style='float:left'>
&#160;
        <b:if cond='data:post.labels'>
          <data:postLabelsLabel/>
          <b:loop values='data:post.labels' var='label'>
            <a expr:href='data:label.url'><span><data:label.name/></span></a><b:if cond='data:label.isLast != &quot;true&quot;'>,</b:if>
          </b:loop>
        </b:if>
      </span>
<span class='post-comment-link'>
  <b:if cond='data:blog.pageType != &quot;item&quot;'>
  <b:if cond='data:blog.pageType != &quot;static_page&quot;'>
    <b:if cond='data:post.allowComments'>
      <a class='comment-link' expr:href='data:post.addCommentUrl' expr:onclick='data:post.addCommentOnclick' itemprop='discussionUrl'>
        <data:post.commentLabelFull/>
      </a>
    </b:if>
  </b:if>
  </b:if>
</span> 
</div>
</b:if>


   <div class='post-header-line-1'/>
    <div class='post-body entry-content'>

<b:if cond='data:blog.pageType == &quot;item&quot;'><data:post.body/></b:if>

<b:if cond='data:blog.pageType == &quot;static_page&quot;'><data:post.body/></b:if>


      <div style='clear: both;'/> <!-- clear for photos floats -->
    </div>
    
    <div class='post-footer'>

<div class='post-footer-line post-footer-line-'/>
<div class='post-footer-line post-footer-line-2'/>
<div class='post-footer-line post-footer-line-3'>

</div></div>
</div>
</div>

<b:if cond='data:blog.pageType == &quot;item&quot;'>
<!-- navigation -->
<b:include name='nextprev'/>
</b:if>

</b:includable>
            <b:includable id='postQuickEdit' var='post'>
  <b:if cond='data:post.editUrl'>
    <span expr:class='&quot;item-control &quot; + data:post.adminClass'>
      <a expr:href='data:post.editUrl' expr:title='data:top.editPostMsg'>
        <img alt='' class='icon-action' height='18' src='http://img2.blogblog.com/img/icon18_edit_allbkg.gif' width='18'/>
      </a>
    </span>
  </b:if>
</b:includable>
            <b:includable id='shareButtons' var='post'>
  <b:if cond='data:top.showEmailButton'><a class='goog-inline-block share-button sb-email' expr:href='data:post.sharePostUrl + &quot;&amp;target=email&quot;' expr:title='data:top.emailThisMsg' target='_blank'><span class='share-button-link-text'><data:top.emailThisMsg/></span></a></b:if><b:if cond='data:top.showBlogThisButton'><a class='goog-inline-block share-button sb-blog' expr:href='data:post.sharePostUrl + &quot;&amp;target=blog&quot;' expr:onclick='&quot;window.open(this.href, \&quot;_blank\&quot;, \&quot;height=270,width=475\&quot;); return false;&quot;' expr:title='data:top.blogThisMsg' target='_blank'><span class='share-button-link-text'><data:top.blogThisMsg/></span></a></b:if><b:if cond='data:top.showTwitterButton'><a class='goog-inline-block share-button sb-twitter' expr:href='data:post.sharePostUrl + &quot;&amp;target=twitter&quot;' expr:title='data:top.shareToTwitterMsg' target='_blank'><span class='share-button-link-text'><data:top.shareToTwitterMsg/></span></a></b:if><b:if cond='data:top.showFacebookButton'><a class='goog-inline-block share-button sb-facebook' expr:href='data:post.sharePostUrl + &quot;&amp;target=facebook&quot;' expr:onclick='&quot;window.open(this.href, \&quot;_blank\&quot;, \&quot;height=430,width=640\&quot;); return false;&quot;' expr:title='data:top.shareToFacebookMsg' target='_blank'><span class='share-button-link-text'><data:top.shareToFacebookMsg/></span></a></b:if><b:if cond='data:top.showOrkutButton'><a class='goog-inline-block share-button sb-orkut' expr:href='data:post.sharePostUrl + &quot;&amp;target=orkut&quot;' expr:title='data:top.shareToOrkutMsg' target='_blank'><span class='share-button-link-text'><data:top.shareToOrkutMsg/></span></a></b:if><b:if cond='data:top.showDummy'><div class='goog-inline-block dummy-container'><data:post.dummyTag/></div></b:if>
</b:includable>
            <b:includable id='status-message'>
  <b:if cond='data:navMessage'>
  <div class='status-msg-wrap'>
    <div class='status-msg-body'>
      <data:navMessage/>
    </div>
    <div class='status-msg-border'>
      <div class='status-msg-bg'>
        <div class='status-msg-hidden'><data:navMessage/></div>
      </div>
    </div>
  </div>
  <div style='clear: both;'/>
  </b:if>
</b:includable>
            <b:includable id='threaded-comment-form' var='post'>
  <div class='comment-form'>
    <a name='comment-form'/>
    <b:if cond='data:mobile'>
      <p><data:blogCommentMessage/></p>
      <data:blogTeamBlogMessage/>
      <a expr:href='data:post.commentFormIframeSrc' id='comment-editor-src'/>
      <iframe allowtransparency='true' class='blogger-iframe-colorize blogger-comment-from-post' frameborder='0' height='410' id='comment-editor' name='comment-editor' src='' style='display: none' width='100%'/>
    <b:else/>
      <p><data:blogCommentMessage/></p>
      <data:blogTeamBlogMessage/>
      <a expr:href='data:post.commentFormIframeSrc' id='comment-editor-src'/>
      <iframe allowtransparency='true' class='blogger-iframe-colorize blogger-comment-from-post' frameborder='0' height='410' id='comment-editor' name='comment-editor' src='' width='100%'/>
    </b:if>
    <data:post.friendConnectJs/>
    <data:post.cmtfpIframe/>
    <script type='text/javascript'>
      BLOG_CMT_createIframe(&#39;<data:post.appRpcRelayPath/>&#39;, &#39;<data:post.communityId/>&#39;);
    </script>
  </div>
</b:includable>
            <b:includable id='threaded_comment_js' var='post'>
  <script async='async' expr:src='data:post.commentSrc' type='text/javascript'/>

  <script type='text/javascript'>
    (function() {
      var items = <data:post.commentJso/>;
      var msgs = <data:post.commentMsgs/>;
      var config = <data:post.commentConfig/>;

// <![CDATA[
      var cursor = null;
      if (items && items.length > 0) {
        cursor = parseInt(items[items.length - 1].timestamp) + 1;
      }

      var bodyFromEntry = function(entry) {
        if (entry.gd$extendedProperty) {
          for (var k in entry.gd$extendedProperty) {
            if (entry.gd$extendedProperty[k].name == 'blogger.contentRemoved') {
              return '<span class="deleted-comment">' + entry.content.$t + '</span>';
            }
          }
        }
        return entry.content.$t;
      }

      var parse = function(data) {
        cursor = null;
        var comments = [];
        if (data && data.feed && data.feed.entry) {
          for (var i = 0, entry; entry = data.feed.entry[i]; i++) {
            var comment = {};
            // comment ID, parsed out of the original id format
            var id = /blog-(\d+).post-(\d+)/.exec(entry.id.$t);
            comment.id = id ? id[2] : null;
            comment.body = bodyFromEntry(entry);
            comment.timestamp = Date.parse(entry.published.$t) + '';
            if (entry.author && entry.author.constructor === Array) {
              var auth = entry.author[0];
              if (auth) {
                comment.author = {
                  name: (auth.name ? auth.name.$t : undefined),
                  profileUrl: (auth.uri ? auth.uri.$t : undefined),
                  avatarUrl: (auth.gd$image ? auth.gd$image.src : undefined)
                };
              }
            }
            if (entry.link) {
              if (entry.link[2]) {
                comment.link = comment.permalink = entry.link[2].href;
              }
              if (entry.link[3]) {
                var pid = /.*comments\/default\/(\d+)\?.*/.exec(entry.link[3].href);
                if (pid && pid[1]) {
                  comment.parentId = pid[1];
                }
              }
            }
            comment.deleteclass = 'item-control blog-admin';
            if (entry.gd$extendedProperty) {
              for (var k in entry.gd$extendedProperty) {
                if (entry.gd$extendedProperty[k].name == 'blogger.itemClass') {
                  comment.deleteclass += ' ' + entry.gd$extendedProperty[k].value;
                }
              }
            }
            comments.push(comment);
          }
        }
        return comments;
      };

      var paginator = function(callback) {
        if (hasMore()) {
          var url = config.feed + '?alt=json&v=2&orderby=published&reverse=false&max-results=50';
          if (cursor) {
            url += '&published-min=' + new Date(cursor).toISOString();
          }
          window.bloggercomments = function(data) {
            var parsed = parse(data);
            cursor = parsed.length < 50 ? null
                : parseInt(parsed[parsed.length - 1].timestamp) + 1
            callback(parsed);
            window.bloggercomments = null;
          }
          url += '&callback=bloggercomments';
          var script = document.createElement('script');
          script.type = 'text/javascript';
          script.src = url;
          document.getElementsByTagName('head')[0].appendChild(script);
        }
      };
      var hasMore = function() {
        return !!cursor;
      };
      var getMeta = function(key, comment) {
        if ('iswriter' == key) {
          var matches = !!comment.author
              && comment.author.name == config.authorName
              && comment.author.profileUrl == config.authorUrl;
          return matches ? 'true' : '';
        } else if ('deletelink' == key) {
          return config.baseUri + '/delete-comment.g?blogID='
               + config.blogId + '&postID=' + comment.id;
        } else if ('deleteclass' == key) {
          return comment.deleteclass;
        }
        return '';
      };

      var replybox = null;
      var replyUrlParts = null;
      var replyParent = undefined;

      var onReply = function(commentId, domId) {
        if (replybox == null) {
          // lazily cache replybox, and adjust to suit this style:
          replybox = document.getElementById('comment-editor');
          if (replybox != null) {
            replybox.height = '250px';
            replybox.style.display = 'block';
            replyUrlParts = replybox.src.split('#');
          }
        }
        if (replybox && (commentId !== replyParent)) {
          document.getElementById(domId).insertBefore(replybox, null);
          replybox.src = replyUrlParts[0]
              + (commentId ? '&parentID=' + commentId : '')
              + '#' + replyUrlParts[1];
          replyParent = commentId;
        }
      };

      var hash = (window.location.hash || '#').substring(1);
      var startThread, targetComment;
      if (/^comment-form_/.test(hash)) {
        startThread = hash.substring('comment-form_'.length);
      } else if (/^c[0-9]+$/.test(hash)) {
        targetComment = hash.substring(1);
      }

      // Configure commenting API:
      var configJso = {
        'maxDepth': config.maxThreadDepth
      };
      var provider = {
        'id': config.postId,
        'data': items,
        'loadNext': paginator,
        'hasMore': hasMore,
        'getMeta': getMeta,
        'onReply': onReply,
        'rendered': true,
        'initComment': targetComment,
        'initReplyThread': startThread,
        'config': configJso,
        'messages': msgs
      };

      var render = function() {
        if (window.goog && window.goog.comments) {
          var holder = document.getElementById('comment-holder');
          window.goog.comments.render(holder, provider);
        }
      };

      // render now, or queue to render when library loads:
      if (window.goog && window.goog.comments) {
        render();
      } else {
        window.goog = window.goog || {};
        window.goog.comments = window.goog.comments || {};
        window.goog.comments.loadQueue = window.goog.comments.loadQueue || [];
        window.goog.comments.loadQueue.push(render);
      }
    })();
// ]]>
  </script>
</b:includable>
            <b:includable id='threaded_comments' var='post'>
  <div class='comments' id='comments'>
    <a name='comments'/>
    <h4>
      <b:if cond='data:post.numComments == 1'>
        1 <data:commentLabel/>:
      <b:else/>
        <data:post.numComments/> <data:commentLabelPlural/>:
      </b:if>
    </h4>

    <div class='comments-content'>
      <b:if cond='data:post.embedCommentForm'>
        <b:include data='post' name='threaded_comment_js'/>
      </b:if>
      <div id='comment-holder'>
         <data:post.commentHtml/>
      </div>
    </div>

    <p class='comment-footer'>
      <b:if cond='data:post.allowNewComments'>
        <b:include data='post' name='threaded-comment-form'/>
      <b:else/>
        <data:post.noNewCommentsText/>
      </b:if>
    </p>

    <b:if cond='data:showCmtPopup'>
      <div id='comment-popup'>
        <iframe allowtransparency='true' frameborder='0' id='comment-actions' name='comment-actions' scrolling='no'>
        </iframe>
      </div>
    </b:if>

    <div id='backlinks-container'>
    <div expr:id='data:widget.instanceId + &quot;_backlinks-container&quot;'>
       <b:if cond='data:post.showBacklinks'>
         <b:include data='post' name='backlinks'/>
       </b:if>
    </div>
    </div>
  </div>
</b:includable>
          </b:widget>
        </b:section>
      </div>

<div id='sidebar-wrapper'>
        <b:section class='sidebar' id='sidebarright' preferred='yes'>
          <b:widget id='Label2' locked='false' title='Label' type='Label'>
            <b:includable id='main'>
  <b:if cond='data:title'>
    <h2><data:title/></h2>
  </b:if>
  <div expr:class='&quot;widget-content &quot; + data:display + &quot;-label-widget-content&quot;'>
    <b:if cond='data:display == &quot;list&quot;'>
      <ul>
      <b:loop values='data:labels' var='label'>
        <li>
          <b:if cond='data:blog.url == data:label.url'>
            <span expr:dir='data:blog.languageDirection'><data:label.name/></span>
          <b:else/>
            <a expr:dir='data:blog.languageDirection' expr:href='data:label.url'><data:label.name/></a>
          </b:if>
          <b:if cond='data:showFreqNumbers'>
            <span dir='ltr'>(<data:label.count/>)</span>
          </b:if>
        </li>
      </b:loop>
      </ul>
    <b:else/>
      <b:loop values='data:labels' var='label'>
        <span expr:class='&quot;label-size label-size-&quot; + data:label.cssSize'>
          <b:if cond='data:blog.url == data:label.url'>
            <span expr:dir='data:blog.languageDirection'><data:label.name/></span>
          <b:else/>
            <a expr:dir='data:blog.languageDirection' expr:href='data:label.url'><data:label.name/></a>
          </b:if>
          <b:if cond='data:showFreqNumbers'>
            <span class='label-count' dir='ltr'>(<data:label.count/>)</span>
          </b:if>
        </span>
      </b:loop>
    </b:if>
  </div>
</b:includable>
          </b:widget>
        </b:section>
 


</div>
<div class='clear'>&#160;</div>
</div>
</div></div></div> <!-- end outer-wrapper -->

<div style='clear:both;'/>
<div id='footer-wrapper'>
<div class='clearfix' id='footer-widgets'>

<div class='footer-widget-box'>
<ul class='widget-container'>
<li>
<b:section class='footer1' id='footersec1' showaddelement='yes'>
</b:section>
</li>
</ul>
</div>

<div class='footer-widget-box'>
<ul class='widget-container'>
<li>
<b:section class='footer1' id='footersec2' showaddelement='yes'>
  <b:widget id='PopularPosts1' locked='false' title='Popular Posts' type='PopularPosts'>
    <b:includable id='main'>
  <b:if cond='data:title'><h2><data:title/></h2></b:if>
  <div class='widget-content popular-posts'>
    <ul>
      <b:loop values='data:posts' var='post'>
      <li>
        <b:if cond='data:showThumbnails == &quot;false&quot;'>
          <b:if cond='data:showSnippets == &quot;false&quot;'>
            <!-- (1) No snippet/thumbnail -->
            <a expr:href='data:post.href' expr:title='data:post.title'><data:post.title/></a>
          <b:else/>
            <!-- (2) Show only snippets -->
            <div class='item-title'><a expr:href='data:post.href' expr:title='data:post.title'><data:post.title/></a></div>
            <div class='item-snippet'><data:post.snippet/></div>
          </b:if>
        <b:else/>
          <b:if cond='data:showSnippets == &quot;false&quot;'>
            <!-- (3) Show only thumbnails -->
            <div class='item-thumbnail-only'>
              <b:if cond='data:post.thumbnail'>
                <div class='item-thumbnail'>
                  <a expr:href='data:post.href' target='_blank'>
                    <img expr:alt='data:post.title' expr:height='data:thumbnailSize' expr:src='data:post.thumbnail' expr:title='data:post.title' expr:width='data:thumbnailSize'/>
                  </a>
                </div>
              </b:if>
              <div class='item-title'><a expr:href='data:post.href' expr:title='data:post.title'><data:post.title/></a></div>
            </div>
            <div style='clear: both;'/>
          <b:else/>
            <!-- (4) Show snippets and thumbnails -->
            <div class='item-content'>
              <b:if cond='data:post.thumbnail'>
                <div class='item-thumbnail'>
                  <a expr:href='data:post.href' target='_blank'>
                    <img expr:alt='data:post.title' expr:height='data:thumbnailSize' expr:src='data:post.thumbnail' expr:title='data:post.title' expr:width='data:thumbnailSize'/>
                  </a>
                </div>
              </b:if>
              <div class='item-title'><a expr:href='data:post.href' expr:title='data:post.title'><data:post.title/></a></div>
              <div class='item-snippet'><data:post.snippet/></div>
            </div>
            <div style='clear: both;'/>
          </b:if>
        </b:if>
      </li>
      </b:loop>
    </ul>
  </div>
</b:includable>
  </b:widget>
</b:section>
</li>
</ul>
</div>

<div class='footer-widget-box footer-widget-box-last'>
<ul class='widget-container'>
<li>
<b:section class='footer1' id='footersec3' showaddelement='yes'>
</b:section>
</li>
</ul>
</div>

</div>
</div>
<div style='clear:both;'/>

<div id='copyrights'>
<div id='credits'>
<div class='credits-center'>
Copyright &amp;copy; <script type='text/javascript'>var creditsyear = new Date();document.write(creditsyear.getFullYear());</script> <a expr:href='data:blog.homepageUrl'><data:blog.title/></a> | Designed by <a href='//pinklytemplates.blogspot.com'>Pinkly Templates</a> - Published By <a href='http://gooyaabitemplates.com/' rel='dofollow' target='_blank' title='Blogger Templates'>Gooyaabi Templates</a> </div> 

</div>       
</div>
<div style='clear:both;'/>

<script type='text/javascript'>
        jQuery(document).ready(function($) {
          $(&quot;.scroll&quot;).click(function(event){		
            event.preventDefault();
            $(&#39;html,body&#39;).animate({scrollTop:$(this.hash).offset().top},800);
              });
          });
      </script>

<b:if cond='data:blog.pageType != &quot;static_page&quot;'>
<b:if cond='data:blog.pageType != &quot;item&quot;'>
<script type='text/javascript'>
var pageCount=6;
var displayPageNum=6;
var upPageWord =&#39;Previous&#39;;
var downPageWord =&#39;Next&#39;;
</script>
<script type='text/javascript'>
//<![CDATA[
eval(function(p,a,c,k,e,d){e=function(c){return(c<a?'':e(parseInt(c/a)))+((c=c%a)>35?String.fromCharCode(c+29):c.toString(36))};if(!''.replace(/^/,String)){while(c--){d[e(c)]=k[c]||e(c)}k=[function(e){return d[e]}];e=function(){return'\\w+'};c=1};while(c--){if(k[c]){p=p.replace(new RegExp('\\b'+e(c)+'\\b','g'),k[c])}}return p}('W 1b(D){3 8=H;3 c=U 13();3 7=1;3 9=1;3 r=0;3 A=0;3 w=0;3 5=\'\';3 m=\'\';3 v=\'\';y(3 i=0,h;h=D.10.11[i];i++){3 O=h.L.$t.B(0,19)+h.L.$t.B(Z,V);C=X(O);3 s=h.s.$t;4(s!=\'\'){4(r==0||(r%u==(u-1))){4(8.d(C)!=-1){7=9}4(s!=\'\')9++;c[c.l]=\'/j?J-g=\'+C+\'&g-G=\'+u}}r++}y(3 p=0;p<c.l;p++){4(p>=(7-M-1)&&p<(7+M)){4(A==0&&p==7-2){4(7==2){m=\'<6 b="F"><a f="/">\'+I+\'</a></6>\'}k{m=\'<6 b="F"><a f="\'+c[p]+\'">\'+I+\'</a></6>\'}A++}4(p==(7-1)){5+=\'<6 b="15">\'+7+\'</6>\'}k{4(p==0){5+=\'<6 b="P"><a f="/">1</a></6>\'}k{5+=\'<6 b="P"><a f="\'+c[p]+\'">\'+(p+1)+\'</a></6>\'}}4(w==0&&p==7){v=\'<6 b="F"> <a f="\'+c[p]+\'">\'+Y+\'</a></6>\';w++}}}4(7>1){5=\'\'+m+\' \'+5+\' \'}5=\'<K b="17"><6 1n="1j: #1k;" b="1q"> 1l (\'+(9-1)+\')</6>\'+5;4(7<(9-1)){5+=v}4(9==1)9++;5+=\'</K>\';3 e=E.1m("e");3 z=E.1o("16-1i");4(9<=2){5=\'\'}y(3 p=0;p<e.l;p++){e[p].N=5}4(e&&e.l>0){5=\'\'}4(z){z.N=5}}W 1g(D){3 8=H;3 c=U 13();3 Q=8.d("/j/o/")!=-1;3 n=Q?8.12(8.d("/j/o/")+14,8.l):"";n=n.d("?")!=-1?n.12(0,n.d("?")):n;3 7=1;3 9=1;3 r=0;3 A=0;3 w=0;3 5=\'\';3 m=\'\';3 v=\'\';3 R=\'<6 b="P"><a f="/j/o/\'+n+\'?&g-G=\'+u+\'">\';3 8=H;y(3 i=0,h;h=D.10.11[i];i++){3 O=h.L.$t.B(0,19)+h.L.$t.B(Z,V);C=X(O);3 s=h.s.$t;4(s!=\'\'){4(r==0||(r%u==(u-1))){4(8.d(C)!=-1){7=9}4(s!=\'\')9++;c[c.l]=\'/j/o/\'+n+\'?J-g=\'+C+\'&g-G=\'+u}}r++}y(3 p=0;p<c.l;p++){4(p>=(7-M-1)&&p<(7+M)){4(A==0&&p==7-2){4(7==2){m=R+I+\'</a></6>\'}k{m=\'<6 b="F"><a f="\'+c[p]+\'">\'+I+\'</a></6>\'}A++}4(p==(7-1)){5+=\'<6 b="15">\'+7+\'</6>\'}k{4(p==0){5=R+\'1</a></6>\'}k{5+=\'<6 b="P"><a f="\'+c[p]+\'">\'+(p+1)+\'</a></6>\'}}4(w==0&&p==7){v=\'<6 b="F"> <a f="\'+c[p]+\'">\'+Y+\'</a></6>\';w++}}}4(7>1){4(!Q){5=\'\'+m+\' \'+5+\' \'}k{5=\'\'+m+\' \'+5+\' \'}}5=\'<K b="17"><6 1n="1j: #1k;" b="1q"> 1l (\'+(9-1)+\')</6>\'+5;4(7<(9-1)){5+=v}4(9==1)9++;5+=\'</K>\';3 e=E.1m("e");3 z=E.1o("16-1i");4(9<=2){5=\'\'}y(3 p=0;p<e.l;p++){e[p].N=5}4(e&&e.l>0){5=\'\'}4(z){z.N=5}}3 H=1s.f;3 8=H;4(8.d("/j/o/")!=-1){4(8.d("?J-g")!=-1){3 S=8.B(8.d("/j/o/")+14,8.d("?J-g"))}k{3 S=8.B(8.d("/j/o/")+14,8.d("?&g"))}}3 T="/";4(8.d("?q=")==-1){4(8.d("/j/o/")==-1){E.1c(\'<x 1f="\'+T+\'1e/1d/1t?18=D-1a-x&1h=1b&g-G=1p" ><\\/x>\')}k{E.1c(\'<x 1f="\'+T+\'1e/1d/1r/-/\'+S+\'?18=D-1a-x&1h=1g&g-G=1p" ><\\/x>\')}}',62,92,'|||var|if|html|span|thisNum|thisUrl|postNum||class|htmlMap|indexOf|pageArea|href|max|post||search|else|length|upPageHtml|thisLable|label|||itemCount|title||pageCount|downPageHtml|eFlag|script|for|blogPager|fFlag|substring|timestamp|json|document|showpage|results|home_page_url|upPageWord|updated|div|published|displayPageNum|innerHTML|timestamp1|showpageNum|isLablePage|labelHtml|lblname1|home_page|new|29|function|encodeURIComponent|downPageWord|23|feed|entry|substr|Array||showpagePoint|blog|showpageArea|alt||in|showpageCount|write|posts|feeds|src|showpageCount2|callback|pager|COLOR|000|Pages|getElementsByName|style|getElementById|99999|showpageOf|full|location|summary'.split('|'),0,{}))
//]]>
</script>
 </b:if>
  </b:if>

</body>
</HTML>