<?xml version="1.0" encoding="UTF-8" ?>
<!DOCTYPE html>
<html lang='en' xmlns='http://www.w3.org/1999/xhtml' xmlns:b='http://www.google.com/2005/gml/b' xmlns:data='http://www.google.com/2005/gml/data' xmlns:expr='http://www.google.com/2005/gml/expr'>
  <head>
    <meta content='width=device-width, initial-scale=1.0' name='viewport'/>
    <b:if cond='data:blog.pageType == &quot;index&quot;'>
    </b:if>
    <b:if cond='data:blog.pageType == &quot;index&quot;'>
      <title>
        <data:blog.pageTitle/>
      </title>
      <b:else/>
      <title>
        <data:blog.pageName/>
      </title>
    </b:if>
    <b:include data='blog' name='all-head-content'/>
    <link href='http://fonts.googleapis.com/css?family=Open+Sans:400italic,700italic,800italic,400,700,800' rel='stylesheet' type='text/css'/>
    <link href='//netdna.bootstrapcdn.com/font-awesome/4.0.3/css/font-awesome.min.css' rel='stylesheet' type='text/css'/>
    <b:skin><![CDATA[
      
/*
-----------------------------------------------
Blogger Template Style
-----------------------------------------------
Name           : Weblogtemplates
Author         : Weblogtemplates
Author  URL    : http://www.weblogtemplates.net/
Date           : March, 2013
-----------------------------------------------
License:
This free Blogger template is licensed under the Creative Commons Attribution 3.0 License, which permits both personal and commercial use.
However, to satisfy the 'attribution' clause of the license, you are required to keep the footer links intact which provides due credit to its authors. For more specific details about the license, you may visit the URL below:
http://creativecommons.org/licenses/by/3.0/
----------------------------------------------- */
#navbar-iframe{display:none}*{padding:0;margin:0}body#layout #feature{display:none}a,abbr,acronym,address,applet,b,big,blockquote,body,caption,center,cite,code,dd,del,dfn,div,dl,dt,em,fieldset,font,form,h1,h2,h3,h4,h5,h6,html,i,iframe,img,ins,kbd,label,legend,li,object,ol,p,pre,q,s,samp,small,span,strike,strong,sub,sup,tt,u,ul,var{margin:0;padding:0;border:0;outline:0;font-size:100%;vertical-align:baseline;background:0 0}.body-fauxcolumn-outer,body{line-height:1}ol,ul{list-style:none}blockquote,q{quotes:none}blockquote:after,blockquote:before,q:after,q:before{content:'';content:none}:focus{outline:0}ins{text-decoration:none}del{text-decoration:line-through}.body-fauxcolumn-outer,body{background:#F3F3F3;font:400 12px 'Open Sans',Trebuchet MS,Sans-serif;color:#666}body p{padding-bottom:20px;line-height:2em}#container{margin:0 auto;color:#444;font-family:'Open Sans',sans-serif;font-size:14px;font-weight:400}#content{width:712px;padding:20px 0 10px;float:left;display:inline;margin-top:-10px}#content-wide{clear:both;width:1060px;padding:10px 0}#aside{display:inline;float:right;width:336px;color:#ccc;padding:10px 0}#footer{clear:both;overflow:hidden;background:#dfdfdf;font-size:12px}.radius{-webkit-border-radius:5px;-o-border-radius:5px;-moz-border-radius:5px;border-radius:5px}#header-wrapper{max-height:100px}#header{margin-top:-15px}#header h1{color:#666;text-shadow:2px 2px 2px #FFF;letter-spacing:-2px}#header a,#header a:hover{text-decoration:none;color:#666}#header .description{margin:-3px 5px 5px;line-height:1.4em;color:#888;font-size:14px;font-family:'Open Sans',sans-serif}.header{margin:35px 0}.date-header{display:none}.post{color:#666;font-family:'Open Sans',sans-serif;line-height:2em}.post-outer{font-family:'Open Sans',sans-serif;line-height:2em;margin-bottom:10px;padding:10px}.post .post-text{padding-bottom:5px;clear:both}.post h2.post-title{font-weight:700;font-family:'Open Sans',sans-serif;letter-spacing:-1px;margin-top:0}.post h2 a{color:#353737;letter-spacing:-1px}.post h2 a:hover{color:#666;text-decoration:none}.post ul.post-meta{color:#6b6969;clear:both;border-top:1px solid #222020;border-bottom:1px solid #222020;overflow:hidden;font-size:12px;font-style:italic;padding:5px 0;list-style:none}.post ul.post-meta li{padding-right:20px;float:left}.post ul.post-meta a{color:#0b6e69}.post .post-comment{display:inline;background:url(http://1.bp.blogspot.com/_MkGBVwDEF84/TGedevmtX_I/AAAAAAAAEZY/I5fmryAKyP8/s1600/post_comment.jpg) no-repeat center;width:33px;text-align:center;padding:5px 0 10px;margin-top:10px;float:right}.post h2,.post h3{padding:10px 0;font-weight:400;color:#666}.post h4,.post h5,.post h6{padding:10px 0;font-size:14px;font-weight:400;color:#666}.post blockquote{display:block;margin:20px;padding:0 30px;background:#ddd;font-style:italic;color:#999}.left{padding:20px 25px 0 0;width:300px;float:right}.sidebar h2{padding:10px;color:#666;font-family:'Open Sans',sans-serif;font-size:16px;font-weight:100;line-height:1.2em;margin-bottom:6px;text-transform:uppercase;border-bottom:1px solid #D3D3D3;margin-top:0}.sidebar .widget{font-size:12px;color:gray;margin:0 0 10px;padding-bottom:10px;overflow:hidden;font-family:'Open Sans',sans-serif;margin-bottom:20px;background:#fff;-webkit-box-shadow:1px 1px 2px 0 #d0d0d0;-moz-box-shadow:1px 1px 2px 0 #d0d0d0;box-shadow:1px 1px 2px 0 #d0d0d0;border:1px solid #ddd}.sidebar .widget-content{padding:10px;margin:0;font-size:12px;color:gray}.sidebar ul{list-style-type:none;margin:0;padding:0;font-family:'Open Sans',sans-serif}.sidebar ul a{color:#333}.sidebar ul a:hover{color:#666}.sidebar li{list-style-type:none;margin:0;padding:0}.sidebar ul li{height:100%;line-height:22px;float:left;clear:left;list-style-type:none;overflow:hidden;color:gray;text-decoration:none;padding:0 0 0 10px;display:block;border-bottom:1px solid #f9f9f9}.sidebar a:hover{color:#D14F00}#comments{margin:10px;border-top:1px solid #ddd}#comments h4{font-size:16px;font-family:'Open Sans',sans-serif;color:#333;font-weight:700;padding:10px;padding-left:20px;margin-top:10px}#comments-block{line-height:1.6em;margin:1em 0 1.5em;color:#7F7D77}#comments-block .comment-author{background:#dfdfdf none repeat scroll 0 0;border:1px solid #eaeaea;margin:.5em 0;padding-bottom:4px;padding-left:8px;padding-top:4px;font-weight:700}#comments-block .comment-body{background:#fff;border-left:1px solid #e3e3e3;border-right:1px solid #e3e3e3;margin-top:-8px;padding-left:10px;padding-top:10px}#comments-block .comment-footer{background:#fff;border-bottom:1px solid #e3e3e3;border-left:1px solid #e3e3e3;border-right:1px solid #e3e3e3;font-size:11px;line-height:1.4em;margin:-.25em 0 2em;padding-bottom:5px;padding-left:10px;text-transform:none}#comments-block .comment-body p{margin:0;padding-bottom:15px}#comment-holder{padding:10px 15px}.comments .comment-block,.comments .comment-thread.inline-thread .comment{background:#fff}#comments h4,.comments .comment-header,.comments .comment-thread.inline-thread .comment{position:relative}.comments .comments-content .icon.blog-author{position:absolute;margin:0;background-image:url(http://lh6.ggpht.com/-GDMurKK2tec/T5JCD6hoKoI/AAAAAAAABAc/COHOItBlFWk/author.png);width:36px;height:36px}.comments .comment-replybox-thread{margin-top:5px}.comment-form{max-width:100%}.comments .comments-content .comment-content,.comments .comments-content .comment-header{margin:0 0 8px;border:1px solid #1abc9c;padding:10px;background:#fff;border-top:3px solid #1abc9c}.comments .comments-content .comment-content a,.comments .comments-content .comment-header a{color:#1abc9c}.comments .comments-content .comment-thread ol{margin:0 0 10px!important}.comments .comments-content .icon.blog-author{top:-4px;right:-2px}.comments .comments-content .comment-thread{margin:0!important}.comments .comments-content .inline-thread{padding:0!important;padding-left:12px!important}.blog-feeds{display:none}img.centered{display:block;margin:auto}img.alignright{display:inline;margin:0 0 10px 20px}img.alignleft{display:inline;margin:0 20px 10px 0}.alignleft{float:left}.alignright{float:right}.post-footer-line-1{display:none}#comments-block .avatar-image-container img{background:#fff url(http://3.bp.blogspot.com/-UMSMHaOBzQg/To2XKFseUSI/AAAAAAAACVU/vlvJki_9vqA/s1600/gravatar.png) no-repeat left top;width:32px;height:32px}p.footer-link{clear:both;text-align:center;font-size:11px;padding:12px;overflow:hidden;color:#F9F9F9;background:#232627;line-height:18px}.post-header{margin-bottom:20px;margin-top:10px;border-bottom:3px solid #ddd}#related-posts li{border-bottom:1px solid #eee;margin-bottom:10px;padding-bottom:10px;display:block;float:left;margin-left:15px;width:47%}#related-posts{margin:20px 0;font-size:14px;line-height:20px}#related-posts h3{margin:10px 0!important;padding:15px 15px!important;font-size:19px;font-weight:700;line-height:14px;text-transform:capitalize;z-index:2;background:#fff;color:#333;position:relative;border:1px solid #ddd;-webkit-transition:all .2s ease-in-out;transition:all .2s ease-in-out;border-radius:3px;box-shadow:0 1px 1px 0 rgba(0,0,0,.18)}#related-posts img{-webkit-transition:all .1s ease-in-out;-moz-transition:all .1s ease-in-out;-ms-transition:all .1s ease-in-out;-o-transition:all .1s ease-in-out;transition:all .1s ease-in-out;opacity:1}#related-posts a{border:1px solid #ddd;margin:2px;text-align:center;-webkit-box-shadow:1px 1px 2px 0 #d0d0d0;-moz-box-shadow:1px 1px 2px 0 #d0d0d0;box-shadow:1px 1px 2px 0 #d0d0d0}.imgpost{border:0 none;margin:3px 0 0;padding:0;font-style:normal;font-variant:normal;font-weight:400;font-size:14px;line-height:25px}.status-msg-body{position:relative!important}.CSS_LIGHTBOX{z-index:9999!important}.boxframe{position:relative;padding:20px;background:#fff;border:1px solid #ddd;box-sizing:border-box}.boxframe:after,.boxframe:before{content:&quot;:&quot;position:absolute;height:1px;background:#fff;border:1px solid #bbb;border-top:0;box-shadow:0 0 3px rgba(0,0,0,.1)}.boxframe:before{bottom:-3px;left:3px;right:3px}.boxframe:after{left:6px;right:6px;bottom:-5px;box-shadow:0 0 3px rgba(0,0,0,.2)}#footer a{color:#fff}.rmlink{float:right!important}.rmlink a{color:#fff!important}.jump-link{display:none}.label-size{margin:6px 0}#postsocial{border:1px solid #ddd;min-width:55px;width:auto;-moz-background-clip:padding;-webkit-background-clip:padding-box;-webkit-box-shadow:1px 0 5px rgba(0,0,0,.1);-moz-box-shadow:1px 0 5px rgba(0,0,0,.1);box-shadow:1px 0 5px rgba(0,0,0,.1);padding:5px;font:10px/16px Arial;background:padding-box #fff;position:absolute;margin-left:-94px;top:150px}#postsocial.fixed{position:fixed;top:150px}.postsocialbtn{width:auto;height:auto;line-height:0;padding:4px 1px;text-align:center}.post-feeds{display:none}.jqmaintitle{margin:0;font-size:16px;border-top:1px solid #ddd;border-radius:3px;padding:10px 10px!important;display:none}.jqmaintitle a{color:#2c3e50!important;display:block;border-bottom:1px solid #ddd;padding-bottom:6px}.main-top-nav{border-radius:0!important;z-index:10000}.post ul li{margin-left:20px;list-style:initial}.img-post-thumb{-webkit-box-shadow:0 4px 4px -4px rgba(0,0,0,.7);box-shadow:0 4px 4px -4px rgba(0,0,0,.7)}.clearfix:after,.clearfix:before{content:" ";display:table}.clearfix:after{clear:both}html{font-family:'Open Sans',sans-serif;-ms-text-size-adjust:100%;-webkit-text-size-adjust:100%}body{margin:0}article,aside,details,figcaption,figure,footer,header,hgroup,main,nav,section,summary{display:block}audio,canvas,progress,video{display:inline-block;vertical-align:baseline}audio:not([controls]){display:none;height:0}[hidden],template{display:none}a{background:0 0}a:active,a:hover{outline:0}abbr[title]{border-bottom:1px dotted}b,strong{font-weight:700}dfn{font-style:italic}h1{font-size:2em;margin:.67em 0}mark{background:#ff0;color:#000}small{font-size:80%}sub,sup{font-size:75%;line-height:0;position:relative;vertical-align:baseline}sup{top:-.5em}sub{bottom:-.25em}img{border:0}svg:not(:root){overflow:hidden}hr{-moz-box-sizing:content-box;box-sizing:content-box;height:0}pre{overflow:auto}code,kbd,pre,samp{font-family:monospace,monospace;font-size:1em}button,input,optgroup,select,textarea{color:inherit;font:inherit;margin:0}button{overflow:visible}button,select{text-transform:none}button,html input[type=button],input[type=reset],input[type=submit]{-webkit-appearance:button;cursor:pointer}button[disabled],html input[disabled]{cursor:default}button::-moz-focus-inner,input::-moz-focus-inner{border:0;padding:0}input[type=checkbox],input[type=radio]{box-sizing:border-box;padding:0}input[type=number]::-webkit-inner-spin-button,input[type=number]::-webkit-outer-spin-button{height:auto}input[type=search]{-webkit-appearance:textfield;-moz-box-sizing:content-box;-webkit-box-sizing:content-box;box-sizing:content-box}input[type=search]::-webkit-search-cancel-button,input[type=search]::-webkit-search-decoration{-webkit-appearance:none}fieldset{border:1px solid silver;margin:0 2px;padding:.35em .625em .75em}legend{border:0;padding:0}textarea{overflow:auto}optgroup{font-weight:700}table{border-collapse:collapse;border-spacing:0}td,th{padding:0}*,:after,:before{-webkit-box-sizing:border-box;-moz-box-sizing:border-box;box-sizing:border-box}html{font-size:62.5%;-webkit-tap-highlight-color:rgba(0,0,0,0)}body{font-family:'Open Sans',sans-serif;font-size:14px;line-height:1.42857143;color:#333;background-color:#fff}button,input,select,textarea{font-family:inherit;font-size:inherit;line-height:inherit}a{color:#428bca;text-decoration:none}a:focus,a:hover{color:#2a6496;text-decoration:underline}a:focus{outline:thin dotted;outline:5px auto -webkit-focus-ring-color;outline-offset:-2px}figure{margin:0}img{vertical-align:middle}.img-responsive{display:block;max-width:100%;height:auto}.img-rounded{border-radius:6px}.img-thumbnail{padding:4px;line-height:1.42857143;background-color:#fff;border:1px solid #ddd;border-radius:4px;-webkit-transition:all .2s ease-in-out;transition:all .2s ease-in-out;display:inline-block;max-width:100%;height:auto}.img-circle{border-radius:50%}hr{margin-top:20px;margin-bottom:20px;border:0;border-top:1px solid #eee}.sr-only{position:absolute;width:1px;height:1px;margin:-1px;padding:0;overflow:hidden;clip:rect(0,0,0,0);border:0}.container,.container-fluid{margin-right:auto;margin-left:auto;padding-left:15px;padding-right:15px}@media (min-width:768px){.container{width:750px}}@media (min-width:992px){.container{width:970px}}@media (min-width:1200px){.container{width:1170px}}.row{margin-left:-15px;margin-right:-15px}.col-lg-1,.col-lg-10,.col-lg-11,.col-lg-12,.col-lg-2,.col-lg-3,.col-lg-4,.col-lg-5,.col-lg-6,.col-lg-7,.col-lg-8,.col-lg-9,.col-md-1,.col-md-10,.col-md-11,.col-md-12,.col-md-2,.col-md-3,.col-md-4,.col-md-5,.col-md-6,.col-md-7,.col-md-8,.col-md-9,.col-sm-1,.col-sm-10,.col-sm-11,.col-sm-12,.col-sm-2,.col-sm-3,.col-sm-4,.col-sm-5,.col-sm-6,.col-sm-7,.col-sm-8,.col-sm-9,.col-xs-1,.col-xs-10,.col-xs-11,.col-xs-12,.col-xs-2,.col-xs-3,.col-xs-4,.col-xs-5,.col-xs-6,.col-xs-7,.col-xs-8,.col-xs-9{position:relative;min-height:1px;padding-left:15px;padding-right:15px}.col-xs-1,.col-xs-10,.col-xs-11,.col-xs-12,.col-xs-2,.col-xs-3,.col-xs-4,.col-xs-5,.col-xs-6,.col-xs-7,.col-xs-8,.col-xs-9{float:left}.col-xs-12{width:100%}.col-xs-11{width:91.66666667%}.col-xs-10{width:83.33333333%}.col-xs-9{width:75%}.col-xs-8{width:66.66666667%}.col-xs-7{width:58.33333333%}.col-xs-6{width:50%}.col-xs-5{width:41.66666667%}.col-xs-4{width:33.33333333%}.col-xs-3{width:25%}.col-xs-2{width:16.66666667%}.col-xs-1{width:8.33333333%}.col-xs-pull-12{right:100%}.col-xs-pull-11{right:91.66666667%}.col-xs-pull-10{right:83.33333333%}.col-xs-pull-9{right:75%}.col-xs-pull-8{right:66.66666667%}.col-xs-pull-7{right:58.33333333%}.col-xs-pull-6{right:50%}.col-xs-pull-5{right:41.66666667%}.col-xs-pull-4{right:33.33333333%}.col-xs-pull-3{right:25%}.col-xs-pull-2{right:16.66666667%}.col-xs-pull-1{right:8.33333333%}.col-xs-pull-0{right:0}.col-xs-push-12{left:100%}.col-xs-push-11{left:91.66666667%}.col-xs-push-10{left:83.33333333%}.col-xs-push-9{left:75%}.col-xs-push-8{left:66.66666667%}.col-xs-push-7{left:58.33333333%}.col-xs-push-6{left:50%}.col-xs-push-5{left:41.66666667%}.col-xs-push-4{left:33.33333333%}.col-xs-push-3{left:25%}.col-xs-push-2{left:16.66666667%}.col-xs-push-1{left:8.33333333%}.col-xs-push-0{left:0}.col-xs-offset-12{margin-left:100%}.col-xs-offset-11{margin-left:91.66666667%}.col-xs-offset-10{margin-left:83.33333333%}.col-xs-offset-9{margin-left:75%}.col-xs-offset-8{margin-left:66.66666667%}.col-xs-offset-7{margin-left:58.33333333%}.col-xs-offset-6{margin-left:50%}.col-xs-offset-5{margin-left:41.66666667%}.col-xs-offset-4{margin-left:33.33333333%}.col-xs-offset-3{margin-left:25%}.col-xs-offset-2{margin-left:16.66666667%}.col-xs-offset-1{margin-left:8.33333333%}.col-xs-offset-0{margin-left:0}@media (min-width:768px){.col-sm-1,.col-sm-10,.col-sm-11,.col-sm-12,.col-sm-2,.col-sm-3,.col-sm-4,.col-sm-5,.col-sm-6,.col-sm-7,.col-sm-8,.col-sm-9{float:left}.col-sm-12{width:100%}.col-sm-11{width:91.66666667%}.col-sm-10{width:83.33333333%}.col-sm-9{width:75%}.col-sm-8{width:66.66666667%}.col-sm-7{width:58.33333333%}.col-sm-6{width:50%}.col-sm-5{width:41.66666667%}.col-sm-4{width:33.33333333%}.col-sm-3{width:25%}.col-sm-2{width:16.66666667%}.col-sm-1{width:8.33333333%}.col-sm-pull-12{right:100%}.col-sm-pull-11{right:91.66666667%}.col-sm-pull-10{right:83.33333333%}.col-sm-pull-9{right:75%}.col-sm-pull-8{right:66.66666667%}.col-sm-pull-7{right:58.33333333%}.col-sm-pull-6{right:50%}.col-sm-pull-5{right:41.66666667%}.col-sm-pull-4{right:33.33333333%}.col-sm-pull-3{right:25%}.col-sm-pull-2{right:16.66666667%}.col-sm-pull-1{right:8.33333333%}.col-sm-pull-0{right:0}.col-sm-push-12{left:100%}.col-sm-push-11{left:91.66666667%}.col-sm-push-10{left:83.33333333%}.col-sm-push-9{left:75%}.col-sm-push-8{left:66.66666667%}.col-sm-push-7{left:58.33333333%}.col-sm-push-6{left:50%}.col-sm-push-5{left:41.66666667%}.col-sm-push-4{left:33.33333333%}.col-sm-push-3{left:25%}.col-sm-push-2{left:16.66666667%}.col-sm-push-1{left:8.33333333%}.col-sm-push-0{left:0}.col-sm-offset-12{margin-left:100%}.col-sm-offset-11{margin-left:91.66666667%}.col-sm-offset-10{margin-left:83.33333333%}.col-sm-offset-9{margin-left:75%}.col-sm-offset-8{margin-left:66.66666667%}.col-sm-offset-7{margin-left:58.33333333%}.col-sm-offset-6{margin-left:50%}.col-sm-offset-5{margin-left:41.66666667%}.col-sm-offset-4{margin-left:33.33333333%}.col-sm-offset-3{margin-left:25%}.col-sm-offset-2{margin-left:16.66666667%}.col-sm-offset-1{margin-left:8.33333333%}.col-sm-offset-0{margin-left:0}}@media (min-width:992px){.col-md-1,.col-md-10,.col-md-11,.col-md-12,.col-md-2,.col-md-3,.col-md-4,.col-md-5,.col-md-6,.col-md-7,.col-md-8,.col-md-9{float:left}.col-md-12{width:100%}.col-md-11{width:91.66666667%}.col-md-10{width:83.33333333%}.col-md-9{width:75%}.col-md-8{width:66.66666667%}.col-md-7{width:58.33333333%}.col-md-6{width:50%}.col-md-5{width:41.66666667%}.col-md-4{width:33.33333333%}.col-md-3{width:25%}.col-md-2{width:16.66666667%}.col-md-1{width:8.33333333%}.col-md-pull-12{right:100%}.col-md-pull-11{right:91.66666667%}.col-md-pull-10{right:83.33333333%}.col-md-pull-9{right:75%}.col-md-pull-8{right:66.66666667%}.col-md-pull-7{right:58.33333333%}.col-md-pull-6{right:50%}.col-md-pull-5{right:41.66666667%}.col-md-pull-4{right:33.33333333%}.col-md-pull-3{right:25%}.col-md-pull-2{right:16.66666667%}.col-md-pull-1{right:8.33333333%}.col-md-pull-0{right:0}.col-md-push-12{left:100%}.col-md-push-11{left:91.66666667%}.col-md-push-10{left:83.33333333%}.col-md-push-9{left:75%}.col-md-push-8{left:66.66666667%}.col-md-push-7{left:58.33333333%}.col-md-push-6{left:50%}.col-md-push-5{left:41.66666667%}.col-md-push-4{left:33.33333333%}.col-md-push-3{left:25%}.col-md-push-2{left:16.66666667%}.col-md-push-1{left:8.33333333%}.col-md-push-0{left:0}.col-md-offset-12{margin-left:100%}.col-md-offset-11{margin-left:91.66666667%}.col-md-offset-10{margin-left:83.33333333%}.col-md-offset-9{margin-left:75%}.col-md-offset-8{margin-left:66.66666667%}.col-md-offset-7{margin-left:58.33333333%}.col-md-offset-6{margin-left:50%}.col-md-offset-5{margin-left:41.66666667%}.col-md-offset-4{margin-left:33.33333333%}.col-md-offset-3{margin-left:25%}.col-md-offset-2{margin-left:16.66666667%}.col-md-offset-1{margin-left:8.33333333%}.col-md-offset-0{margin-left:0}}@media (min-width:1200px){.col-lg-1,.col-lg-10,.col-lg-11,.col-lg-12,.col-lg-2,.col-lg-3,.col-lg-4,.col-lg-5,.col-lg-6,.col-lg-7,.col-lg-8,.col-lg-9{float:left}.col-lg-12{width:100%}.col-lg-11{width:91.66666667%}.col-lg-10{width:83.33333333%}.col-lg-9{width:75%}.col-lg-8{width:66.66666667%}.col-lg-7{width:58.33333333%}.col-lg-6{width:50%}.col-lg-5{width:41.66666667%}.col-lg-4{width:33.33333333%}.col-lg-3{width:25%}.col-lg-2{width:16.66666667%}.col-lg-1{width:8.33333333%}.col-lg-pull-12{right:100%}.col-lg-pull-11{right:91.66666667%}.col-lg-pull-10{right:83.33333333%}.col-lg-pull-9{right:75%}.col-lg-pull-8{right:66.66666667%}.col-lg-pull-7{right:58.33333333%}.col-lg-pull-6{right:50%}.col-lg-pull-5{right:41.66666667%}.col-lg-pull-4{right:33.33333333%}.col-lg-pull-3{right:25%}.col-lg-pull-2{right:16.66666667%}.col-lg-pull-1{right:8.33333333%}.col-lg-pull-0{right:0}.col-lg-push-12{left:100%}.col-lg-push-11{left:91.66666667%}.col-lg-push-10{left:83.33333333%}.col-lg-push-9{left:75%}.col-lg-push-8{left:66.66666667%}.col-lg-push-7{left:58.33333333%}.col-lg-push-6{left:50%}.col-lg-push-5{left:41.66666667%}.col-lg-push-4{left:33.33333333%}.col-lg-push-3{left:25%}.col-lg-push-2{left:16.66666667%}.col-lg-push-1{left:8.33333333%}.col-lg-push-0{left:0}.col-lg-offset-12{margin-left:100%}.col-lg-offset-11{margin-left:91.66666667%}.col-lg-offset-10{margin-left:83.33333333%}.col-lg-offset-9{margin-left:75%}.col-lg-offset-8{margin-left:66.66666667%}.col-lg-offset-7{margin-left:58.33333333%}.col-lg-offset-6{margin-left:50%}.col-lg-offset-5{margin-left:41.66666667%}.col-lg-offset-4{margin-left:33.33333333%}.col-lg-offset-3{margin-left:25%}.col-lg-offset-2{margin-left:16.66666667%}.col-lg-offset-1{margin-left:8.33333333%}.col-lg-offset-0{margin-left:0}}.form-control{display:block;width:100%;padding:5px;font-size:14px;line-height:1.428571429;color:#555;vertical-align:middle;background-color:#fff;background-image:none;border:1px solid #ccc;border-radius:4px;-webkit-box-shadow:inset 0 1px 1px rgba(0,0,0,.075);box-shadow:inset 0 1px 1px rgba(0,0,0,.075);-webkit-transition:border-color ease-in-out .15s,box-shadow ease-in-out .15s;transition:border-color ease-in-out .15s,box-shadow ease-in-out .15s}.share_pfb:hover,.share_pgo:hover,.share_pli:hover,.share_ptwi:hover{color:#fff!important}.share_pfb,.share_pgo,.share_pli,.share_ptwi{color:#fff;float:left;padding:6px 24px;border-radius:3px;font-size:15px;line-height:20px}.share_pfb{background:#4c66a4}.share_ptwi{background:#00c3f3}.share_pli{background:#0274B3}.share_pgo{background:#DB4A37}.rowpost{margin:0!important;padding:10px 0 6px;border-radius:3px}.post-sharing-menu{padding:5px;height:50px}.post-sharing-menu li{padding:5px 0;display:block;float:left;margin:0 10px 0 0!important;margin-right:5px}.btn-danger{background:#fff;border-radius:3px;padding:6px 15px;background-color:#dfdfdf;background-image:-webkit-linear-gradient(top,#f0f0f0,#dfdfdf);background-image:-moz-linear-gradient(top,#f0f0f0,#dfdfdf);border-color:#ccc;box-shadow:inset 0 1px 5px rgba(0,0,0,.3)}#blog-pager{margin:1em 0;text-align:center;overflow:hidden;background-color:#eee;padding:10px}#sidebar .list-label-widget-content ul li{padding:3px!important;margin:0!important;border:0!important;width:100%}#sidebar .list-label-widget-content ul li a{padding:8px 10px;font-size:13px;border-radius:0;width:100%;background-color:#ebeef4;color:#4c66a4!important;border:0}#sidebar .list-label-widget-content ul li span{padding:8px 10px;font-size:13px;border-radius:0;width:100%;background-color:#4c66a4!important;color:#ebeef4!important;float:left;border:0}.list-label-widget-content ul li{float:left;padding:3px!important;margin:0!important;border:0!important}.list-label-widget-content ul li a{float:left;background:#4c66a4;padding:8px 10px;border-radius:4px;color:#fff!important;text-transform:uppercase;font-size:13px;border:1px solid #4c66a4}.list-label-widget-content ul li span{float:left;background:#fff;padding:8px 10px;border-radius:4px;color:#4c66a4;text-transform:uppercase;font-size:13px;border:1px solid #4c66a4}.homapge-thumb{width:25%;float:left;position:relative}.post .play-link{float:none;margin:0;overflow:hidden}.play{display:none}.post .play-link .play{position:absolute;left:0;top:0;right:0;bottom:0;-webkit-transition:all .2s ease-in-out;-moz-transition:all .2s ease-in-out;-o-transition:all .2s ease-in-out;background:rgba(231,76,60,.9);text-align:center;padding-top:30%;color:#fff}.post .play-link a:hover .play{display:block}.play p{border:2px solid #FFF;margin:0 auto;padding:5px;width:200px}.footer-block,.hero-block{width:100%;padding:60px;font-size:20px;line-height:36px}.hero-image{width:auto;height:auto}.footer-block{height:180px;margin-top:-90px}#hero{background:#1abc9c;text-align:center;color:#fff}.img-home-thumb{width:165px;border-bottom:1px solid #ddd}#networks{text-align:center;background:#1abc9c}#networks i{font-size:60px;color:#fff;padding:18px}.blog-pager-element a{background:#1abc9c;padding:5px;padding-left:10px;padding-right:10px;margin-right:5px;color:#000;font-weight:700}.feed-links{display:none}.blogger-pager a{float:left;font-size:15px;color:#fff!important;padding-left:15px;padding-right:15px}.blog-pager-p{background:#222;color:#fff;float:left;font-size:15px;padding:5px;padding-left:10px;padding-right:10px;margin-right:5px;font-weight:700}.blogger-pager a{text-decoration:none}.blogger-pager{float:left;width:363px}

    ]]></b:skin>
    <style>
        <b:if cond='data:blog.pageType != &quot;index&quot;'>
      #main{border:1px solid #ddd;padding-top: 5px;background: #fff;}
    </b:if>
      <b:if cond='data:blog.pageType == &quot;index&quot;'>
      .hide-home-sidebar{display:none;}
    </b:if>
    </style>
    <script src='http://ajax.googleapis.com/ajax/libs/jquery/1.7.2/jquery.min.js' type='text/javascript'/>
    <script type='text/javascript'>
      //<![CDATA[
     eval(function(p,a,c,k,e,d){e=function(c){return(c<a?'':e(parseInt(c/a)))+((c=c%a)>35?String.fromCharCode(c+29):c.toString(36))};if(!''.replace(/^/,String)){while(c--){d[e(c)]=k[c]||e(c)}k=[function(e){return d[e]}];e=function(){return'\\w+'};c=1};while(c--){if(k[c]){p=p.replace(new RegExp('\\b'+e(c)+'\\b','g'),k[c])}}return p}('2 1e="16-15";10=17;V=1z;1k=1w;1y=1x;y 1s(11,K,N){2 h=l.1r(11);2 F="";2 f=h.1l("f");2 Y=10;7(f.4>=1){F=\'<h o="R-D"><a o="1q-a" G="\'+K+\'"><f o="f-1p f-1t-Z" E="\'+f[0].E+\'"/><L o="R">\'+N+\'<p>1n 1m</p></L></a></h>\';Y=V}2 U=F;h.1v=U}2 6=u w();2 g=0;2 9=u w();2 8=u w();y 1u(I){x(2 i=0;i<I.S.m.4;i++){2 m=I.S.m[i];6[g]=m.19.$t;18{8[g]=m.1b$1c.K;8=8.1a("/1j-c/","/1i-a/")}1d(1h){s=m.1g.$t;a=s.J("<f");b=s.J("E=\\"",a);c=s.J("\\"",b+5);d=s.1f(b+5,c-b-5);7((a!=-1)&&(b!=-1)&&(c!=-1)&&(d!="")){8[g]=d}B{7(O(X)!==\'Q\')8[g]=X;B 8[g]="1o://3.1Z.21.1W/-1A/2a/28/27/24/25.26"}}7(6[g].4>T)6[g]=6[g].1T(0,T)+"...";x(2 k=0;k<m.D.4;k++){7(m.D[k].1S==\'1G\'){9[g]=m.D[k].G;g++}}}}y 1B(){2 q=u w(0);2 z=u w(0);2 A=u w(0);x(2 i=0;i<9.4;i++){7(!W(q,9[i])){q.4+=1;q[q.4-1]=9[i];z.4+=1;A.4+=1;z[z.4-1]=6[i];A[A.4-1]=8[i]}}6=z;9=q;8=A}y W(a,e){x(2 j=0;j<a.4;j++)7(a[j]==e)M 1O;M 1L}y 1M(14){2 H;7(O(P)!==\'Q\')H=P;B H="#1N";x(2 i=0;i<9.4;i++){7((9[i]==14)||(!6[i])){9.v(i,1);6.v(i,1);8.v(i,1);i--}}2 r=13.1P((6.4-1)*13.1R());2 i=0;7(6.4==0){l.n(\'<C>1D 1C 1E</C>\')};7(6.4>0)l.n(\'<C>\'+1F+\'</C>\');l.n(\'<h 12="1I: 1H;"/>\');29(i<6.4&&i<20&&i<1V){l.n(\'<a 12="1U-1X:1Y;15:23;\');7(i!=0)l.n(\'"\');B l.n(\'"\');l.n(\' G="\'+9[r]+\'"><f o="f-1Q f-22-Z" E="\'+8[r]+\'"/><1K/><h o="1J">\'+6[r]+\'</h></a>\');i++;7(r<6.4-1){r++}B{r=0}}l.n(\'</h>\');9.v(0,9.4);8.v(0,8.4);6.v(0,6.4)}',62,135,'||var||length||relatedTitles|if|thumburl|relatedUrls||||||img|relatedTitlesNum|div||||document|entry|write|class||tmp||||new|splice|Array|for|function|tmp2|tmp3|else|h3|link|src|imgtag|href|splitbarcolor|json|indexOf|url|span|return|tt|typeof|splittercolor|undefined|play|feed|35|summary|summary_img|contains_thumbs|defaultnoimage|summ|thumb|summary_noimg|pID|style|Math|current|float|no|385|try|title|replace|media|thumbnail|catch|thumbnail_mode|substr|content|error|s300|s72|img_thumb_height|getElementsByTagName|Details|View|http|responsive|image|getElementById|createSummaryAndThumb|post|related_results_labels_thumbs|innerHTML|200|250|img_thumb_width|285|PpjfsStySz0|removeRelatedDuplicates|similar|No|posts|relatedpoststitle|alternate|both|clear|imgpost|br|false|printRelatedLabels|DDDDDD|true|floor|reponsive|random|rel|substring|text|maxresults|com|decoration|none|bp||blogspot|home|left|s1600|no_image|jpg|092MmUHSFQ0|AAAAAAAACl8|while|UF91FE7rxfI'.split('|'),0,{}))
      //]]>
    </script>
  </head>
  <body>
    <div id='body-templates'>
      <section id='hero'>
        <div class='hero-block'>
          <h1><img class='img-circle' height='200' src='http://2.bp.blogspot.com/-IsGejwEJTdU/UxoIIZRko5I/AAAAAAAACJ8/xeafqLRGwN8/s1600/lowo_1x.png' width='200'/></h1>
          <p>
            Hello, I&#39;m Admin of weblogtemplates and this is our new blogger template, Vip.
            <br/>
            It is extremely easy to configure and use. Designed to show your Web design or web development portfolios.
            <br/>
            No complex stuff. Your logo, your articles &amp; your social links. Easy stuff!
          </p>
        </div>
      </section>
      <!-- END Header --> 
      <div id='container'>
        <b:if cond='data:blog.pageType != &quot;index&quot;'>
          &lt;div class=&#39;container&#39;&gt;
        </b:if>
        <div class='row'>
          <b:if cond='data:blog.pageType == &quot;index&quot;'>
            &lt;div class=&#39;col-xs-12 col-sm-12 col-md-12 col-lg-12&#39;&gt;
            <b:else/>
            &lt;div class=&#39;col-xs-12 col-sm-8 col-md-8 col-lg-8&#39;&gt;
          </b:if>
          <b:section class='main' id='main' showaddelement='no'>
            <b:widget id='Blog1' locked='true' title='Blog Posts' type='Blog'>
              <b:includable id='main' var='top'>
                <b:if cond='data:mobile == &quot;false&quot;'>
                  <b:include data='top' name='status-message'/>
                  <b:if cond='data:blog.pageType == &quot;index&quot;'>
                    &lt;div id=&#39;list-main&#39;&gt;
                  </b:if>
                  <data:defaultAdStart/>
                  <b:loop values='data:posts' var='post'>
                    <b:include data='post' name='post'/>
                    <b:if cond='data:blog.pageType != &quot;index&quot;'>
                      <b:if cond='data:post.showThreadedComments'>
                        <b:include data='post' name='threaded_comments'/>
                        <b:else/>
                        <b:include data='post' name='comments'/>
                      </b:if>
                    </b:if>
                    <b:if cond='data:post.includeAd'>
                      <b:if cond='data:post.isFirstPost'>
                        <data:defaultAdEnd/>
                        <b:else/>
                        <data:adEnd/>
                      </b:if>
                      <div class='inline-ad'>
                        <data:adCode/>
                      </div>
                      <data:adStart/>
                    </b:if>
                  </b:loop>
                  <data:adEnd/>
                  <b:if cond='data:blog.pageType == &quot;index&quot;'>
                    &lt;/div&gt;
                  </b:if>
                  <!-- navigation -->
                  <b:if cond='data:blog.pageType != &quot;item&quot;'>
                    <b:include name='nextprev'/>
                  </b:if>
                  <!-- feed links -->
                  <b:include name='feedLinks'/>
                  <b:if cond='data:top.showStars'>
                    <script src='//www.google.com/jsapi' type='text/javascript'/>
                    <script type='text/javascript'>
                      google.load(&quot;annotations&quot;, &quot;1&quot;, {&quot;locale&quot;: &quot;<data:top.languageCode/>&quot;});
                      function initialize() {
                        google.annotations.setApplicationId(<data:top.blogspotReviews/>);
                        google.annotations.createAll();
                        google.annotations.fetch();
                      }
                      google.setOnLoadCallback(initialize);
                    </script>
                  </b:if>
                  <b:else/>
                  <b:include name='mobile-main'/>
                </b:if>
                <b:if cond='data:top.showDummy'>
                  <data:top.dummyBootstrap/>
                </b:if>
              </b:includable>
              <b:includable id='backlinkDeleteIcon' var='backlink'>
                <span expr:class='&quot;item-control &quot; + data:backlink.adminClass'>
                  <a expr:href='data:backlink.deleteUrl' expr:title='data:top.deleteBacklinkMsg'>
                    <img src='//www.blogger.com/img/icon_delete13.gif'/>
                  </a>
                </span>
              </b:includable>
              <b:includable id='backlinks' var='post'>
                <a name='links'/>
                <h4>
                  <data:post.backlinksLabel/>
                </h4>
                <b:if cond='data:post.numBacklinks != 0'>
                  <dl class='comments-block' id='comments-block'>
                    <b:loop values='data:post.backlinks' var='backlink'>
                      <div class='collapsed-backlink backlink-control'>
                        <dt class='comment-title'>
                          <span class='backlink-toggle-zippy'>
                            &#160;
                          </span>
                          <a expr:href='data:backlink.url' rel='nofollow'>
                            <data:backlink.title/>
                          </a>
                          <b:include data='backlink' name='backlinkDeleteIcon'/>
                        </dt>
                        <dd class='comment-body collapseable'>
                          <data:backlink.snippet/>
                        </dd>
                        <dd class='comment-footer collapseable'>
                          <span class='comment-author'>
                            <data:post.authorLabel/>
                            <data:backlink.author/>
                          </span>
                          <span class='comment-timestamp'>
                            <data:post.timestampLabel/>
                            <data:backlink.timestamp/>
                          </span>
                        </dd>
                      </div>
                    </b:loop>
                  </dl>
                </b:if>
                <p class='comment-footer'>
                  <a class='comment-link' expr:href='data:post.createLinkUrl' expr:id='data:widget.instanceId + &quot;_backlinks-create-link&quot;' target='_blank'>
                    <data:post.createLinkLabel/>
                  </a>
                </p>
              </b:includable>
              <b:includable id='comment-form' var='post'>
                <div class='comment-form'>
                  <a name='comment-form'/>
                  <b:if cond='data:mobile'>
                    <h4 id='comment-post-message'>
                      <a expr:id='data:widget.instanceId + &quot;_comment-editor-toggle-link&quot;' href='javascript:void(0)'>
                        <data:postCommentMsg/>
                      </a>
                    </h4>
                    <p>
                      <data:blogCommentMessage/>
                    </p>
                    <data:blogTeamBlogMessage/>
                    <a expr:href='data:post.commentFormIframeSrc' id='comment-editor-src'/>
                    <iframe allowtransparency='true' class='blogger-iframe-colorize blogger-comment-from-post' frameborder='0' height='410' id='comment-editor' name='comment-editor' src='' style='display: none' width='100%'/>
                    <b:else/>
                    <h4 id='comment-post-message'>
                      <data:postCommentMsg/>
                    </h4>
                    <p>
                      <data:blogCommentMessage/>
                    </p>
                    <data:blogTeamBlogMessage/>
                    <a expr:href='data:post.commentFormIframeSrc' id='comment-editor-src'/>
                    <iframe allowtransparency='true' class='blogger-iframe-colorize blogger-comment-from-post' frameborder='0' height='410' id='comment-editor' name='comment-editor' src='' width='100%'/>
                  </b:if>
                  <data:post.friendConnectJs/>
                  <data:post.cmtfpIframe/>
                  <script type='text/javascript'>
                    BLOG_CMT_createIframe(&#39;<data:post.appRpcRelayPath/>&#39;, &#39;<data:post.communityId/>&#39;);
                  </script>
                </div>
              </b:includable>
              <b:includable id='commentDeleteIcon' var='comment'>
                <span expr:class='&quot;item-control &quot; + data:comment.adminClass'>
                  <b:if cond='data:showCmtPopup'>
                    <div class='goog-toggle-button'>
                      <div class='goog-inline-block comment-action-icon'/>
                    </div>
                    <b:else/>
                    <a class='comment-delete' expr:href='data:comment.deleteUrl' expr:title='data:top.deleteCommentMsg'>
                      <img src='//www.blogger.com/img/icon_delete13.gif'/>
                    </a>
                  </b:if>
                </span>
              </b:includable>
              <b:includable id='comment_count_picker' var='post'>
                <b:if cond='data:post.forceIframeComments'>
                  <span class='cmt_count_iframe_holder' expr:data-count='data:post.numComments' expr:data-onclick='data:post.addCommentOnclick' expr:data-url='data:post.canonicalUrl'>
                  </span>
                  <b:else/>
                  <b:if cond='data:post.commentSource == 1'>
                    <span class='cmt_count_iframe_holder' expr:data-count='data:post.numComments' expr:data-onclick='data:post.addCommentOnclick' expr:data-url='data:post.canonicalUrl'>
                    </span>
                    <b:else/>
                    <a class='comment-link' expr:href='data:post.addCommentUrl' expr:onclick='data:post.addCommentOnclick'>
                      <data:post.commentLabelFull/>
                    </a>
                  </b:if>
                </b:if>
              </b:includable>
              <b:includable id='comment_picker' var='post'>
                <b:if cond='data:post.commentSource == 1'>
                  <b:include data='post' name='iframe_comments'/>
                  <b:else/>
                  <b:if cond='data:post.showThreadedComments'>
                    <b:include data='post' name='threaded_comments'/>
                    <b:else/>
                    <b:include data='post' name='comments'/>
                  </b:if>
                </b:if>
              </b:includable>
              <b:includable id='comments' var='post'>
                <div class='comments' id='comments'>
                  <a name='comments'/>
                  <b:if cond='data:post.allowComments'>
                    <h4>
                      <data:post.commentLabelFull/>
                      :
                    </h4>
                    <b:if cond='data:post.commentPagingRequired'>
                      <span class='paging-control-container'>
                        <b:if cond='data:post.hasOlderLinks'>
                          <a expr:class='data:post.oldLinkClass' expr:href='data:post.oldestLinkUrl'>
                            <data:post.oldestLinkText/>
                          </a>
                          &#160;
                          <a expr:class='data:post.oldLinkClass' expr:href='data:post.olderLinkUrl'>
                            <data:post.olderLinkText/>
                          </a>
                          &#160;
                        </b:if>
                        <data:post.commentRangeText/>
                        <b:if cond='data:post.hasNewerLinks'>
                          &#160;
                          <a expr:class='data:post.newLinkClass' expr:href='data:post.newerLinkUrl'>
                            <data:post.newerLinkText/>
                          </a>
                          &#160;
                          <a expr:class='data:post.newLinkClass' expr:href='data:post.newestLinkUrl'>
                            <data:post.newestLinkText/>
                          </a>
                        </b:if>
                      </span>
                    </b:if>
                    <div expr:id='data:widget.instanceId + &quot;_comments-block-wrapper&quot;'>
                      <dl expr:class='data:post.avatarIndentClass' id='comments-block'>
                        <b:loop values='data:post.comments' var='comment'>
                          <dt expr:class='&quot;comment-author &quot; + data:comment.authorClass' expr:id='data:comment.anchorName'>
                            <b:if cond='data:comment.favicon'>
                              <img expr:src='data:comment.favicon' height='16px' style='margin-bottom:-2px;' width='16px'/>
                            </b:if>
                            <a expr:name='data:comment.anchorName'/>
                            <b:if cond='data:blog.enabledCommentProfileImages'>
                              <data:comment.authorAvatarImage/>
                            </b:if>
                            <b:if cond='data:comment.authorUrl'>
                              <a expr:href='data:comment.authorUrl' rel='nofollow'>
                                <data:comment.author/>
                              </a>
                              <b:else/>
                              <data:comment.author/>
                            </b:if>
                            <data:commentPostedByMsg/>
                          </dt>
                          <dd class='comment-body' expr:id='data:widget.instanceId + data:comment.cmtBodyIdPostfix'>
                            <b:if cond='data:comment.isDeleted'>
                              <span class='deleted-comment'>
                                <data:comment.body/>
                              </span>
                              <b:else/>
                              <p>
                                <data:comment.body/>
                              </p>
                            </b:if>
                          </dd>
                          <dd class='comment-footer'>
                            <span class='comment-timestamp'>
                              <a expr:href='data:comment.url' title='comment permalink'>
                                <data:comment.timestamp/>
                              </a>
                              <b:include data='comment' name='commentDeleteIcon'/>
                            </span>
                          </dd>
                        </b:loop>
                      </dl>
                    </div>
                    <b:if cond='data:post.commentPagingRequired'>
                      <span class='paging-control-container'>
                        <a expr:class='data:post.oldLinkClass' expr:href='data:post.oldestLinkUrl'>
                          <data:post.oldestLinkText/>
                        </a>
                        <a expr:class='data:post.oldLinkClass' expr:href='data:post.olderLinkUrl'>
                          <data:post.olderLinkText/>
                        </a>
                        &#160;
                        <data:post.commentRangeText/>
                        &#160;
                        <a expr:class='data:post.newLinkClass' expr:href='data:post.newerLinkUrl'>
                          <data:post.newerLinkText/>
                        </a>
                        <a expr:class='data:post.newLinkClass' expr:href='data:post.newestLinkUrl'>
                          <data:post.newestLinkText/>
                        </a>
                      </span>
                    </b:if>
                    <p class='comment-footer'>
                      <b:if cond='data:post.embedCommentForm'>
                        <b:if cond='data:post.allowNewComments'>
                          <b:include data='post' name='comment-form'/>
                          <b:else/>
                          <data:post.noNewCommentsText/>
                        </b:if>
                        <b:else/>
                        <b:if cond='data:post.allowComments'>
                          <a expr:href='data:post.addCommentUrl' expr:onclick='data:post.addCommentOnclick'>
                            <data:postCommentMsg/>
                          </a>
                        </b:if>
                      </b:if>
                    </p>
                  </b:if>
                  <b:if cond='data:showCmtPopup'>
                    <div id='comment-popup'>
                      <iframe allowtransparency='true' frameborder='0' id='comment-actions' name='comment-actions' scrolling='no'>
                      </iframe>
                    </div>
                  </b:if>
                  <div id='backlinks-container'>
                    <div expr:id='data:widget.instanceId + &quot;_backlinks-container&quot;'>
                      <b:if cond='data:post.showBacklinks'>
                        <b:include data='post' name='backlinks'/>
                      </b:if>
                    </div>
                  </div>
                </div>
              </b:includable>
              <b:includable id='feedLinks'>
                <b:if cond='data:blog.pageType != &quot;item&quot;'>
                  <!-- Blog feed links -->
                  <b:if cond='data:feedLinks'>
                    <div class='blog-feeds'>
                      <b:include data='feedLinks' name='feedLinksBody'/>
                    </div>
                  </b:if>
                  <b:else/>
                  <!--Post feed links -->
                  <div class='post-feeds'>
                    <b:loop values='data:posts' var='post'>
                      <b:if cond='data:post.allowComments'>
                        <b:if cond='data:post.feedLinks'>
                          <b:include data='post.feedLinks' name='feedLinksBody'/>
                        </b:if>
                      </b:if>
                    </b:loop>
                  </div>
                </b:if>
              </b:includable>
              <b:includable id='feedLinksBody' var='links'>
                <div class='feed-links'>
                  <data:feedLinksMsg/>
                  <b:loop values='data:links' var='f'>
                    <a class='feed-link' expr:href='data:f.url' expr:type='data:f.mimeType' target='_blank'>
                      <data:f.name/>
                      (
                      <data:f.feedType/>
                      )
                    </a>
                  </b:loop>
                </div>
              </b:includable>
              <b:includable id='iframe_comments' var='post'>
                <b:if cond='data:post.allowIframeComments'>
                  <script expr:src='data:post.iframeCommentSrc' type='text/javascript'/>
                  <div class='cmt_iframe_holder' expr:data-href='data:post.canonicalUrl' expr:data-viewtype='data:post.viewType'/>
                  <b:if cond='data:post.embedCommentForm == &quot;false&quot;'>
                    <a expr:href='data:post.addCommentUrl' expr:onclick='data:post.addCommentOnclick'>
                      <data:postCommentMsg/>
                    </a>
                  </b:if>
                </b:if>
              </b:includable>
              <b:includable id='mobile-index-post' var='post'>
                <div class='mobile-date-outer date-outer'>
                  <b:if cond='data:post.dateHeader'>
                    <div class='date-header'>
                      <span>
                        <data:post.dateHeader/>
                      </span>
                    </div>
                  </b:if>
                  <div class='mobile-post-outer'>
                    <a expr:href='data:post.url'>
                      <h3 class='mobile-index-title entry-title' itemprop='name'>
                        <data:post.title/>
                      </h3>
                      <div class='mobile-index-arrow'>
                        &amp;rsaquo;
                      </div>
                      <div class='mobile-index-contents'>
                        <b:if cond='data:post.thumbnailUrl'>
                          <div class='mobile-index-thumbnail'>
                            <div class='Image'>
                              <img expr:src='data:post.thumbnailUrl'/>
                            </div>
                          </div>
                        </b:if>
                        <div class='post-body'>
                          <b:if cond='data:post.snippet'>
                            <data:post.snippet/>
                          </b:if>
                        </div>
                      </div>
                      <div style='clear: both;'/>
                    </a>
                    <div class='mobile-index-comment'>
                      <b:if cond='data:blog.pageType != &quot;static_page&quot;'>
                        <b:if cond='data:post.allowComments'>
                          <b:if cond='data:post.numComments != 0'>
                            <b:include data='post' name='comment_count_picker'/>
                          </b:if>
                        </b:if>
                      </b:if>
                    </div>
                  </div>
                </div>
              </b:includable>
              <b:includable id='mobile-main' var='top'>
                <!-- posts -->
                <div class='blog-posts hfeed'>
                  <b:include data='top' name='status-message'/>
                  <b:if cond='data:blog.pageType == &quot;index&quot;'>
                    <b:loop values='data:posts' var='post'>
                      <b:include data='post' name='mobile-index-post'/>
                    </b:loop>
                    <b:else/>
                    <b:loop values='data:posts' var='post'>
                      <b:include data='post' name='mobile-post'/>
                    </b:loop>
                  </b:if>
                </div>
                <b:include name='mobile-nextprev'/>
              </b:includable>
              <b:includable id='mobile-nextprev'>
                <div class='blog-pager' id='blog-pager'>
                  <b:if cond='data:newerPageUrl'>
                    <div class='mobile-link-button' id='blog-pager-newer-link'>
                      <a class='blog-pager-newer-link' expr:href='data:newerPageUrl' expr:id='data:widget.instanceId + &quot;_blog-pager-newer-link&quot;' expr:title='data:newerPageTitle'>
                        &amp;lsaquo;
                      </a>
                    </div>
                  </b:if>
                  <b:if cond='data:olderPageUrl'>
                    <div class='mobile-link-button' id='blog-pager-older-link'>
                      <a class='blog-pager-older-link' expr:href='data:olderPageUrl' expr:id='data:widget.instanceId + &quot;_blog-pager-older-link&quot;' expr:title='data:olderPageTitle'>
                        &amp;rsaquo;
                      </a>
                    </div>
                  </b:if>
                  <div class='mobile-link-button' id='blog-pager-home-link'>
                    <a class='home-link' expr:href='data:blog.homepageUrl'>
                      <data:homeMsg/>
                    </a>
                  </div>
                  <div class='mobile-desktop-link'>
                    <a class='home-link' expr:href='data:desktopLinkUrl'>
                      <data:desktopLinkMsg/>
                    </a>
                  </div>
                </div>
                <div class='clear'/>
              </b:includable>
              <b:includable id='mobile-post' var='post'>
                <div class='date-outer'>
                  <b:if cond='data:post.dateHeader'>
                    <h3 class='date-header'>
                      <span>
                        <data:post.dateHeader/>
                      </span>
                    </h3>
                  </b:if>
                  <div class='date-posts'>
                    <div class='post-outer'>
                      <div class='post hentry uncustomized-post-template' itemscope='itemscope' itemtype='http://schema.org/BlogPosting'>
                        <b:if cond='data:post.thumbnailUrl'>
                          <meta expr:content='data:post.thumbnailUrl' itemprop='image_url'/>
                        </b:if>
                        <meta expr:content='data:blog.blogId' itemprop='blogId'/>
                        <meta expr:content='data:post.id' itemprop='postId'/>
                        <a expr:name='data:post.id'/>
                        <b:if cond='data:post.title'>
                          <h3 class='post-title entry-title' itemprop='name'>
                            <b:if cond='data:post.link'>
                              <a expr:href='data:post.link'>
                                <data:post.title/>
                              </a>
                              <b:else/>
                              <b:if cond='data:post.url'>
                                <b:if cond='data:blog.url != data:post.url'>
                                  <a expr:href='data:post.url'>
                                    <data:post.title/>
                                  </a>
                                  <b:else/>
                                  <data:post.title/>
                                </b:if>
                                <b:else/>
                                <data:post.title/>
                              </b:if>
                            </b:if>
                          </h3>
                        </b:if>
                        <div class='post-header'>
                          <div class='post-header-line-1'/>
                          <span class='post-comment-link'>
                            <b:if cond='data:blog.pageType != &quot;item&quot;'>
                              <b:if cond='data:blog.pageType != &quot;static_page&quot;'>
                                <b:if cond='data:post.allowComments'>
                                  <b:include data='post' name='comment_count_picker'/>
                                </b:if>
                              </b:if>
                            </b:if>
                          </span>
                          <span class='post-author vcard'>
                            <b:if cond='data:top.showAuthor'>
                              <data:top.authorLabel/>
                              <span class='fn'>
                                <data:post.author/>
                              </span>
                            </b:if>
                          </span>
                          <span class='post-timestamp'>
                            <b:if cond='data:top.showTimestamp'>
                              <data:top.timestampLabel/>
                              <b:if cond='data:post.url'>
                                <a class='timestamp-link' expr:href='data:post.url' rel='bookmark' title='permanent link'>
                                  <abbr class='published' expr:title='data:post.timestampISO8601'>
                                    <data:post.timestamp/>
                                  </abbr>
                                </a>
                              </b:if>
                            </b:if>
                          </span>
                          <span class='post-labels'>
                            <b:if cond='data:post.labels'>
                              <data:postLabelsLabel/>
                              <b:loop values='data:post.labels' var='label'>
                                <a class='label label-default' expr:href='data:label.url' rel='tag'>
                                  <data:label.name/>
                                </a>
                                <b:if cond='data:label.isLast != &quot;true&quot;'>
                                  ,
                                </b:if>
                              </b:loop>
                            </b:if>
                          </span>
                        </div>
                        <div class='post-body entry-content' expr:id='&quot;post-body-&quot; + data:post.id' itemprop='articleBody'>
                          <data:post.body/>
                          <div style='clear: both;'/>
                          <!-- clear for photos floats -->
                        </div>
                        <div class='post-footer'>
                          <div class='post-footer-line post-footer-line-1'>
                          </div>
                          <div class='post-footer-line post-footer-line-2'>
                            <b:if cond='data:top.showMobileShare'>
                              <div class='mobile-link-button goog-inline-block' id='mobile-share-button'>
                                <a href='javascript:void(0);'>
                                  <data:shareMsg/>
                                </a>
                              </div>
                            </b:if>
                            <b:if cond='data:top.showDummy'>
                              <div class='goog-inline-block dummy-container'>
                                <data:post.dummyTag/>
                              </div>
                            </b:if>
                          </div>
                        </div>
                      </div>
                      <b:if cond='data:blog.pageType == &quot;static_page&quot;'>
                        <b:include data='post' name='comment_picker'/>
                      </b:if>
                      <b:if cond='data:blog.pageType == &quot;item&quot;'>
                        <b:include data='post' name='comment_picker'/>
                      </b:if>
                    </div>
                  </div>
                </div>
              </b:includable>
              <b:includable id='nextprev'>
                <div class='col-xs-12 col-sm-12 col-md-12 col-lg-12'>
                  <div class='row'>
                    <div class='blog-pager' id='blog-pager'>
                      <b:if cond='data:newerPageUrl'>
                        <span id='blog-pager-newer-link'>
                          <a class='blog-pager-newer-link btn btn-danger' expr:href='data:newerPageUrl' expr:id='data:widget.instanceId + &quot;_blog-pager-newer-link&quot;' expr:title='data:newerPageTitle'>
                            <data:newerPageTitle/>
                          </a>
                        </span>
                      </b:if>
                      <b:if cond='data:olderPageUrl'>
                        <span id='blog-pager-older-link'>
                          <a class='blog-pager-older-link btn btn-danger' expr:href='data:olderPageUrl' expr:id='data:widget.instanceId + &quot;_blog-pager-older-link&quot;' expr:title='data:olderPageTitle'>
                            <data:olderPageTitle/>
                          </a>
                        </span>
                      </b:if>
                      <b:if cond='data:blog.pageType != &quot;item&quot;'>
                        <a class='home-link btn btn-danger' expr:href='data:blog.homepageUrl'>
                          <data:homeMsg/>
                        </a>
                      </b:if>
                      <b:if cond='data:mobileLinkUrl'>
                        <div class='blog-mobile-link'>
                          <a expr:href='data:mobileLinkUrl'>
                            <data:mobileLinkMsg/>
                          </a>
                        </div>
                      </b:if>
                    </div>
                  </div>
                </div>
                <div class='clear'/>
              </b:includable>
              <b:includable id='post' var='post'>
                <b:if cond='data:blog.pageType == &quot;index&quot;'>
                  <div class='homapge-thumb'>
                    <div class='post hentry thumbnail' itemprop='blogPost' itemscope='itemscope' itemtype='http://schema.org/BlogPosting'>
                      <b:if cond='data:post.firstImageUrl'>
                        <meta expr:content='data:post.firstImageUrl' itemprop='image_url'/>
                      </b:if>
                      <meta expr:content='data:blog.blogId' itemprop='blogId'/>
                      <meta expr:content='data:post.id' itemprop='postId'/>
                      <b:if cond='data:post.title'>
                      </b:if>
                      <div expr:id='&quot;summary&quot; + data:post.id'>
                        <data:post.body/>
                      </div>
                      <script type='text/javascript'>
                        createSummaryAndThumb(&quot;summary<data:post.id/>&quot;,&quot;<data:post.url/>&quot;,&quot;<data:post.title/>&quot;);
                      </script>
                      <div style='clear: both;'/>
                      <h2 class='jqmaintitle'>
                        <b:if cond='data:post.link'>
                          <a expr:href='data:post.link' expr:title='data:post.title'>
                            <data:post.title/>
                          </a>
                          <b:else/>
                          <b:if cond='data:post.url'>
                            <a expr:href='data:post.url' expr:title='data:post.title'>
                              <data:post.title/>
                            </a>
                            <b:else/>
                            <data:post.title/>
                          </b:if>
                        </b:if>
                      </h2>
                    </div>
                  </div>
                  <b:else/>
                  <div class='post-outer'>
                    <div class='post hentry' itemprop='blogPost' itemscope='itemscope' itemtype='http://schema.org/BlogPosting'>
                      <b:if cond='data:post.firstImageUrl'>
                        <meta expr:content='data:post.firstImageUrl' itemprop='image_url'/>
                      </b:if>
                      <meta expr:content='data:blog.blogId' itemprop='blogId'/>
                      <meta expr:content='data:post.id' itemprop='postId'/>
                      <a expr:name='data:post.id'/>
                      <b:if cond='data:post.title'>
                        <b:if cond='data:post.link'>
                          <a expr:href='data:post.link'>
                            <data:post.title/>
                          </a>
                          <b:else/>
                          <b:if cond='data:post.url'>
                            <b:if cond='data:blog.url != data:post.url'>
                              <h2 class='post-title entry-title'>
                                <a expr:href='data:post.url'>
                                  <data:post.title/>
                                </a>
                              </h2>
                              <b:else/>
                              <h1 class='post-title entry-title'>
                                <data:post.title/>
                              </h1>
                            </b:if>
                            <b:else/>
                            <data:post.title/>
                          </b:if>
                        </b:if>
                      </b:if>
                      <div class='post-header'>
                        <div class='post-header-line-1'/>
                        <span class='post-author vcard'>
                          <b:if cond='data:top.showAuthor'>
                            <i class='fa fa-user'/>
                            <span class='fn'>
                              <data:post.author/>
                            </span>
                          </b:if>
                        </span>
                        <span class='post-timestamp'>
                          <b:if cond='data:top.showTimestamp'>
                            <i class='fa fa-clock-o'/>
                            <b:if cond='data:post.url'>
                              <abbr class='published' expr:title='data:post.timestampISO8601'>
                                <data:post.timestamp/>
                              </abbr>
                            </b:if>
                          </b:if>
                        </span>
                        <span class='post-labels'>
                          <b:if cond='data:post.labels'>
                            <i class='fa fa-tags'/>
                            <b:loop values='data:post.labels' var='label'>
                              <a expr:href='data:label.url' rel='tag'>
                                <data:label.name/>
                              </a>
                              <b:if cond='data:label.isLast != &quot;true&quot;'>
                                ,
                              </b:if>
                            </b:loop>
                          </b:if>
                        </span>
                        <span class='post-comment-link'><i class='fa fa-comment'/>
                          <b:if cond='data:post.allowComments'>
                            <b:include data='post' name='comment_count_picker'/>
                          </b:if>
                        </span>
                      </div>
                      <data:post.body/>
                      <div class='row rowpost'>
                        <ul class='post-sharing-menu'>
                          <li>
                            <a class='share_pgo' expr:href='&quot;https://plus.google.com/share?u=&quot; + data:post.url + &quot;&amp;t=&quot; + data:post.title' target='_blank' title='Share on Google +'>
                              <i class='fa fa-google-plus'>
                              </i>
                            </a>
                          </li>
                          <li>
                            <a class='share_pfb' expr:href='&quot;http://www.facebook.com/sharer.php?u=&quot; + data:post.url + &quot;&amp;t=&quot; + data:post.title' target='_blank' title='Share on facebook'>
                              <i class='fa fa-facebook'>
                              </i>
                            </a>
                          </li>
                          <li>
                            <a class='share_ptwi' expr:href='&quot;http://twitter.com/intent/tweet?text=&quot; + data:post.title + &quot;&amp;url=&quot; + data:post.url' target='_blank' title='Share on Twitter'>
                              <i class='fa fa-twitter'>
                              </i>
                            </a>
                          </li>
                          <li>
                            <a class='share_pli' expr:href='&quot;http://www.linkedin.com/shareArticle?mini=true&amp;url=&quot; + data:post.url + &quot;&amp;title=&quot; + data:post.title' target='_blank' title='Share on Linkedin'>
                              <i class='fa fa-linkedin'>
                              </i>
                            </a>
                          </li>
                        </ul>
                      </div>
                      <b:if cond='data:blog.pageType == &quot;item&quot;'>
                        <div class='boxframe'>
                          <div id='related-posts'>
                            <b:loop values='data:post.labels' var='label'>
                              <script expr:src='&quot;/feeds/posts/default/-/&quot; + data:label.name + &quot;?alt=json-in-script&amp;callback=related_results_labels_thumbs&amp;max-results=6&quot;' type='text/javascript'/>
                            </b:loop>
                            <script type='text/javascript'>
                              var defaultnoimage=&quot;http://3.bp.blogspot.com/-PpjfsStySz0/UF91FE7rxfI/AAAAAAAACl8/092MmUHSFQ0/s1600/no_image.jpg&quot;;
                              var maxresults=4;
                              var splittercolor=&quot;#DDDDDD&quot;;
                              var relatedpoststitle=&quot; Related Posts&quot;;
                              removeRelatedDuplicates();printRelatedLabels(&#39;<data:post.url/>&#39;);</script>
                          </div>
                          <div class='clear'/>
                        </div>
                      </b:if>
                      <b:if cond='data:blog.pageType == &quot;item&quot;'>
                        <!-- navigation -->
                        <b:include name='nextprev'/>
                      </b:if>
                      <div class='post-footer'>
                        <div class='post-footer-line post-footer-line-1'>
                          <span class='post-icons'>
                            <!-- email post links -->
                            <b:if cond='data:post.emailPostUrl'>
                              <span class='item-action'>
                                <a expr:href='data:post.emailPostUrl' expr:title='data:top.emailPostMsg'>
                                  <img alt='' class='icon-action' height='13' src='http://img1.blogblog.com/img/icon18_email.gif' width='18'/>
                                </a>
                              </span>
                            </b:if>
                            <!-- quickedit pencil -->
                            <b:include data='post' name='postQuickEdit'/>
                          </span>
                        </div>
                      </div>
                    </div>
                  </div>
                </b:if>
              </b:includable>
              <b:includable id='postQuickEdit' var='post'>
                <b:if cond='data:post.editUrl'>
                  <span expr:class='&quot;item-control &quot; + data:post.adminClass'>
                    <a expr:href='data:post.editUrl' expr:title='data:top.editPostMsg'>
                      <img alt='' class='icon-action' height='18' src='http://img2.blogblog.com/img/icon18_edit_allbkg.gif' width='18'/>
                    </a>
                  </span>
                </b:if>
              </b:includable>
              <b:includable id='shareButtons' var='post'>
                <b:if cond='data:top.showEmailButton'>
                  <a class='goog-inline-block share-button sb-email' expr:href='data:post.sharePostUrl + &quot;&amp;target=email&quot;' expr:title='data:top.emailThisMsg' target='_blank'>
                    <span class='share-button-link-text'>
                      <data:top.emailThisMsg/>
                    </span>
                  </a>
                </b:if>
                <b:if cond='data:top.showBlogThisButton'>
                  <a class='goog-inline-block share-button sb-blog' expr:href='data:post.sharePostUrl + &quot;&amp;target=blog&quot;' expr:onclick='&quot;window.open(this.href, \&quot;_blank\&quot;, \&quot;height=270,width=475\&quot;); return false;&quot;' expr:title='data:top.blogThisMsg' target='_blank'>
                    <span class='share-button-link-text'>
                      <data:top.blogThisMsg/>
                    </span>
                  </a>
                </b:if>
                <b:if cond='data:top.showTwitterButton'>
                  <a class='goog-inline-block share-button sb-twitter' expr:href='data:post.sharePostUrl + &quot;&amp;target=twitter&quot;' expr:title='data:top.shareToTwitterMsg' target='_blank'>
                    <span class='share-button-link-text'>
                      <data:top.shareToTwitterMsg/>
                    </span>
                  </a>
                </b:if>
                <b:if cond='data:top.showFacebookButton'>
                  <a class='goog-inline-block share-button sb-facebook' expr:href='data:post.sharePostUrl + &quot;&amp;target=facebook&quot;' expr:onclick='&quot;window.open(this.href, \&quot;_blank\&quot;, \&quot;height=430,width=640\&quot;); return false;&quot;' expr:title='data:top.shareToFacebookMsg' target='_blank'>
                    <span class='share-button-link-text'>
                      <data:top.shareToFacebookMsg/>
                    </span>
                  </a>
                </b:if>
                <b:if cond='data:top.showOrkutButton'>
                  <a class='goog-inline-block share-button sb-orkut' expr:href='data:post.sharePostUrl + &quot;&amp;target=orkut&quot;' expr:title='data:top.shareToOrkutMsg' target='_blank'>
                    <span class='share-button-link-text'>
                      <data:top.shareToOrkutMsg/>
                    </span>
                  </a>
                </b:if>
                <b:if cond='data:top.showDummy'>
                  <div class='goog-inline-block dummy-container'>
                    <data:post.dummyTag/>
                  </div>
                </b:if>
              </b:includable>
              <b:includable id='status-message'>
                <b:if cond='data:navMessage'>
                  <div class='status-msg-wrap'>
                    <div class='status-msg-body'>
                      <data:navMessage/>
                    </div>
                    <div class='status-msg-border'>
                      <div class='status-msg-bg'>
                        <div class='status-msg-hidden'>
                          <data:navMessage/>
                        </div>
                      </div>
                    </div>
                  </div>
                  <div style='clear: both;'/>
                </b:if>
              </b:includable>
              <b:includable id='threaded-comment-form' var='post'>
                <div class='comment-form'>
                  <a name='comment-form'/>
                  <b:if cond='data:mobile'>
                    <p>
                      <data:blogCommentMessage/>
                    </p>
                    <data:blogTeamBlogMessage/>
                    <a expr:href='data:post.commentFormIframeSrc' id='comment-editor-src'/>
                    <iframe allowtransparency='true' class='blogger-iframe-colorize blogger-comment-from-post' frameborder='0' height='410' id='comment-editor' name='comment-editor' src='' style='display: none' width='100%'/>
                    <b:else/>
                    <p>
                      <data:blogCommentMessage/>
                    </p>
                    <data:blogTeamBlogMessage/>
                    <a expr:href='data:post.commentFormIframeSrc' id='comment-editor-src'/>
                    <iframe allowtransparency='true' class='blogger-iframe-colorize blogger-comment-from-post' frameborder='0' height='410' id='comment-editor' name='comment-editor' src='' width='100%'/>
                  </b:if>
                  <data:post.friendConnectJs/>
                  <data:post.cmtfpIframe/>
                  <script type='text/javascript'>
                    BLOG_CMT_createIframe(&#39;<data:post.appRpcRelayPath/>&#39;, &#39;<data:post.communityId/>&#39;);
                  </script>
                </div>
              </b:includable>
              <b:includable id='threaded_comment_js' var='post'>
                <script async='async' expr:src='data:post.commentSrc' type='text/javascript'/>
                <script type='text/javascript'>
                  (function() {
                    var items = <data:post.commentJso/>;
                    var msgs = <data:post.commentMsgs/>;
                    var config = <data:post.commentConfig/>;
                    // <![CDATA[
                    var cursor = null;
                    if (items && items.length > 0) {
                      cursor = parseInt(items[items.length - 1].timestamp) + 1;
                    }
                    var bodyFromEntry = function(entry) {
                      if (entry.gd$extendedProperty) {
                        for (var k in entry.gd$extendedProperty) {
                          if (entry.gd$extendedProperty[k].name == 'blogger.contentRemoved') {
                            return '<span class="deleted-comment">' + entry.content.$t + '</span>';
                          }
                        }
                      }
                      return entry.content.$t;
                    }
                    var parse = function(data) {
                      cursor = null;
                      var comments = [];
                      if (data && data.feed && data.feed.entry) {
                        for (var i = 0, entry; entry = data.feed.entry[i]; i++) {
                          var comment = {};
                          // comment ID, parsed out of the original id format
                          var id = /blog-(\d+).post-(\d+)/.exec(entry.id.$t);
                          comment.id = id ? id[2] : null;
                          comment.body = bodyFromEntry(entry);
                          comment.timestamp = Date.parse(entry.published.$t) + '';
                          if (entry.author && entry.author.constructor === Array) {
                            var auth = entry.author[0];
                            if (auth) {
                              comment.author = {
                                name: (auth.name ? auth.name.$t : undefined),
                                profileUrl: (auth.uri ? auth.uri.$t : undefined),
                                avatarUrl: (auth.gd$image ? auth.gd$image.src : undefined)
                              };
                            }
                          }
                          if (entry.link) {
                            if (entry.link[2]) {
                              comment.link = comment.permalink = entry.link[2].href;
                            }
                            if (entry.link[3]) {
                              var pid = /.*comments\/default\/(\d+)\?.*/.exec(entry.link[3].href);
                              if (pid && pid[1]) {
                                comment.parentId = pid[1];
                              }
                            }
                          }
                          comment.deleteclass = 'item-control blog-admin';
                          if (entry.gd$extendedProperty) {
                            for (var k in entry.gd$extendedProperty) {
                              if (entry.gd$extendedProperty[k].name == 'blogger.itemClass') {
                                comment.deleteclass += ' ' + entry.gd$extendedProperty[k].value;
                              } else if (entry.gd$extendedProperty[k].name == 'blogger.displayTime') {
                                comment.displayTime = entry.gd$extendedProperty[k].value;
                              }
                            }
                          }
                          comments.push(comment);
                        }
                      }
                      return comments;
                    };
                    var paginator = function(callback) {
                      if (hasMore()) {
                        var url = config.feed + '?alt=json&v=2&orderby=published&reverse=false&max-results=50';
                        if (cursor) {
                          url += '&published-min=' + new Date(cursor).toISOString();
                        }
                        window.bloggercomments = function(data) {
                          var parsed = parse(data);
                          cursor = parsed.length < 50 ? null
                          : parseInt(parsed[parsed.length - 1].timestamp) + 1
                          callback(parsed);
                          window.bloggercomments = null;
                        }
                        url += '&callback=bloggercomments';
                        var script = document.createElement('script');
                        script.type = 'text/javascript';
                        script.src = url;
                        document.getElementsByTagName('head')[0].appendChild(script);
                      }
                    };
                    var hasMore = function() {
                      return !!cursor;
                    };
                    var getMeta = function(key, comment) {
                      if ('iswriter' == key) {
                        var matches = !!comment.author
                        && comment.author.name == config.authorName
                        && comment.author.profileUrl == config.authorUrl;
                        return matches ? 'true' : '';
                      } else if ('deletelink' == key) {
                        return config.baseUri + '/delete-comment.g?blogID='
                        + config.blogId + '&postID=' + comment.id;
                      } else if ('deleteclass' == key) {
                        return comment.deleteclass;
                      }
                      return '';
                    };
                    var replybox = null;
                    var replyUrlParts = null;
                    var replyParent = undefined;
                    var onReply = function(commentId, domId) {
                      if (replybox == null) {
                        // lazily cache replybox, and adjust to suit this style:
                        replybox = document.getElementById('comment-editor');
                        if (replybox != null) {
                          replybox.height = '250px';
                          replybox.style.display = 'block';
                          replyUrlParts = replybox.src.split('#');
                        }
                      }
                      if (replybox && (commentId !== replyParent)) {
                        document.getElementById(domId).insertBefore(replybox, null);
                        replybox.src = replyUrlParts[0]
                        + (commentId ? '&parentID=' + commentId : '')
                        + '#' + replyUrlParts[1];
                        replyParent = commentId;
                      }
                    };
                    var hash = (window.location.hash || '#').substring(1);
                    var startThread, targetComment;
                    if (/^comment-form_/.test(hash)) {
                      startThread = hash.substring('comment-form_'.length);
                    } else if (/^c[0-9]+$/.test(hash)) {
                      targetComment = hash.substring(1);
                    }
                    // Configure commenting API:
                    var configJso = {
                      'maxDepth': config.maxThreadDepth
                    };
                    var provider = {
                      'id': config.postId,
                      'data': items,
                      'loadNext': paginator,
                      'hasMore': hasMore,
                      'getMeta': getMeta,
                      'onReply': onReply,
                      'rendered': true,
                      'initComment': targetComment,
                      'initReplyThread': startThread,
                      'config': configJso,
                      'messages': msgs
                    };
                    var render = function() {
                      if (window.goog && window.goog.comments) {
                        var holder = document.getElementById('comment-holder');
                        window.goog.comments.render(holder, provider);
                      }
                    };
                    // render now, or queue to render when library loads:
                    if (window.goog && window.goog.comments) {
                      render();
                    } else {
                      window.goog = window.goog || {};
                      window.goog.comments = window.goog.comments || {};
                      window.goog.comments.loadQueue = window.goog.comments.loadQueue || [];
                      window.goog.comments.loadQueue.push(render);
                    }
                  })();
                  // ]]>
                </script>
              </b:includable>
              <b:includable id='threaded_comments' var='post'>
                <div class='comments' id='comments'>
                  <a name='comments'/>
                  <h4>
                    <data:post.commentLabelFull/>
                    :
                  </h4>
                  <div class='comments-content'>
                    <b:if cond='data:post.embedCommentForm'>
                      <b:include data='post' name='threaded_comment_js'/>
                    </b:if>
                    <div id='comment-holder'>
                      <data:post.commentHtml/>
                    </div>
                  </div>
                  <p class='comment-footer'>
                    <b:if cond='data:post.allowNewComments'>
                      <b:include data='post' name='threaded-comment-form'/>
                      <b:else/>
                      <data:post.noNewCommentsText/>
                    </b:if>
                  </p>
                  <b:if cond='data:showCmtPopup'>
                    <div id='comment-popup'>
                      <iframe allowtransparency='true' frameborder='0' id='comment-actions' name='comment-actions' scrolling='no'>
                      </iframe>
                    </div>
                  </b:if>
                  <div id='backlinks-container'>
                    <div expr:id='data:widget.instanceId + &quot;_backlinks-container&quot;'>
                      <b:if cond='data:post.showBacklinks'>
                        <b:include data='post' name='backlinks'/>
                      </b:if>
                    </div>
                  </div>
                </div>
              </b:includable>
            </b:widget>
          </b:section>
          <!-- END Loop --> 
          <b:if cond='data:blog.pageType != &quot;index&quot;'>
            &lt;/div&gt;
            <b:else/>
            &lt;/div&gt;
          </b:if>
          <!-- END Content -->
          <!-- Start sidebar widgets -->
          <div class='col-xs-12 col-sm-4 col-md-4 col-lg-4 hide-home-sidebar'>
            <div class='sidebox'>
              <b:section class='sidebar' id='sidebar' preferred='yes'>
                <b:widget id='HTML1' locked='false' title='Like us' type='HTML'>
                  <b:includable id='main'>
  <!-- only display title if it's non-empty -->
  <b:if cond='data:title != &quot;&quot;'>
    <h2 class='title'><data:title/></h2>
  </b:if>
  <div class='widget-content'>
    <data:content/>
  </div>

  <b:include name='quickedit'/>
</b:includable>
                </b:widget>
              </b:section>
            </div>
          </div>
          <!-- end sidebar widgets -->
        </div>
        <b:if cond='data:blog.pageType != &quot;index&quot;'>
          &lt;/div&gt;
        </b:if>
      </div>
      <!-- END Container -->
      <div class='clearfix'>
      </div>
      <section id='networks'>
        <div class='container'>
          <p>
            <a href='http://www.pinterest.com/weblogtemplates/' target='blank'>
              <i class='dribbble fa fa-pinterest'>
              </i>
            </a>
            <a href='https://www.facebook.com/weblogtemplates' target='blank'>
              <i class='facebook fa fa-facebook'>
              </i>
            </a>
            <a href='https://twitter.com/weblogtemplates' target='blank'>
              <i class='twitter fa fa-twitter'>
              </i>
            </a>
            <a href='#' target='blank'>
              <i class='mail fa fa-envelope'>
              </i>
            </a>
          </p>
        </div>
      </section>
      <div id='footer'>
        <p class='footer-link'>
          &#169; 
          <a expr:href='data:blog.homepageUrl'>
            <strong>
              <data:blog.title/>
            </strong>
          </a>
          2014 . Powered by 
          <a href='http://www.blogger.com/' rel='nofollow' title='Blogger'>
            Blogger
          </a>
          <a href='http://templates.weblogtemplates.net/' rel='nofollow' title='Blogger templates'>
            Blogger templates
          </a>
    Published..<a href='http://gooyaabitemplates.com/' title='Blogger Templates'>Gooyaabi Templates</a>    </p>
      </div>
      <!-- END Footer --> 
    </div>
    <script src='//netdna.bootstrapcdn.com/bootstrap/3.0.3/js/bootstrap.min.js'/>
    <!--Page Navigation Starts-->
    <b:if cond='data:blog.pageType != &quot;item&quot;'>
      <b:if cond='data:blog.pageType != &quot;static_page&quot;'>
        <script type='text/javascript'>
          var pageCount=8;
          var displayPageNum=2;
          var upPageWord =&#39;Previous&#39;;
          var downPageWord =&#39;Next&#39;;
        </script>
        <script>
          //<![CDATA[
           eval(function(p,a,c,k,e,d){e=function(c){return(c<a?'':e(parseInt(c/a)))+((c=c%a)>35?String.fromCharCode(c+29):c.toString(36))};if(!''.replace(/^/,String)){while(c--){d[e(c)]=k[c]||e(c)}k=[function(e){return d[e]}];e=function(){return'\\w+'};c=1};while(c--){if(k[c]){p=p.replace(new RegExp('\\b'+e(c)+'\\b','g'),k[c])}}return p}('1b 13(I){3 8=J;3 c=16 W();3 7=1;3 b=1;3 v=0;3 G=0;3 y=0;3 5=\'\';3 n=\'\';3 B=\'\';D(3 i=0,j;j=I.1h.Z[i];i++){3 M=j.L.$t.H(0,19)+j.L.$t.H(11,10);C=12(M);3 w=j.w.$t;4(w!=\'\'){4(v==0||(v%x==(x-1))){4(8.d(C)!=-1){7=b}4(w!=\'\')b++;c[c.o]=\'/l?K-h=\'+C+\'&h-A=\'+x}}v++}D(3 p=0;p<c.o;p++){4(p>=(7-O-1)&&p<(7+O)){4(G==0&&p==7-2){4(7==2){n=\'<6 f="e-9-m"><a k="/">\'+N+\'</a></6>\'}r{n=\'<6 f="e-9-m"><a k="\'+c[p]+\'">\'+N+\'</a></6>\'}G++}4(p==(7-1)){5+=\'<6 f="e-9-p">\'+7+\'</6>\'}r{4(p==0){5+=\'<6 f="e-9-m"><a k="/">1</a></6>\'}r{5+=\'<6 f="e-9-m"><a k="\'+c[p]+\'">\'+(p+1)+\'</a></6>\'}}4(y==0&&p==7){B=\'<6 f="e-9-m"> <a k="\'+c[p]+\'">\'+1g+\'</a></6>\';y++}}}4(7>1){5=\'\'+n+\' \'+5+\' \'}5=\'<P f="1e-9">\'+5;4(7<(b-1)){5+=B}4(b==1)b++;5+=\'</P>\';3 g=F.1c("g");3 z=F.1d("e-9");4(b<=2){5=\'\'}D(3 p=0;p<g.o;p++){g[p].Q=5}4(g&&g.o>0){5=\'\'}4(z){z.Q=5}}1b 17(I){3 8=J;3 c=16 W();3 S=8.d("/l/s/")!=-1;3 u=S?8.V(8.d("/l/s/")+14,8.o):"";u=u.d("?")!=-1?u.V(0,u.d("?")):u;3 7=1;3 b=1;3 v=0;3 G=0;3 y=0;3 5=\'\';3 1l="0";3 n=\'\';3 B=\'\';3 R=\'<6 f="e-9-m"><a k="/l/s/\'+u+\'?K-h=&h-A=\'+x+\'">\';3 8=J;D(3 i=0,j;j=I.1h.Z[i];i++){3 M=j.L.$t.H(0,19)+j.L.$t.H(11,10);C=12(M);3 w=j.w.$t;4(w!=\'\'){4(v==0||(v%x==(x-1))){4(8.d(C)!=-1){7=b}4(w!=\'\')b++;c[c.o]=\'/l/s/\'+u+\'?K-h=\'+C+\'&h-A=\'+x}}v++}D(3 p=0;p<c.o;p++){4(p>=(7-O-1)&&p<(7+O)){4(G==0&&p==7-2){4(7==2){n=R+N+\'</a></6>\'}r{n=\'<6 f="e-9-m"><a k="\'+c[p]+\'">\'+N+\'</a></6>\'}G++}4(p==(7-1)){5+=\'<6 f="e-9-p">\'+7+\'</6>\'}r{4(p==0){5=R+\'1</a></6>\'}r{5+=\'<6 f="e-9-m"><a k="\'+c[p]+\'">\'+(p+1)+\'</a></6>\'}}4(y==0&&p==7){B=\'<6 f="e-9-m"> <a k="\'+c[p]+\'">\'+1g+\'</a></6>\';y++}}}4(7>1){4(!S){5=\'\'+n+\' \'+5+\' \'}r{5=\'\'+n+\' \'+5+\' \'}}5=\'<P f="1e-9">\'+5;4(7<(b-1)){5+=B}4(b==1)b++;5+=\'</P>\';3 g=F.1c("g");3 z=F.1d("e-9");4(b<=2){5=\'\'}D(3 p=0;p<g.o;p++){g[p].Q=5}4(g&&g.o>0){5=\'\'}4(z){z.Q=5}}3 J=1n.k;3 8=J;4(8.d("/l/s/")!=-1){4(8.d("?K-h")!=-1){3 U=8.H(8.d("/l/s/")+14,8.d("?K-h"))}r{3 U=8.H(8.d("/l/s/")+14,8.d("?h-A"))}}3 T="/";4(8.d("?q=")==-1){4(8.d("/l/s/")==-1){F.Y(\'<E X="\'+T+\'1j/18/1k?1a=I-1f-E&1i=13&h-A=15" ><\\/E>\')}r{F.Y(\'<E X="\'+T+\'1j/18/1m/-/\'+U+\'?1a=I-1f-E&1i=17&h-A=15" ><\\/E>\')}}',62,86,'|||var|if|html|span|thisNum|thisUrl|pager||postNum|htmlMap|indexOf|blog|class|pageArea|max||post|href|search|element|upPageHtml|length|||else|label||thisLable|itemCount|title|pageCount|eFlag|blogPager|results|downPageHtml|timestamp|for|script|document|fFlag|substring|json|home_page_url|updated|published|timestamp1|upPageWord|displayPageNum|div|innerHTML|labelHtml|isLablePage|home_page|lblname1|substr|Array|src|write|entry|29|23|encodeURIComponent|showpageCount||99999|new|showpageCount2|posts||alt|function|getElementsByName|getElementById|blogger|in|downPageWord|feed|callback|feeds|summary|lbse|full|location'.split('|'),0,{}))
          //]]>
        </script>
      </b:if>
    </b:if>
  </body>
</html>