<?xml version="1.0" encoding="UTF-8" ?>
<!DOCTYPE html PUBLIC "-//W3C//DTD XHTML 1.0 Strict//EN" "http://www.w3.org/TR/xhtml1/DTD/xhtml1-strict.dtd">
<html expr:dir='data:blog.languageDirection' xmlns='http://www.w3.org/1999/xhtml' xmlns:b='http://www.google.com/2005/gml/b' xmlns:data='http://www.google.com/2005/gml/data' xmlns:expr='http://www.google.com/2005/gml/expr'>
  <head>
<SCRIPT type='text/javascript'> var thumbnail_mode = &quot;no-float&quot; ; summary_noimg = 450; summary_img = 550; img_thumb_height = 175; img_thumb_width = 200; </SCRIPT><SCRIPT src='http://www.smashingtips.com/wp-content/uploads/2009/05/read-more.js' type='text/javascript'/>
    <b:include data='blog' name='all-head-content'/>
    <title><data:blog.pageTitle/></title>
    <b:skin><![CDATA[[/*
-----------------------------------------------
      Blogger Template Style
-----------------------------------------------
Name           : Summy Blogger Template
Converted by   : Vk Bhardwaj
Converters URI : http://www.besttheme.net
Tags           : Tech, Technology, Ads Ready, Two Columns, Right Sidebar, Fixed 
-----------------------------------------------
Designed by    : http://newwpthemes.com
----------------------------------------------- */
/* Use this with templates/template-twocol.htmlhttp://www.besttheme.net*/
body#layout #searchform,body#layout .rss,body#layout div.span-24 {display:none;}layout #footer2 {display:none;}
#navbar-iframe{display:none;}
*{padding:0;margin:0}
/* -----------------------------------------------------------------------
Blueprint CSS Framework 0.8
http://blueprintcss.org
http://www.besttheme.net
* Copyright (c) 2007-Present. See LICENSE for more info.
* See README for instructions on how to use Blueprint.
* For credits and origins, see AUTHORS.
* This is a compressed file. See the sources in the 'src' directory.
----------------------------------------------------------------------- */
/* reset.csshttp://www.besttheme.net */
html, body, div, span, object, iframe, h1, h2, h3, h4, h5, h6, p, blockquote, pre, a, abbr, acronym, address, code, del, dfn, em, img, q, dl, dt, dd, ol, ul, li, fieldset, form, label, legend, table, caption, tbody, tfoot, thead, tr, th, td {margin:0;padding:0;border:0;font-weight:inherit;font-style:inherit;font-size:100%;font-family:inherit;vertical-align:baseline;}
body {line-height:1.5;}
table {border-collapse:separate;border-spacing:0;}
caption, th, td {text-align:left;font-weight:normal;}
table, td, th {vertical-align:middle;}
blockquote:before, blockquote:after, q:before, q:after {content:"";}
blockquote, q {quotes:"" "";}
a img {border:none;}
/* typography.csshttp://www.besttheme.net/ */
body {font-size:75%;color:#222;background:#fff;font-family:"Helvetica Neue", Arial, Helvetica, sans-serif;}
h1, h2, h3, h4, h5, h6 {font-weight:normal;color:#111;}
h1 {font-size:3em;line-height:1;margin-bottom:0.5em;}
h2 {font-size:2em;margin-bottom:0.75em;}
h3 {font-size:1.5em;line-height:1;margin-bottom:1em;}
h4 {font-size:1.2em;line-height:1.25;margin-bottom:1.25em;}
h5 {font-size:1em;font-weight:bold;margin-bottom:1.5em;}
h6 {font-size:1em;font-weight:bold;}
h1 img, h2 img, h3 img, h4 img, h5 img, h6 img {margin:0;}
p {margin:0 0 1.5em;}
p img.left {float:left;margin:1.5em 1.5em 1.5em 0;padding:0;}
p img.right {float:right;margin:1.5em 0 1.5em 1.5em;}
a:focus, a:hover {color:#000;}
a {color:#009;text-decoration:underline;}
blockquote {margin:1.5em;color:#666;font-style:italic;}
strong {font-weight:bold;}
em, dfn {font-style:italic;}
dfn {font-weight:bold;}
sup, sub {line-height:0;}
abbr, acronym {border-bottom:1px dotted #666;}
address {margin:0 0 1.5em;font-style:italic;}
del {color:#666;}
pre {margin:1.5em 0;white-space:pre;}
pre, code, tt {font:1em 'andale mono', 'lucida console', monospace;line-height:1.5;}
li ul, li ol {margin:0 1.5em;}
ul, ol {margin:0 1.5em 1.5em 1.5em;}
ul {list-style-type:disc;}
ol {list-style-type:decimal;}
dl {margin:0 0 1.5em 0;}
dl dt {font-weight:bold;}
dd {margin-left:1.5em;}
table {margin-bottom:1.4em;width:100%;}
th {font-weight:bold;}
thead th {background:#c3d9ff;}
th, td, caption {padding:4px 10px 4px 5px;}
tr.even td {background:#e5ecf9;}
tfoot {font-style:italic;}
caption {background:#eee;}
.small {font-size:.8em;margin-bottom:1.875em;line-height:1.875em;}
.large {font-size:1.2em;line-height:2.5em;margin-bottom:1.25em;}
.hide {display:none;}
.quiet {color:#666;}
.loud {color:#000;}
.highlight {background:#ff0;}
.added {background:#060;color:#fff;}
.removed {background:#900;color:#fff;}
.first {margin-left:0;padding-left:0;}
.last {margin-right:0;padding-right:0;}
.top {margin-top:0;padding-top:0;}
.bottom {margin-bottom:0;padding-bottom:0;}
/* forms.css http://www.besttheme.net/*/
label {font-weight:bold;}
fieldset {padding:1.4em;margin:0 0 1.5em 0;border:1px solid #ccc;}
legend {font-weight:bold;font-size:1.2em;}
input.text, input.title, textarea, select {margin:0.5em 0;border:1px solid #bbb;}
input.text:focus, input.title:focus, textarea:focus, select:focus {border:1px solid #666;}
input.text, input.title {width:300px;padding:5px;}
input.title {font-size:1.5em;}
textarea {width:390px;height:250px;padding:5px;}
.error, .notice, .success {padding:.8em;margin-bottom:1em;border:2px solid #ddd;}
.error {background:#FBE3E4;color:#8a1f11;border-color:#FBC2C4;}
.notice {background:#FFF6BF;color:#514721;border-color:#FFD324;}
.success {background:#E6EFC2;color:#264409;border-color:#C6D880;}
.error a {color:#8a1f11;}
.notice a {color:#514721;}
.success a {color:#264409;}
/* grid.css http://www.besttheme.net/*/
.container {width:950px;margin:0 auto;}
.showgrid {background:url(src/grid.png);}
.column, div.span-1, div.span-2, div.span-3, div.span-4, div.span-5, div.span-6, div.span-7, div.span-8, div.span-9, div.span-10, div.span-11, div.span-12, div.span-13, div.span-14, div.span-15, div.span-16, div.span-17, div.span-18, div.span-19, div.span-20, div.span-21, div.span-22, div.span-23, div.span-24 {float:left;margin-right:10px;}
.last, div.last {margin-right:0;}
.span-1 {width:30px;}
.span-2 {width:70px;}
.span-3 {width:110px;}
.span-4 {width:150px;}
.span-5 {width:190px;}
.span-6 {width:230px;}
.span-7 {width:270px;}
.span-8 {width:310px;}
.span-9 {width:350px;}
.span-10 {width:390px;}
.span-11 {width:430px;}
.span-12 {width:470px;}
.span-13 {width:510px;}
.span-14 {width:550px;}
.span-15 {width:590px;}
.span-16 {width:630px;}
.span-17 {width:670px;}
.span-18 {width:710px;}
.span-19 {width:750px;}
.span-20 {width:790px;}
.span-21 {width:830px;}
.span-22 {width:870px;}
.span-23 {width:910px;}
.span-24, div.span-24 {width:950px;margin:0;}
input.span-1, textarea.span-1, input.span-2, textarea.span-2, input.span-3, textarea.span-3, input.span-4, textarea.span-4, input.span-5, textarea.span-5, input.span-6, textarea.span-6, input.span-7, textarea.span-7, input.span-8, textarea.span-8, input.span-9, textarea.span-9, input.span-10, textarea.span-10, input.span-11, textarea.span-11, input.span-12, textarea.span-12, input.span-13, textarea.span-13, input.span-14, textarea.span-14, input.span-15, textarea.span-15, input.span-16, textarea.span-16, input.span-17, textarea.span-17, input.span-18, textarea.span-18, input.span-19, textarea.span-19, input.span-20, textarea.span-20, input.span-21, textarea.span-21, input.span-22, textarea.span-22, input.span-23, textarea.span-23, input.span-24, textarea.span-24 {border-left-width:1px!important;border-right-width:1px!important;padding-left:5px!important;padding-right:5px!important;}
input.span-1, textarea.span-1 {width:18px!important;}
input.span-2, textarea.span-2 {width:58px!important;}
input.span-3, textarea.span-3 {width:98px!important;}
input.span-4, textarea.span-4 {width:138px!important;}
input.span-5, textarea.span-5 {width:178px!important;}
input.span-6, textarea.span-6 {width:218px!important;}
input.span-7, textarea.span-7 {width:258px!important;}
input.span-8, textarea.span-8 {width:298px!important;}
input.span-9, textarea.span-9 {width:338px!important;}
input.span-10, textarea.span-10 {width:378px!important;}
input.span-11, textarea.span-11 {width:418px!important;}
input.span-12, textarea.span-12 {width:458px!important;}
input.span-13, textarea.span-13 {width:498px!important;}
input.span-14, textarea.span-14 {width:538px!important;}
input.span-15, textarea.span-15 {width:578px!important;}
input.span-16, textarea.span-16 {width:618px!important;}
input.span-17, textarea.span-17 {width:658px!important;}
input.span-18, textarea.span-18 {width:698px!important;}
input.span-19, textarea.span-19 {width:738px!important;}
input.span-20, textarea.span-20 {width:778px!important;}
input.span-21, textarea.span-21 {width:818px!important;}
input.span-22, textarea.span-22 {width:858px!important;}
input.span-23, textarea.span-23 {width:898px!important;}
input.span-24, textarea.span-24 {width:938px!important;}
.append-1 {padding-right:40px;}
.append-2 {padding-right:80px;}
.append-3 {padding-right:120px;}
.append-4 {padding-right:160px;}
.append-5 {padding-right:200px;}
.append-6 {padding-right:240px;}
.append-7 {padding-right:280px;}
.append-8 {padding-right:320px;}
.append-9 {padding-right:360px;}
.append-10 {padding-right:400px;}
.append-11 {padding-right:440px;}
.append-12 {padding-right:480px;}
.append-13 {padding-right:520px;}
.append-14 {padding-right:560px;}
.append-15 {padding-right:600px;}
.append-16 {padding-right:640px;}
.append-17 {padding-right:680px;}
.append-18 {padding-right:720px;}
.append-19 {padding-right:760px;}
.append-20 {padding-right:800px;}
.append-21 {padding-right:840px;}
.append-22 {padding-right:880px;}
.append-23 {padding-right:920px;}
.prepend-1 {padding-left:40px;}
.prepend-2 {padding-left:80px;}
.prepend-3 {padding-left:120px;}
.prepend-4 {padding-left:160px;}
.prepend-5 {padding-left:200px;}
.prepend-6 {padding-left:240px;}
.prepend-7 {padding-left:280px;}
.prepend-8 {padding-left:320px;}
.prepend-9 {padding-left:360px;}
.prepend-10 {padding-left:400px;}
.prepend-11 {padding-left:440px;}
.prepend-12 {padding-left:480px;}
.prepend-13 {padding-left:520px;}
.prepend-14 {padding-left:560px;}
.prepend-15 {padding-left:600px;}
.prepend-16 {padding-left:640px;}
.prepend-17 {padding-left:680px;}
.prepend-18 {padding-left:720px;}
.prepend-19 {padding-left:760px;}
.prepend-20 {padding-left:800px;}
.prepend-21 {padding-left:840px;}
.prepend-22 {padding-left:880px;}
.prepend-23 {padding-left:920px;}
div.border {padding-right:4px;margin-right:5px;border-right:1px solid #eee;}
div.colborder {padding-right:24px;margin-right:25px;border-right:1px solid #eee;}
.pull-1 {margin-left:-40px;}
.pull-2 {margin-left:-80px;}
.pull-3 {margin-left:-120px;}
.pull-4 {margin-left:-160px;}
.pull-5 {margin-left:-200px;}
.pull-6 {margin-left:-240px;}
.pull-7 {margin-left:-280px;}
.pull-8 {margin-left:-320px;}
.pull-9 {margin-left:-360px;}
.pull-10 {margin-left:-400px;}
.pull-11 {margin-left:-440px;}
.pull-12 {margin-left:-480px;}
.pull-13 {margin-left:-520px;}
.pull-14 {margin-left:-560px;}
.pull-15 {margin-left:-600px;}
.pull-16 {margin-left:-640px;}
.pull-17 {margin-left:-680px;}
.pull-18 {margin-left:-720px;}
.pull-19 {margin-left:-760px;}
.pull-20 {margin-left:-800px;}
.pull-21 {margin-left:-840px;}
.pull-22 {margin-left:-880px;}
.pull-23 {margin-left:-920px;}
.pull-24 {margin-left:-960px;}
.pull-1, .pull-2, .pull-3, .pull-4, .pull-5, .pull-6, .pull-7, .pull-8, .pull-9, .pull-10, .pull-11, .pull-12, .pull-13, .pull-14, .pull-15, .pull-16, .pull-17, .pull-18, .pull-19, .pull-20, .pull-21, .pull-22, .pull-23, .pull-24 {float:left;position:relative;}
.push-1 {margin:0 -40px 1.5em 40px;}
.push-2 {margin:0 -80px 1.5em 80px;}
.push-3 {margin:0 -120px 1.5em 120px;}
.push-4 {margin:0 -160px 1.5em 160px;}
.push-5 {margin:0 -200px 1.5em 200px;}
.push-6 {margin:0 -240px 1.5em 240px;}
.push-7 {margin:0 -280px 1.5em 280px;}
.push-8 {margin:0 -320px 1.5em 320px;}
.push-9 {margin:0 -360px 1.5em 360px;}
.push-10 {margin:0 -400px 1.5em 400px;}
.push-11 {margin:0 -440px 1.5em 440px;}
.push-12 {margin:0 -480px 1.5em 480px;}
.push-13 {margin:0 -520px 1.5em 520px;}
.push-14 {margin:0 -560px 1.5em 560px;}
.push-15 {margin:0 -600px 1.5em 600px;}
.push-16 {margin:0 -640px 1.5em 640px;}
.push-17 {margin:0 -680px 1.5em 680px;}
.push-18 {margin:0 -720px 1.5em 720px;}
.push-19 {margin:0 -760px 1.5em 760px;}
.push-20 {margin:0 -800px 1.5em 800px;}
.push-21 {margin:0 -840px 1.5em 840px;}
.push-22 {margin:0 -880px 1.5em 880px;}
.push-23 {margin:0 -920px 1.5em 920px;}
.push-24 {margin:0 -960px 1.5em 960px;}
.push-1, .push-2, .push-3, .push-4, .push-5, .push-6, .push-7, .push-8, .push-9, .push-10, .push-11, .push-12, .push-13, .push-14, .push-15, .push-16, .push-17, .push-18, .push-19, .push-20, .push-21, .push-22, .push-23, .push-24 {float:right;position:relative;}
.prepend-top {margin-top:1.5em;}
.append-bottom {margin-bottom:1.5em;}
.box {padding:1.5em;margin-bottom:1.5em;background:#E5ECF9;}
hr {background:#ddd;color:#ddd;clear:both;float:none;width:100%;height:.1em;margin:0 0 1.45em;border:none;}
hr.space {background:#fff;color:#fff;}
.clearfix:after, .container:after {content:"\0020";display:block;height:0;clear:both;visibility:hidden;overflow:hidden;}
.clearfix, .container {display:block;}
.clear {clear:both;}
/* LAYOUT */

body {background: #fff url(http://2.bp.blogspot.com/_yPlAAAH9bEo/TBNFY769cyI/AAAAAAAAC8s/U2RUVUlL6hc/s1600/background.png) top left repeat-x;}
#wrapper {}
#container {}
#contentwrap {background: #fff url(http://3.bp.blogspot.com/_yPlAAAH9bEo/TBNFgn5nq0I/AAAAAAAAC80/tsMh8s8w5LQ/s1600/contentwrap.png) right top repeat-y;}
a {color: #3f91c3;}
a:hover {color: #ff8019;}


/* HEADER */
#header {height: 120px;padding:margin-bottom: 0px !important;padding: 26px 0 0 0;}
#header h1 {font-weight: normal;font-family: Arial, Helvetica, Sans-serif;font-weight: bold;font-size: 46px;}
#header h1 a, #header h1 a:visited {color: #fff;text-decoration: none;}
#header h2 {color: #206f9f;font-size: 14px;line-height: 14px; font-family: Arial, Helvetica, Sans-serif;}
.logoimg { margin: 26px 0 0 0;    }
.feedtwitter {margin-top: 4px !important;text-align: right;}
    
    
/* NAVIGATION MENUS */
#pagemenucontainer {height: 34px; margin-top: 8px;}	
#pagemenu {height: 34px;}
#pagemenu, #pagemenu ul { padding: 0;margin: 0;list-style: none;line-height: 1;}
#pagemenu {margin-bottom: 1px;}
#pagemenu ul {float: left;list-style: none;margin: 0px 0px 0px 0px;padding: 0px;}
#pagemenu li {float: left;list-style: none;margin: 0px;padding: 0px;}
#pagemenu ul li {list-style: none;margin: 0px;padding: 0px;}
#pagemenu li a, #pagemenu li a:link {color: #22526f;display: block;
margin: 0 4px 0 0;padding: 10px 15px;text-decoration: none;font-weight: normal;text-transform: uppercase;font-size: 11px;font-family: Arial, Helvetica, sans-serif;
background: url(http://3.bp.blogspot.com/_yPlAAAH9bEo/TBNFqZmYtAI/AAAAAAAAC88/PKZ3Dgu7ges/s1600/pagenav.png) left top repeat-x;
-moz-border-radius: 5px 5px 0 0;
-khtml-border-radius: 5px 5px 0 0;
-webkit-border-radius: 5px 5px 0 0;
border-radius: 5px 5px 0 0;}
#pagemenu li a:hover, #pagemenu li a:active, #pagemenu  li.current_page_item a {color: #103d59;background: url(http://1.bp.blogspot.com/_yPlAAAH9bEo/TBNFzkRJ_KI/AAAAAAAAC9E/KZ51kAmsOPo/s1600/pagenav-hover.png) left top repeat-x;display: block;text-decoration: none;}
#pagemenu li:hover, #pagemenu li.sfhover { position: static;}
.navcontainer {height: 32px;background: #2c241d;padding: 0 0 0 10px;margin-bottom: 15px;}	
#nav {height: 32px;}
#nav, #nav ul { padding: 0;margin: 0;list-style: none;line-height: 1;}
#nav {margin-bottom: 1px;}
#nav ul {float: left;list-style: none;margin: 0px 0px 0px 0px;padding: 0px;}
#nav li {float: left;list-style: none;margin: 0px;padding: 0px;}
#nav ul li {list-style: none;margin: 0px;padding: 0px;}
#nav li a, #nav li a:link {color: #a4a3a2;display: block;
margin: 0 6px 0px 0;padding: 10px 14px;text-decoration: none;font-size: 12px;font-weight: bold;text-transform: uppercase;font-family: Arial, Helvetica, Sans-serif;
text-shadow: 0 1px 0 #000;}
#nav li a:hover, #nav li a:active, #nav  li.current-cat a  {color: #fff;display: block;text-decoration: none;text-shadow: 0 1px 0 #000;background: #3b3835;}
#nav li:hover, #nav li.sfhover { position: static;}

	
/* CONTENT */
#main-wrapper {padding: 15px 5px 15px 15px;}
.main .widget {  margin:0 0 1.5em; padding:0 0 1.5em; }
.main .Blog {  border-bottom-width: 0;}
.postwrap {margin: 0 0 15px 0;border: 1px solid #ffffff;background-color: #fff;}	
.post {background: url('') top left repeat-x;border-bottom: 1px solid #e6e8c9;padding: 15px;}
.post p {margin-bottom: 10px;	}
.title {margin: 0 0 8px 0;padding: 0px;line-height: 22px;font-size: 22px;font-family: Arial, Verdana;color: #323232;font-weight: bold;}	
.title a {text-decoration: none;color: #323232;}
.title a:hover {text-decoration: none;color: #c62703;}
.pagetitle {margin-bottom: 20px;line-height: 22px;font-family: Arial, Verdana;text-decoration: underline;}
.jump-link {text-align: right;}
.jump-link a {padding: 4px 15px;background: #b33519;color: #fff;text-decoration: none;text-shadow: 0 1px 0 #601302;}
.jump-link a:hover {background-color: #af2001;}
.post-header{font-size: 11px;padding: 1px 4px;font-family: Arial, Verdana;color: #5b5b5b;}
.post-header img {border: none;vertical-align: middle;margin:2px;}
.post-body{text-align: justify;line-height: 20px;padding-top: 8px;font-family: Arial, Verdana;font-size: 14px;color: #474747;}
blockquote {overflow: hidden;padding-left: 9px;font-style: italic;color: #666;border-left: 3px solid #ffffff;}	
.post-footer {	font-size: 11px;padding: 2px 4px;font-family: Arial, Verdana;color: #474747;}}
.comment-link {margin-left:.6em; }
.post img {  padding:4px; }
.post blockquote { margin:1em 20px;}
.post blockquote p { margin:.75em 0; }
#comments h4 { margin:1em 0;font-weight: bold; }
#comments-block {margin:1em 0 1.5em; line-height:1.6em; }
#comments-block .comment-author {margin:.5em 0; }
#comments-block .comment-body { margin:.25em 0 0; }
#comments-block .comment-footer { margin:-.25em 0 2em; }
#comments-block .comment-body p { margin:0 0 .75em;  }
#blog-pager-newer-link { float: left;}
#blog-pager-older-link {float: right; }
#blog-pager {  text-align: center;}
.feed-links {clear: both;line-height: 2.5em;}


/* SIDEBAR(S) */
.sidebaradbox {margin-top: 10px; text-align:center;}	
.ad125 {margin: 6px;}
.sidebar {margin: 0 10px 10px 10px;font-size: 13px;}	
.sidebar a {text-decoration: none;color: #3b332c;}
.sidebar a:hover {text-decoration: underline;color:#2d81b6;}	
#search {border: 1px solid #c7d7e3;height: 28px;padding: 0;background: #fff;text-align: right;margin-top: 15px;}
#search input {border: 0;background: none;color: #526e7f;}		
#s {width: 240px;padding: 4px;margin:2px 0 0 0;background: none;}
#topsearch #search { margin: 15px 0 0 0;padding-right: 4px; }  
#topsearch #s {width: 246px;}
	
		
/* Social icons */
.addthis_toolbox {padding: 15px 0 0px 0;text-align: center;}
.addthis_toolbox .custom_images a{ width: 32px; height: 32px; margin: 0 2px 0 2px; padding: 0;}
.addthis_toolbox .custom_images a:hover img{ opacity: 1;}
.addthis_toolbox .custom_images a img{ opacity: 0.85;}	
.sidebarvideo {}
.sidebar h2 {margin: 10px 0 0 0;padding: 4px 0 4px 8px;text-align: left;font-size: 18px;line-height: 18px;color: #2c241d;
font-family: Arial, Helvetica, Sans-serif;font-weight: bold;
text-transform: uppercase;border-left: 4px solid #7ac2ee;}
.sidebar ul {list-style-type: none;margin: 0px 0px 10px 0px;padding: 0px;}	
.sidebar ul li {list-style-type: none;margin: 0px 0px 5px 0px;padding: 0px;}
.sidebar ul ul {list-style-type: none;margin: 0px;padding: 0px;}
.sidebar ul li, .sidebar ul li ul li {padding: 6px 0px 8px 4px;margin: 0px;background: url(http://3.bp.blogspot.com/_yPlAAAH9bEo/TBNGKjgHe6I/AAAAAAAAC9M/7s_bdOay-3E/s1600/sidebar-line.png) left bottom repeat-x;}


/* FOOTER */
#footer {background: #2c241d;padding: 20px;text-align: center;color: #fff;font-size: 13px;margin-top: 15px;}
#footer a {color: #fff;} 
#footer a:hover {text-decoration: none;} 
#footer2 {color: #7f7f7f;font-size: 11px;text-align: center;padding: 10px;}	
#footer2 a {color: #7f7f7f;text-decoration: none;}
 
]]></b:skin>
<b:if cond='data:blog.pageType != &quot;item&quot;'>
<style>.comment-link {display:none;}
.post-footer-line-1 {display:none;}
.post-footer-line-3 {display:none;}
.post-labels {display:none;}
</style>
</b:if>
</head>
<body>

<div id='wrapper'> 
<div class='container' id='container'>  
<div class='span-24'> 
<div class='span-22'> 
<div id='pagemenucontainer'> 
<ul id='pagemenu'> 
<b:section class='crosscol' id='crosscol' preferred='yes' showaddelement='no'>
<b:widget id='PageList1' locked='true' title='Pages' type='PageList'>
<b:includable id='main'>
            <div class='widget-content'>
              <ul>
                <b:loop values='data:links' var='link'>
                  <b:if cond='data:link.isCurrentPage'>
                    <li class='selected'><a expr:href='data:link.href'><data:link.title/></a></li>
                  <b:else/>
                    <li><a expr:href='data:link.href'><data:link.title/></a></li>
                  </b:if>
                </b:loop>
              </ul>
              <b:include name='quickedit'/>
            </div>
          </b:includable>
</b:widget>
</b:section>
</ul> 
</div></div> 
                
                
<div class='span-2 feedtwitter last' style='margin-top: 5px; text-align:right;'> 
<a href='RSS-LINK-HERE'><img src='http://lh3.ggpht.com/_yPlAAAH9bEo/TBNJJV0eAOI/AAAAAAAAC9o/4O2vdI_53Yk/rss.png' style='margin:0 4px 0 0;'/></a>		

<a href='TWITTER-LINK-HERE' title='Follow me on Twitter!'><img src='http://lh4.ggpht.com/_yPlAAAH9bEo/TBNJJG4oYOI/AAAAAAAAC9k/e2C9q39FvbM/twitter.png' style='margin:0 4px 0 0; ' title='Follow me on Twitter!'/></a>				</div></div> 
				
<div class='span-24' id='header'> 
<div class='span-12'> 
<b:section class='blogname' id='blogname' maxwidgets='1' showaddelement='no'>
<b:widget id='Header1' locked='true' title='Summy (Header)' type='Header'>
<b:includable id='title'>
  <b:if cond='data:blog.url == data:blog.homepageUrl'>
    <a expr:href='data:blog.homepageUrl'><data:title/></a>
  <b:else/>
    <a expr:href='data:blog.homepageUrl'><data:title/></a>
  </b:if>
</b:includable>
<b:includable id='description'>
    <h2><data:description/></h2>
</b:includable>
<b:includable id='main'>

  <b:if cond='data:useImage'>
    <b:if cond='data:imagePlacement == &quot;REPLACE&quot;'>
      <!--Show just the image, no text-->
      <div id='header-inner'>
        <a expr:href='data:blog.homepageUrl' style='display: block'>
          <img expr:alt='data:title' expr:height='data:height' expr:id='data:widget.instanceId + &quot;_headerimg&quot;' expr:src='data:sourceUrl' expr:width='data:width' style='display: block'/>
        </a>
      </div>
    <b:else/>
      <!--
      Show image as background to text. You can't really calculate the width
      reliably in JS because margins are not taken into account by any of
      clientWidth, offsetWidth or scrollWidth, so we don't force a minimum
      width if the user is using shrink to fit.
      This results in a margin-width's worth of pixels being cropped. If the
      user is not using shrink to fit then we expand the header.
      -->
      <div expr:style='&quot;background-image: url(\&quot;&quot; + data:sourceUrl + &quot;\&quot;); &quot;                      + &quot;background-position: &quot;                      + data:backgroundPositionStyleStr + &quot;; &quot;                      + data:widthStyleStr                      + &quot;min-height: &quot; + data:height + &quot;px;&quot;                      + &quot;_height: &quot; + data:height + &quot;px;&quot;                      + &quot;background-repeat: no-repeat; &quot;' id='header-inner'>
        <div class='titlewrapper' style='background: transparent'>
          <h1 class='title' style='background: transparent; border-width: 0px'>
            <b:include name='title'/>
          </h1>
        </div>
        <b:include name='description'/>
      </div>
    </b:if>
  <b:else/>
    <!--No header image -->
    <h1><b:include name='title'/></h1>
    <b:include name='description'/>
  </b:if>
</b:includable>
</b:widget>
</b:section>												</div> 
					
					
<div class='span-12 last'> 
<div style='padding: 26px 0 0 0; text-align:right;'> 
<a href='YOUR LINK HERE'><img alt='IMAGE DESCRIPTION HERE ' src='IMAGE BANNER URL' style='border: 0;'/></a>                        </div></div></div> 
			
			
<div class='span-24'> 
<div class='navcontainer'> 
<ul id='nav'> 
 <b:section class='mainmenu2' id='mainmenu2' preferred='yes' showaddelement='no'>
<b:widget id='LinkList99' locked='true' title='Navigation Menu' type='LinkList'>
<b:includable id='main'>
            <div class='widget-content'>
              <ul id='nav'>
                <b:loop values='data:links' var='link'>
                  <li><a expr:href='data:link.target'><data:link.name/></a></li>
                </b:loop>
              </ul>
            </div>
          </b:includable>
</b:widget>
</b:section>
    </ul> 
</div></div>	
	
<div class='span-24' id='contentwrap'>
<div class='span-16'>
<div id='main-wrapper'>
<b:section class='main' id='main' showaddelement='no'>
<b:widget id='Blog1' locked='true' title='Blog Posts' type='Blog'>
<b:includable id='nextprev'>
  <div class='blog-pager' id='blog-pager'>
    <b:if cond='data:newerPageUrl'>
      <span id='blog-pager-newer-link'>
      <a class='blog-pager-newer-link' expr:href='data:newerPageUrl' expr:id='data:widget.instanceId + &quot;_blog-pager-newer-link&quot;' expr:title='data:newerPageTitle'><data:newerPageTitle/></a>
      </span>
    </b:if>

    <b:if cond='data:olderPageUrl'>
      <span id='blog-pager-older-link'>
      <a class='blog-pager-older-link' expr:href='data:olderPageUrl' expr:id='data:widget.instanceId + &quot;_blog-pager-older-link&quot;' expr:title='data:olderPageTitle'><data:olderPageTitle/></a>
      </span>
    </b:if>

    <a class='home-link' expr:href='data:blog.homepageUrl'><data:homeMsg/></a>

  </div>
  <div class='clear'/>
</b:includable>
<b:includable id='shareButtons' var='post'>
  <b:if cond='data:post.sharePostUrl'>
      <a class='share-button sb-email' expr:href='data:post.sharePostUrl + &quot;&amp;target=email&quot;' expr:title='data:top.emailThisMsg' target='_blank'>
        <span class='share-button-link-text'><data:top.emailThisMsg/></span></a>
      <a class='share-button sb-blog' expr:href='data:post.sharePostUrl + &quot;&amp;target=blog&quot;' expr:onclick='&quot;window.open(this.href, \&quot;&quot; + data:top.blogThisMsg             + &quot;\&quot;, \&quot;height=270,width=475\&quot;); return false;&quot;' expr:title='data:top.blogThisMsg' target='_blank'>
        <span class='share-button-link-text'><data:top.blogThisMsg/></span></a>
      <a class='share-button sb-twitter' expr:href='data:post.sharePostUrl + &quot;&amp;target=twitter&quot;' expr:title='data:top.shareToTwitterMsg' target='_blank'>
        <span class='share-button-link-text'><data:top.shareToTwitterMsg/></span></a>
      <a class='share-button sb-facebook' expr:href='data:post.sharePostUrl + &quot;&amp;target=facebook&quot;' expr:onclick='&quot;window.open(this.href, \&quot;&quot;             + data:top.shareToFacebookMsg + &quot;\&quot;, \&quot;height=430,width=640\&quot;); return false;&quot;' expr:title='data:top.shareToFacebookMsg' target='_blank'>
        <span class='share-button-link-text'><data:top.shareToFacebookMsg/></span></a>
      <a class='share-button sb-buzz' expr:href='data:post.sharePostUrl + &quot;&amp;target=buzz&quot;' expr:onclick='&quot;window.open(this.href, \&quot;&quot; + data:top.shareToBuzzMsg             + &quot;\&quot;, \&quot;height=415,width=690\&quot;); return false;&quot;' expr:title='data:top.shareToBuzzMsg' target='_blank'>
        <span class='share-button-link-text'><data:top.shareToBuzzMsg/></span></a>
  </b:if>
</b:includable>
<b:includable id='backlinks' var='post'>
  <a name='links'/><h4><data:post.backlinksLabel/></h4>
  <b:if cond='data:post.numBacklinks != 0'>
    <dl class='comments-block' id='comments-block'>
      <b:loop values='data:post.backlinks' var='backlink'>
        <div class='collapsed-backlink backlink-control'>
          <dt class='comment-title'>
            <span class='backlink-toggle-zippy'>&#160;</span>
            <a expr:href='data:backlink.url' rel='nofollow'><data:backlink.title/></a>
            <b:include data='backlink' name='backlinkDeleteIcon'/>
          </dt>
          <dd class='comment-body collapseable'>
            <data:backlink.snippet/>
          </dd>
          <dd class='comment-footer collapseable'>
            <span class='comment-author'><data:post.authorLabel/> <data:backlink.author/></span>
            <span class='comment-timestamp'><data:post.timestampLabel/> <data:backlink.timestamp/></span>
          </dd>
        </div>
      </b:loop>
    </dl>
  </b:if>
  <p class='comment-footer'>
    <a class='comment-link' expr:href='data:post.createLinkUrl' expr:id='data:widget.instanceId + &quot;_backlinks-create-link&quot;' target='_blank'><data:post.createLinkLabel/></a>
  </p>
</b:includable>
<b:includable id='post' var='post'>
  <div class='post hentry'>
    <a expr:name='data:post.id'/>
    <b:if cond='data:post.title'>
      <h2 class='title'>
     <b:if cond='data:post.link'>
       <a expr:href='data:post.link'><data:post.title/></a>
     <b:else/>
        <b:if cond='data:post.url'>
          <a expr:href='data:post.url'><data:post.title/></a>
        <b:else/>
          <data:post.title/>
        </b:if>
     </b:if>
      </h2>
    </b:if>
<div class='postdate'><img src='http://2.bp.blogspot.com/_rgHYBmPCWo4/S-1bKYoJ-uI/AAAAAAAAByA/4hrSgspNBnQ/s1600/date.png'/><data:post.timestamp/>
<img src='http://3.bp.blogspot.com/_rgHYBmPCWo4/S-1bXfmCLlI/AAAAAAAAByI/v0vOu-04Z08/s1600/user.png'/>
<data:post.author/>
</div>

    <div class='post-header'>
    <div class='post-header-line-1'/>
    </div>

    <div class='entry'>
      <b:if cond='data:blog.pageType == &quot;item&quot;'>
    <p><data:post.body/></p>
    <b:else/><DIV expr:id='&quot;summary&quot; + data:post.id'><p><data:post.body/></p></DIV> <SCRIPT type='text/javascript'>createSummaryAndThumb(&quot;summary<data:post.id/>&quot;);</SCRIPT> <div style='clear: both;'/> <div style='border:0px;padding-top:5px;;float:right;text-align:right;'><span class='readon'><a class='readmore' expr:href='data:post.url' rel='bookmark'>Read More...&#187;</a></span></div>
    </b:if>
      <div style='clear: both;'/> <!-- clear for photos floats -->
    </div>
  <div class='postmeta'><img src='http://1.bp.blogspot.com/_rgHYBmPCWo4/S-1bmlZviQI/AAAAAAAAByQ/Igf7V9SU8MQ/s1600/folder.png'/> Posted in <span class='post-labels'>
        <b:if cond='data:post.labels'>          
          <b:loop values='data:post.labels' var='label'>
            <a expr:href='data:label.url' rel='tag'><data:label.name/></a><b:if cond='data:label.isLast != &quot;true&quot;'>,</b:if>
          </b:loop>
        </b:if>
      </span>
</div>
    <b:if cond='data:post.hasJumpLink'>
      <div class='jump-link'>
        <a expr:href='data:post.url + &quot;#more&quot;' expr:title='data:post.title'><data:post.jumpText/></a>  
      </div>
    </b:if>
    
    <div class='post-footer'>
    <div class='post-footer-line post-footer-line-1'>
      <span class='post-author vcard'>
        <b:if cond='data:top.showAuthor'>
          <data:top.authorLabel/>
          <span class='fn'><data:post.author/></span>
        </b:if>
      </span>

     
  
      <span class='reaction-buttons'>
        <b:if cond='data:top.showReactions'>
          <table border='0' cellpadding='0' cellspacing='0' width='100%'><tr>
            <td class='reactions-label-cell' nowrap='nowrap' valign='top' width='1%'>
              <span class='reactions-label'>
              <data:top.reactionsLabel/></span>&#160;</td>
            <td><iframe allowtransparency='true' class='reactions-iframe' expr:src='data:post.reactionsUrl' frameborder='0' name='reactions' scrolling='no'/></td>
           </tr></table>
        </b:if>
      </span>

      <span class='star-ratings'>
        <b:if cond='data:top.showStars'>
           <div expr:g:background-color='data:backgroundColor' expr:g:text-color='data:textColor' expr:g:url='data:post.absoluteUrl' g:height='42' g:type='RatingPanel' g:width='280'/>
        </b:if>
      </span>


       <!-- backlinks -->
       <span class='post-backlinks post-comment-link'>
         <b:if cond='data:blog.pageType != &quot;item&quot;'>
           <b:if cond='data:blog.pageType != &quot;static_page&quot;'>
             <b:if cond='data:post.showBacklinks'>
               <a class='comment-link' expr:href='data:post.url + &quot;#links&quot;'><data:top.backlinkLabel/></a>
             </b:if>
           </b:if>
         </b:if>
       </span>

      <span class='post-icons'>
        <!-- email post links -->
        <b:if cond='data:post.emailPostUrl'>
          <span class='item-action'>
          <a expr:href='data:post.emailPostUrl' expr:title='data:top.emailPostMsg'>
              <img alt='' class='icon-action' height='13' src='//www.blogger.com/img/icon18_email.gif' width='18'/>
          </a>
          </span>
        </b:if>

        <!-- quickedit pencil -->
        <b:include data='post' name='postQuickEdit'/>
      </span>
      </div>

      <div class='post-footer-line post-footer-line-2'>

      </div>

      <div class='post-footer-line post-footer-line-3'>
      <span class='post-location'>
        <b:if cond='data:top.showLocation'>
          <b:if cond='data:post.location'>
            <data:postLocationLabel/>
            <a expr:href='data:post.location.mapsUrl' target='_blank'><data:post.location.name/></a>
          </b:if>
        </b:if>
      </span>
      </div>
    </div>
  </div>
</b:includable>
<b:includable id='status-message'>
  <b:if cond='data:navMessage'>
  <div class='status-msg-wrap'>
    <div class='status-msg-body'>
      <data:navMessage/>
    </div>
    <div class='status-msg-border'>
      <div class='status-msg-bg'>
        <div class='status-msg-hidden'><data:navMessage/></div>
      </div>
    </div>
  </div>
  <div style='clear: both;'/>
  </b:if>
</b:includable>
<b:includable id='comment-form' var='post'>
  <div class='comment-form'>
    <a name='comment-form'/>
    <h4 id='comment-post-message'><data:postCommentMsg/></h4>
    <p><data:blogCommentMessage/></p>
    <data:blogTeamBlogMessage/>
    <a expr:href='data:post.commentFormIframeSrc' id='comment-editor-src'/>
    <iframe allowtransparency='true' class='blogger-iframe-colorize blogger-comment-from-post' frameborder='0' height='410' id='comment-editor' name='comment-editor' src='' width='150%'/>
    <data:post.friendConnectJs/>
    <data:post.cmtfpIframe/>
    <script type='text/javascript'>
      BLOG_CMT_createIframe(&#39;<data:post.appRpcRelayPath/>&#39;, &#39;<data:post.communityId/>&#39;);
    </script>
  </div>
</b:includable>
<b:includable id='backlinkDeleteIcon' var='backlink'>
  <span expr:class='&quot;item-control &quot; + data:backlink.adminClass'>
    <a expr:href='data:backlink.deleteUrl' expr:title='data:top.deleteBacklinkMsg'>
      <img src='//www.blogger.com/img/icon_delete13.gif'/>
    </a>
  </span>
</b:includable>
<b:includable id='postQuickEdit' var='post'>
  <b:if cond='data:post.editUrl'>
    <span expr:class='&quot;item-control &quot; + data:post.adminClass'>
      <a expr:href='data:post.editUrl' expr:title='data:top.editPostMsg'>
        <img alt='' class='icon-action' height='18' src='//www.blogger.com/img/icon18_edit_allbkg.gif' width='18'/>
      </a>
    </span>
  </b:if>
</b:includable>
<b:includable id='main' var='top'>
  <!-- posts -->
  <div class='blog-posts hfeed'>

    <b:include data='top' name='status-message'/>

    <data:defaultAdStart/>
    <b:loop values='data:posts' var='post'>
      <b:if cond='data:post.isDateStart'>
        <b:if cond='data:post.isFirstPost == &quot;false&quot;'>
          &lt;/div&gt;&lt;/div&gt;
        </b:if>
      </b:if>
      <b:if cond='data:post.isDateStart'>
        &lt;div class=&quot;date-outer&quot;&gt;
      </b:if>
      <b:if cond='data:post.dateHeader'>
      </b:if>
      <b:if cond='data:post.isDateStart'>
        &lt;div class=&quot;date-posts&quot;&gt;
      </b:if>
      <div class='post-outer'>
      <b:include data='post' name='post'/>
      <b:if cond='data:blog.pageType == &quot;static_page&quot;'>
        <b:include data='post' name='comments'/>
      </b:if>
      <b:if cond='data:blog.pageType == &quot;item&quot;'>
        <b:include data='post' name='comments'/>
      </b:if>
      </div>
      <b:if cond='data:post.includeAd'>
        <b:if cond='data:post.isFirstPost'>
          <data:defaultAdEnd/>
        <b:else/>
          <data:adEnd/>
        </b:if>
        <div class='inline-ad'>
          <data:adCode/>
        </div>
        <data:adStart/>
      </b:if>
      <b:if cond='data:post.trackLatency'>
        <data:post.latencyJs/>
      </b:if>
    </b:loop>
    <b:if cond='data:numPosts != 0'>
      &lt;/div&gt;&lt;/div&gt;
    </b:if>
    <data:adEnd/>
  </div>

  <!-- navigation -->
  <b:include name='nextprev'/>

  <!-- feed links -->
  <b:include name='feedLinks'/>
  
  <b:if cond='data:top.showStars'>
    <script src='//www.google.com/jsapi' type='text/javascript'/>
    <script type='text/javascript'>
      google.load(&quot;annotations&quot;, &quot;1&quot;, {&quot;locale&quot;: &quot;<data:top.languageCode/>&quot;});
      function initialize() {
        google.annotations.setApplicationId(<data:top.blogspotReviews/>);
        google.annotations.createAll();
        google.annotations.fetch();
      }
      google.setOnLoadCallback(initialize);
    </script>
  </b:if>
</b:includable>
<b:includable id='breadcrumb' var='posts'>
    <b:if cond='data:blog.homepageUrl == data:blog.url'>

    <b:else/>
    <b:if cond='data:blog.pageType == &quot;item&quot;'>

    <p class='breadcrumbs'>
    <span class='labels'>
    You are here: <a expr:href='data:blog.homepageUrl' rel='tag'>Home</a>
    <b:loop values='data:posts' var='post'>
    <b:if cond='data:post.labels'>
    <b:loop values='data:post.labels' var='label'>
    <b:if cond='data:label.isLast == &quot;true&quot;'> &#187;
    <a expr:href='data:label.url' rel='tag'><data:label.name/></a>
    </b:if>
    </b:loop>
    <b:else/>
    &#187;Unlabelled
    </b:if>
    &#187; <span><data:post.title/></span>
    </b:loop>
    </span>
    </p>
    <b:else/>
    <b:if cond='data:blog.pageType == &quot;archive&quot;'>

    <p class='breadcrumbs'>
    <span class='labels'>
    You are here: <a expr:href='data:blog.homepageUrl'>Home</a> &#187; Arquivos de <data:blog.pageName/>
    </span>
    </p>
    <b:else/>
    <b:if cond='data:blog.pageType == &quot;index&quot;'>
    <p class='breadcrumbs'>
    <span class='labels'>
    <b:if cond='data:blog.pageName == &quot;&quot;'>
   You are here: <a expr:href='data:blog.homepageUrl'>Home</a> &#187; you are reading
    <b:else/>
    you are here: <a expr:href='data:blog.homepageUrl'>Home</a> &#187;reading <data:blog.pageName/>
    </b:if>
    </span>
    </p>
    </b:if>
    </b:if>
    </b:if>
    </b:if>
    </b:includable>
<b:includable id='commentDeleteIcon' var='comment'>
  <span expr:class='&quot;item-control &quot; + data:comment.adminClass'>
    <a expr:href='data:comment.deleteUrl' expr:title='data:top.deleteCommentMsg'>
      <img src='//www.blogger.com/img/icon_delete13.gif'/>
    </a>
  </span>
</b:includable>
<b:includable id='feedLinks'>
  <b:if cond='data:blog.pageType != &quot;item&quot;'> <!-- Blog feed links -->
    <b:if cond='data:feedLinks'>
      <div class='blog-feeds'>
        <b:include data='feedLinks' name='feedLinksBody'/>
      </div>
    </b:if>

    <b:else/> <!--Post feed links -->
    <div class='post-feeds'>
      <b:loop values='data:posts' var='post'>
        <b:if cond='data:post.allowComments'>
          <b:if cond='data:post.feedLinks'>
            <b:include data='post.feedLinks' name='feedLinksBody'/>
          </b:if>
        </b:if>
      </b:loop>
    </div>
  </b:if>
</b:includable>
<b:includable id='feedLinksBody' var='links'>
  <div class='feed-links'>
  <data:feedLinksMsg/>
  <b:loop values='data:links' var='f'>
     <a class='feed-link' expr:href='data:f.url' expr:type='data:f.mimeType' target='_blank'><data:f.name/> (<data:f.feedType/>)</a>
  </b:loop>
  </div>
</b:includable>
<b:includable id='comments' var='post'>
    <div class='comments' id='comments'>
    <a name='comments'/>
    <b:if cond='data:post.allowComments'>
      <h4>
        <b:if cond='data:post.numComments == 0'>
          No Response to &quot;<data:post.title/>&quot;
        <b:else/>
          <data:post.numComments/> Response to &quot;<data:post.title/>&quot;
        </b:if>
      </h4>

      <b:if cond='data:post.commentPagingRequired'>
        <span class='paging-control-container'>
          <a expr:class='data:post.oldLinkClass' expr:href='data:post.oldestLinkUrl'><data:post.oldestLinkText/></a>
          &#160;
          <a expr:class='data:post.oldLinkClass' expr:href='data:post.olderLinkUrl'><data:post.olderLinkText/></a>
          &#160;
          <data:post.commentRangeText/>
          &#160;
          <a expr:class='data:post.newLinkClass' expr:href='data:post.newerLinkUrl'><data:post.newerLinkText/></a>
          &#160;
          <a expr:class='data:post.newLinkClass' expr:href='data:post.newestLinkUrl'><data:post.newestLinkText/></a>
        </span>
      </b:if>

      <dl expr:class='data:post.avatarIndentClass' id='comments-block'>
        <b:loop values='data:post.comments' var='comment'>
          <dt expr:class='&quot;comment-author &quot; + data:comment.authorClass' expr:id='data:comment.anchorName'>
            <b:if cond='data:comment.favicon'>
              <img expr:src='data:comment.favicon' height='16px' style='margin-bottom:-2px;' width='16px'/>
            </b:if>
            <a expr:name='data:comment.anchorName'/>
            <b:if cond='data:blog.enabledCommentProfileImages'>
              <data:comment.authorAvatarImage/>
            </b:if>
            <b:if cond='data:comment.authorUrl'>
              <a expr:href='data:comment.authorUrl' rel='nofollow'><data:comment.author/></a>
            <b:else/>
              <data:comment.author/>
            </b:if>
            <data:commentPostedByMsg/>
          </dt>
          <dd class='comment-footer'>
            <span class='comment-timestamp'>
              <a expr:href='data:comment.url' title='comment permalink'>
                <data:comment.timestamp/>
              </a>
              <b:include data='comment' name='commentDeleteIcon'/>
            </span>
          </dd>
          <dd class='comment-body'>
            <b:if cond='data:comment.isDeleted'>
              <span class='deleted-comment'><data:comment.body/></span>
            <b:else/>
              <p><data:comment.body/></p>
            </b:if>
          </dd>

        </b:loop>
      </dl>

      <b:if cond='data:post.commentPagingRequired'>
        <span class='paging-control-container'>
          <a expr:class='data:post.oldLinkClass' expr:href='data:post.oldestLinkUrl'>
            <data:post.oldestLinkText/>
          </a>
          <a expr:class='data:post.oldLinkClass' expr:href='data:post.olderLinkUrl'>
            <data:post.olderLinkText/>
          </a>
          &#160;
          <data:post.commentRangeText/>
          &#160;
          <a expr:class='data:post.newLinkClass' expr:href='data:post.newerLinkUrl'>
            <data:post.newerLinkText/>
          </a>
          <a expr:class='data:post.newLinkClass' expr:href='data:post.newestLinkUrl'>
            <data:post.newestLinkText/>
          </a>
        </span>
      </b:if>

      <p class='comment-footer'>
        <b:if cond='data:post.embedCommentForm'>
          <b:if cond='data:post.allowNewComments'>
            <b:include data='post' name='comment-form'/>
          <b:else/>
            <data:post.noNewCommentsText/>
          </b:if>
        <b:else/>
          <b:if cond='data:post.allowComments'>
            <a expr:href='data:post.addCommentUrl' expr:onclick='data:post.addCommentOnclick'><data:postCommentMsg/></a>
          </b:if>
        </b:if>

      </p>
    </b:if>

    <div id='backlinks-container'>
    <div expr:id='data:widget.instanceId + &quot;_backlinks-container&quot;'>
       <b:if cond='data:post.showBacklinks'>
         <b:include data='post' name='backlinks'/>
       </b:if>
    </div>
    </div>
  </div>
</b:includable>
</b:widget>
</b:section>
</div></div> 
<div class='span-8 last'>
<div class='sidebar'> 			     
<div class='sidebaradbox'> 

      
<div class='addthis_toolbox'>   
<div class='custom_images'> 
<a class='addthis_button_twitter'><img alt='Twitter' height='32' src='http://3.bp.blogspot.com/_yPlAAAH9bEo/TBNQitmPqCI/AAAAAAAAC-w/SC_noKYe9g8/s1600/twitter.png' width='32'/></a> 

<a class='addthis_button_delicious'><img alt='Delicious' height='32' src='http://2.bp.blogspot.com/_yPlAAAH9bEo/TBNPXcJzdYI/AAAAAAAAC94/c4wuJXmVaHE/s1600/delicious.png' width='32'/></a> 

<a class='addthis_button_facebook'><img alt='Facebook' height='32' src='http://1.bp.blogspot.com/_yPlAAAH9bEo/TBNPdgSp2zI/AAAAAAAAC-A/UPjIBxd60Mg/s1600/facebook.png' width='32'/></a>
 
<a class='addthis_button_digg'><img alt='Digg' height='32' src='http://1.bp.blogspot.com/_yPlAAAH9bEo/TBNPkufpYyI/AAAAAAAAC-I/x53c7-3zKTA/s1600/digg.png' width='32'/></a> 

<a class='addthis_button_stumbleupon'><img alt='Stumbleupon' height='32' src='http://1.bp.blogspot.com/_yPlAAAH9bEo/TBNPrqiN3OI/AAAAAAAAC-Q/cx3tTTDQT6g/s1600/stumbleupon.png' width='32'/></a> 

<a class='addthis_button_favorites'><img alt='Favorites' height='32' src='http://4.bp.blogspot.com/_yPlAAAH9bEo/TBNPzkZs0lI/AAAAAAAAC-Y/r-L9PNsKhjs/s1600/favorites.png' width='32'/></a> 

<a class='addthis_button_more'><img alt='More' height='32' src='http://3.bp.blogspot.com/_yPlAAAH9bEo/TBNP6ZWcZ5I/AAAAAAAAC-g/LDr-MjgrUzs/s1600/more.png' width='32'/></a> 
</div> 
<script src='http://s7.addthis.com/js/250/addthis_widget.js?pub=xa-4a65e1d93cd75e94' type='text/javascript'/> 
</div>

<div id='search'> 
<form action='/search' id='searchform' method='get'> 
<input id='s' name='s' onblur='if (this.value == &apos;&apos;)  {this.value = &apos;Search&apos;;}' onfocus='if (this.value == &apos;Search&apos;) {this.value = &apos;&apos;;}' type='text' value='Search'/> 
<input src='http://2.bp.blogspot.com/_yPlAAAH9bEo/TBNQL_99v8I/AAAAAAAAC-o/PU8Tsn0vww0/s1600/search.gif' style='border:0; vertical-align: top;' type='image'/>  </form> 
</div> 
<a href='#Sponsor Link goes Here' target='_new'><img class='ad125' src='http://1.bp.blogspot.com/_yPlAAAH9bEo/S_Y0BFC8p_I/AAAAAAAAArU/mTkEk0c3yao/s1600/ad_18_125x125.gif'/></a> 

<a href='#Sponsor Link Goes Here' target='_new'><img class='ad125' src='http://1.bp.blogspot.com/_yPlAAAH9bEo/S_Y0BFC8p_I/AAAAAAAAArU/mTkEk0c3yao/s1600/ad_18_125x125.gif'/></a> 

<a href='#Sponsor Link Goes Here' target='_new'><img class='ad125' src='http://1.bp.blogspot.com/_yPlAAAH9bEo/S_Y0BFC8p_I/AAAAAAAAArU/mTkEk0c3yao/s1600/ad_18_125x125.gif'/></a> 

<a href='#Sponsor Link Goes Here' target='_new'><img class='ad125' src='http://1.bp.blogspot.com/_yPlAAAH9bEo/S_Y0BFC8p_I/AAAAAAAAArU/mTkEk0c3yao/s1600/ad_18_125x125.gif'/></a> 
</div>

<ul>
<b:section id='sidebar1' preferred='yes'>
<b:widget id='Feed1' locked='false' title='Recent Post' type='Feed'>
<b:includable id='main'>
    <h2><data:title/></h2>
    <div class='widget-content' expr:id='data:widget.instanceId + &quot;_feedItemListDisplay&quot;'>
      <span style='filter: alpha(25); opacity: 0.25;'>
        <a expr:href='data:feedUrl'><data:loadingMsg/></a>
      </span>
    </div>
    <b:include name='quickedit'/>
  </b:includable>
</b:widget>
<b:widget id='BlogArchive1' locked='false' title='Blog Archive' type='BlogArchive'>
<b:includable id='toggle' var='interval'>
  <b:if cond='data:interval.toggleId'>
  <b:if cond='data:interval.expclass == &quot;expanded&quot;'>
    <a class='toggle' href='javascript:void(0)'>
      <span class='zippy toggle-open'>&#9660;&#160;</span>
    </a>
  <b:else/>
    <a class='toggle' href='javascript:void(0)'>
      <span class='zippy'>
        <b:if cond='data:blog.languageDirection == &quot;rtl&quot;'>
          &#9668;&#160;
        <b:else/>
          &#9658;&#160;
        </b:if>
      </span>
    </a>
  </b:if>
 </b:if>
</b:includable>
<b:includable id='interval' var='intervalData'>
  <b:loop values='data:intervalData' var='i'>
      <ul>
        <li expr:class='&quot;archivedate &quot; + data:i.expclass'>
          <b:include data='i' name='toggle'/>
          <a class='post-count-link' expr:href='data:i.url'><data:i.name/></a>
            <span class='post-count' dir='ltr'>(<data:i.post-count/>)</span>
          <b:if cond='data:i.data'>
            <b:include data='i.data' name='interval'/>
          </b:if>
          <b:if cond='data:i.posts'>
            <b:include data='i.posts' name='posts'/>
          </b:if>
        </li>
      </ul>
  </b:loop>
</b:includable>
<b:includable id='menu' var='data'>
  <select expr:id='data:widget.instanceId + &quot;_ArchiveMenu&quot;'>
    <option value=''><data:title/></option>
    <b:loop values='data:data' var='i'>
      <option expr:value='data:i.url'><data:i.name/> (<data:i.post-count/>)</option>
    </b:loop>
  </select>
</b:includable>
<b:includable id='flat' var='data'>
  <ul>
    <b:loop values='data:data' var='i'>
      <li class='archivedate'>
        <a expr:href='data:i.url'><data:i.name/></a> (<data:i.post-count/>)
      </li>
    </b:loop>
  </ul>
</b:includable>
<b:includable id='posts' var='posts'>
  <ul class='posts'>
    <b:loop values='data:posts' var='i'>
      <li><a expr:href='data:i.url'><data:i.title/></a></li>
    </b:loop>
  </ul>
</b:includable>
<b:includable id='main'>
  <b:if cond='data:title'>
    <h2><data:title/></h2>
  </b:if>
  <div class='widget-content'>
  <div id='ArchiveList'>
  <div expr:id='data:widget.instanceId + &quot;_ArchiveList&quot;'>
    <b:if cond='data:style == &quot;HIERARCHY&quot;'>
     <b:include data='data' name='interval'/>
    </b:if>
    <b:if cond='data:style == &quot;FLAT&quot;'>
      <b:include data='data' name='flat'/>
    </b:if>
    <b:if cond='data:style == &quot;MENU&quot;'>
      <b:include data='data' name='menu'/>
    </b:if>
  </div>
  </div>
  <b:include name='quickedit'/>
  </div>
</b:includable>
</b:widget>
<b:widget id='Label1' locked='false' title='Labels' type='Label'>
<b:includable id='main'>
  <b:if cond='data:title'>
    <h2><data:title/></h2>
  </b:if>
  <div expr:class='&quot;widget-content &quot; + data:display + &quot;-label-widget-content&quot;'>
    <b:if cond='data:display == &quot;list&quot;'>
      <ul>
      <b:loop values='data:labels' var='label'>
        <li>
          <b:if cond='data:blog.url == data:label.url'>
            <span expr:dir='data:blog.languageDirection'><data:label.name/></span>
          <b:else/>
            <a expr:dir='data:blog.languageDirection' expr:href='data:label.url'><data:label.name/></a>
          </b:if>
          <b:if cond='data:showFreqNumbers'>
            <span dir='ltr'>(<data:label.count/>)</span>
          </b:if>
        </li>
      </b:loop>
      </ul>
    <b:else/>
      <b:loop values='data:labels' var='label'>
        <span expr:class='&quot;label-size label-size-&quot; + data:label.cssSize'>
          <b:if cond='data:blog.url == data:label.url'>
            <span expr:dir='data:blog.languageDirection'><data:label.name/></span>
          <b:else/>
            <a expr:dir='data:blog.languageDirection' expr:href='data:label.url'><data:label.name/></a>
          </b:if>
          <b:if cond='data:showFreqNumbers'>
            <span class='label-count' dir='ltr'>(<data:label.count/>)</span>
          </b:if>
        </span>
      </b:loop>
    </b:if>
    <b:include name='quickedit'/>
  </div>
</b:includable>
</b:widget>
</b:section>
</ul> </div></div></div>
  
<div class='span-24'>
<div id='footer'>&#169; <strong><data:blog.title/></strong> |Blogger Converter <a href='http://www.besttheme.net/' target='_blank'><strong>Best Theme</strong></a> </div>
<div id='footer2'>powered by <a href='http://blogger.com/'><strong>Blogger</strong></a> | WordPress by <a href='http://newwpthemes.com/' target='_blank'><strong>Newwpthemes</strong></a></div></div></div></div>
</body>
</html>