<?xml version="1.0" encoding="UTF-8" ?>
<!DOCTYPE html>
<html xmlns='http://www.w3.org/1999/xhtml' xmlns:b='http://www.google.com/2005/gml/b' xmlns:data='http://www.google.com/2005/gml/data' xmlns:expr='http://www.google.com/2005/gml/expr'>
  <head>
    <b:include data='blog' name='all-head-content'/>

    <title>
      <b:if cond='data:blog.pageType == &quot;index&quot;'>
        <data:blog.pageTitle/>
        <b:else/>
        <b:if cond='data:blog.pageType != &quot;error_page&quot;'>
          <data:blog.pageName/> | <data:blog.title/>
          <b:else/>
          Page Not Found | <data:blog.title/> 
        </b:if>
      </b:if>
    </title>
    
 
    <b:if cond='data:blog.pageType == &quot;archive&quot;'>
      <meta content='noindex,noarchive' name='robots'/>
    </b:if>
    <b:if cond='data:blog.metaDescription != &quot;&quot;'>
      <meta expr:content='data:blog.metaDescription' name='description'/>
    </b:if> 
    <meta charset='UTF-8'/>
    <meta content='width=device-width, initial-scale=1, maximum-scale=1' name='viewport'/>

    <b:skin><![CDATA[
/*====================================
Theme Name : Trackers A Responsive Blogger Template
Author : Suryakant sao
Site : http://trackmyblog.com
License : Creative Commons Attribution License

Share and Use This With Proper Credit Or You Will Be In Problem
==================================*/

/*==========================================
 Do Not Edit This or Your Theme Will Mess Up
=================================================*/
 <Variable name="keycolor" description="Main Color" type="color" default="#539bcd" value="#539bcd"/>

  <Group description="Page Text" selector="body">
     <Variable name="body.font" description="Font" type="font"
         default="normal normal 13px 'Trebuchet MS',Trebuchet,sans-serif" value="normal normal 16px 'Trebuchet MS', Trebuchet, sans-serif"/>
   </Group>

<Group description="Blog Title" selector="#header h1">
     <Variable name="header.font" description="Font" type="font"
         default="normal normal 60px 'Trebuchet MS',Trebuchet,sans-serif" value="normal normal 60px Oswald"/>
   </Group>

 <Group description="Post Title" selector="h3.post-title a">
     <Variable name="post.title.font" description="Font" type="font"
         default="normal bold 20px 'Trebuchet MS',Trebuchet,sans-serif" value="normal normal 20px Oswald"/>
     <Variable name="post.title.text.color" description="Text Color" type="color"
         default="#ffffff" value="#3b91d8"/>
  <Variable name="post.title.text.hover.color" description="Text Hover Color" type="color"
         default="#ffffff" value="#1977b4"/>
   </Group>

/*****************************************
reset.css
******************************************/
html, body, div, span, applet, object, iframe,
h1, h2, h3, h4, h5, h6, p, blockquote, pre,
a, abbr, acronym, address, big, cite, code,
del, dfn, em, font, img, ins, kbd, q, s, samp,
small, strike, strong, sub, sup, tt, var,
dl, dt, dd, ol, ul, li,
fieldset, form, label, legend,
table, caption, tbody, tfoot, thead, tr, th, td, figure {    margin: 0;    padding: 0;}
article,aside,details,figcaption,figure,
footer,header,hgroup,menu,nav,section {     display:block;}
table {    border-collapse: separate;    border-spacing: 0;}
caption, th, td {    text-align: left;    font-weight: normal;}
blockquote:before, blockquote:after,
q:before, q:after {    content: "";}
blockquote, q {    quotes: "" "";}
sup{    vertical-align: super;    font-size:smaller;}
code{    font-family: 'Courier New', Courier, monospace;    font-size:12px;    color:#272727;}
::selection {  background: #2EB0EC;  color: #fff;  }
::-moz-selection {  background: #333;  color: #fff;  }
a img{	border: none;}
ol, ul { padding: 10px 0 20px;  margin: 0 0 0 35px;  text-align: left;  }
ol li { list-style-type: decimal;  padding:0 0 5px;  }
ul li { list-style-type: square;  padding: 0 0 5px;  }
ul ul, ol ol { padding: 0; }
h1, h2, h3, h4, h5, h6 { font-family:Oswald;font-weight:normal }
.post-body h1 { line-height: 48px; font-size: 42px; margin: 10px 0; }
.post-body h2 { font-size: 36px; line-height: 44px; border-bottom: 4px solid #4690B3; padding-bottom: 5px; margin: 10px 0; }
.post-body h3 { font-size: 32px; line-height: 40px; border-bottom: 4px solid #EEEEEE; padding-bottom: 5px; margin: 10px 0; }
.post-body h4 { font-size: 28px; line-height: 36px; margin: 10px 0;  }
.post-body h5 { font-size: 24px; line-height: 30px; margin: 10px 0;  }
.post-body h6 { font-size: 18px; line-height: 24px; margin: 10px 0;  }

/*****************************************
Global Links CSS
******************************************/
a{ color: #4690B3; outline:none; text-decoration: none; }
a:hover { color: #3e3e3e; text-decoration:none; }
body {
background: #EDF3F5;
color: #444;
height: 100%;
padding: 0;
margin:0;
font:$(body.font);;
line-height: 29px;
overflow-x:hidden;
}

.clr { clear:both; float:none; }
.ct-wrapper:before, .ct-wrapper:after {
	content: "\0020";
	display: block;
	height: 0;
	overflow: hidden;
}
	
.ct-wrapper:after {
	clear: both;
}

/*=====================
	Wrappers
=======================*/
.ct-wrapper {
padding: 0px 20px;
position: relative;
max-width: 1060px;
margin: 0 auto;
}

.outer-wrapper {    background: #FFF;    position: relative;  margin: 40px 0;  -webkit-box-shadow:0 5px 10px rgba(0, 0, 0, 0.15);  -moz-box-shadow:0 5px 10px rgba(0, 0, 0, 0.15);  box-shadow:0 1px 6px rgba(0, 0, 0, 0.15);  }

.header-wrapper {
background: #3498DB;
display: inline-block;
float: left;
width: 100%;
-webkit-box-shadow: 0px 5px 0px 0px rgba(24, 152, 224, 0.44),0px 10px 0px 0px rgba(24, 152, 224, 0.44);
-moz-box-shadow: 0px 5px 0px 0px rgba(24, 152, 224, 0.44),0px 10px 0px 0px rgba(24, 152, 224, 0.44);
box-shadow: 0px 5px 0px 0px rgba(24, 152, 224, 0.44),0px 10px 0px 0px rgba(24, 152, 224, 0.44);
position:relative;
}

.main-wrapper {    width:auto;    margin-right:365px;   }
#content {   position: relative;  width: 100%;  float: left;  }


/*===============
Customizing using Css3
===========================*/
.header-wrapper:after {
display: block;
min-height: 75px;
width: 100%;
float: right;
background: #3498DB;
-webkit-transform: rotateZ(5deg) rotateX(-.4deg) rotateY(-60deg);
-moz-transform: rotateZ(5deg) rotateX(-.4deg) rotateY(-60deg);
-o-transform: rotateZ(5deg) rotateX(-.4deg) rotateY(-60deg);
transform: rotateZ(5deg) rotateX(-.4deg) rotateY(-60deg);
position: absolute;
content: "";
bottom: -56px;
right: 0;
-webkit-transform-origin: right bottom;
-o-transform-origin: right bottom;
-moz-transform-origin: right bottom;
transform-origin: right bottom;
-webkit-box-shadow: 0px 5px 0px 1px rgba(62, 153, 223, 0.5),0px 10px 0px 1px rgba(24, 152, 224, 0.35);
-moz-box-shadow: 0px 5px 0px 1px rgba(62, 153, 223, 0.5),0px 10px 0px 1px rgba(24, 152, 224, 0.35);
box-shadow: 0px 5px 0px 1px rgba(62, 153, 223, 0.5),0px 10px 0px 1px rgba(24, 152, 224, 0.35);
z-index: 1;
}

/*===========================================
Do Not Change This is Layout Styling CSS 
==========================================*/
body#layout .header-wrapper { margin-top: 40px; }
body#layout #header, body#layout .header-right { width: 50%; }
body#layout .outer-wrapper, body#layout .sidebar-wrapper, body#layout .ct-wrapper { margin: 0; padding: 0; overflow:hidden}

/*--------- Footer Styling -------*/
body#layout div.footer {
font-family: sans-serif;
margin: 0 auto 2px;
display: inline-table;
padding: 0 0 10px 0;
position: relative;
float: left;
max-width:25%;
}

/*========================
Main Menu CSS
==========================*/
/* Clearfix */
.clearfix:before,
.clearfix:after {
    content: " ";
    display: table;
}
.clearfix:after {
    clear: both;
}
.clearfix {
    *zoom: 1;
}

/* Basic Styles */

.sticky-menu {
background: #55AFDA;
padding: 0;
margin: 0 auto;
width: 100%;
position: fixed;
z-index: 99999;
top: 0;
}

.sticky-menu nav {
	height: 40px;
	width: 100%;
	font-size: 11pt;
	font-family: 'PT Sans', Arial, sans-serif;
	font-weight: bold;
	position: relative;
}

.sticky-menu nav ul {
	padding: 0;
	margin: 0 auto;
	height: 40px;
max-width:1060px;
}

.sticky-menu nav li {
list-style: none;
float: left;
padding: 0;
margin: 0 0 0 1.5%;
}

.sticky-menu nav a {
color: #FFF;
display: inline-block;
width: auto;
text-align: center;
text-decoration: none;
padding: 8px 10px 6px 10px;
text-shadow: 1px 1px 0px #357711;
}

.sticky-menu nav li:last-child a {
	border-right: 0;
}

.sticky-menu nav a:hover, nav a:active {
background-color: rgba(54, 119, 163, 0.55);
color: #FFF;
text-shadow: 1px 1px 1px #114263;
}

.sticky-menu nav a#pull {
	display: none;
}

/* Styles for Desktop and Laptop */
@media screen and (min-width:1024px)
{

.sticky-menu{display:none}

.sticky-menu nav a{
padding:8px 10px 6px 10px;
width:auto;
}

.sticky-menu nav li{margin:0 10px 0 0}

}

/*Styles for screen 600px and lower*/
@media screen and (max-width: 600px) {
	.sticky-menu nav { 
  		height: auto;
  	}
  	.sticky-menu nav ul {
  		width: 100%;
  		display: block;
  		height: auto;
  	}

.sticky-menu nav li {
width: 50%;
float: left;
position: relative;
padding: 0;
margin: 0;
}

 .sticky-menu nav li a {
border-bottom: 1px solid #585858;
border-right: 1px solid #585858;
padding: .51em 0;
margin: 0;
}

  	.sticky-menu nav a {
	  	text-align: left;
	  	width: 100%;
	  	text-indent: 25px;
  	}



}

/*Styles for screen 515px and lower*/
@media only screen and (max-width : 480px) {
	.sticky-menu nav {
		border-bottom: 0;
	}

.sticky-menu nav ul {
display: none;
height: auto;
}
	.sticky-menu nav li {
		display: block;
		float: none;
		width: 100%;
	}
	.stikcy-menu nav li a {
		border-bottom: 1px solid #585858;
	}

.sticky-menu nav a:hover, .sticky-emnu nav a:active {text-shadow:none}

.sticky-menu nav a#pull {
display: block;
background-color: rgba(48, 129, 204, 0.93);
width: 100%;
position: relative;
color:white;
text-shadow:none
	}

	.sticky-menu nav a#pull:after {
		content:"";
		background: url('http://2.bp.blogspot.com/-LHtTu-s1bGQ/Uo9L4IPD_EI/AAAAAAAADgE/TB3b5WE31bY/s1600/nav-icon.png') no-repeat;
		width: 30px;
		height: 30px;
		display: inline-block;
		position: absolute;
		right: 15px;
		
	}
}



/*====================
	Header CSS
========================*/
#header{ float:left; width: auto; }

#header-inner {
margin: 50px 20px 60px;
padding: 0;
}

#header h1 {
z-index:100000;
 font: $(header.font);
color: #E4F7FC;
text-transform: capitalize;
line-height: 50px;
text-shadow: -5px 5px 1px #05475C;
background: #1071AF;
padding: 30px 30px 40px;
-webkit-transform: rotateX(10deg) rotateY(-10deg) rotateZ(0deg);
-moz-transform: rotateX(10deg) rotateY(-10deg) rotateZ(0deg);
-o-transform: rotateX(10deg) rotateY(-10deg) rotateZ(0deg);
transform: rotateX(10deg) rotateY(-10deg) rotateZ(0deg);
box-shadow: 10px 10px 0px 0px rgba(20, 97, 146, 0.5),20px 20px 0px 0px rgba(21, 94, 150, 0.35),inset 0px 0px 2px 1px rgba(18, 62, 92, 0.7);
-webkit-box-shadow: 10px 10px 0px 0px rgba(20, 97, 146, 0.5),20px 20px 0px 0px rgba(21, 94, 150, 0.35),inset 0px 0px 2px 1px rgba(18, 62, 92, 0.7);
-moz-box-shadow: 10px 10px 0px 0px rgba(20, 97, 146, 0.5),20px 20px 0px 0px rgba(21, 94, 150, 0.35),inset 0px 0px 2px 1px rgba(18, 62, 92, 0.7);
}

#header h1 a, #header h1 a:hover{color:#E7F8FD}

#header p.description{  color: #333;  font-size: 12px;  font-style: italic;  margin: 0 0 0 35px;  padding: 0;  text-transform:capitalize;  }
#header img{   border:0 none; background:none; width:auto; height:auto; margin:0 auto;  }

/***** Header Right CSS *****/
.header-right { float: right; }
.header-right .widget-content { margin-top: 40px; }

/*=============
Main Menu CSS
================*/
#header-navigation {
float: right;
position: absolute;
top: 50px;
right: 0;
z-index:10
}

#header-navigation span {
    display: block;
}

#header-navigation ul {
    margin: 0;
  float:left;
  position:relative;
  top:0
}

#header-navigation ul > li {
    margin: 0 0 0 1px;
padding:0 0 5px;
  float:left;
  list-style:none;
}

#header-navigation li:nth-child(odd) {
background: #2D9BFF!important;
box-shadow: -5px 0px 3px 0px #2984C0;
}

#header-navigation li:nth-child(even) {
background: #66BCFF!important;
box-shadow: 0px 0px 0px 1px #2984C0;
}

#header-navigation ul > li > a {
    display: block;
    height: 100px;
    width: 100px;
    text-align: center;
    color: #ffffff;
    border-radius: 0;
    margin: 0;
    padding: 0;
    overflow: hidden;
  text-decoration:none;
}

#header-navigation ul > li > a:hover, #header-navigation ul > li > a:focus {
   padding-top:15px;
  -webkit-transition:.1s linear;
  transition:.1s linear 
}

.nav-icon {
    display: block;
    padding-top: 30px;
    vertical-align: top;
    height: 50px;
    line-height: 50px;
    text-align: center;
    font-size: 30px!important;
    line-height: 25px !important;
}

#header-navigation ul li a .nav-text {
    font-size: 16px;
    line-height: 15px;
    text-transform: uppercase;
}

@import url(http://weloveiconfonts.com/api/?family=entypo);

/* entypo */
[class*="entypo-"]:before {
  font-family: 'entypo', sans-serif;
}


/*****************************************
Blog Post CSS
******************************************/
/* Index Page */
.summ {
position: relative;
top: 2em;
}

.rdmre {
position: absolute;
right: 2.5em;
bottom: 0.5em;
}
.rdmre a {
text-decoration: none;
color: #2A84E6;
}
.rdmre a:hover {
text-decoration: underline;
color: #2A84E6;
}
.post-labels {
position: absolute;
left: 19em;
margin-top:1%;
font-weight:bold;
}
.post-labels span {
background: #6AB8EC;
color: #F5FBFF;
font-size: 12px;
padding: 1px 5px;
margin: 0 .51em 0 0em;
border-radius: 15%;
-moz-border-radius:15%;
-webkit-border-radius:15%:
}


/* Item Page */
.post{position:relative;  padding: 10px 3%;  margin: 20px 0;  }

h2.post-title {
font-size: 26px;
display: block;
}

.post-title {
font:$(post.title.font);
line-height: 1.5em;
text-decoration: none;
border-bottom: 1px dashed #CCC;
margin: 0 0 5px;
padding: 0 0 0.2em 0em;
position:relative;
color:$(post.title.text.color); 
}


.post-title a{color:$(post.title.text.color);  }
.post-title a:hover {
color:$(post.title.text.hover.color);
}

.post-body {  
font-size:16px;  
font-weight: normal;  
padding: 0;    
margin:0;     
line-height:1.6em;    
word-wrap:break-word;  }
.post-header {
color: #999;
font-family: Verdana,Arial,Tahoma,sans-serif;
font-size: 12px;
margin: 0px 0 10px;
}

/* Code-html */

.code-html {
padding: 10px 10px;
background: rgba(147, 215, 247, 0.2);
border-left: 10px solid #8EAAB9;
box-shadow: inset 0px 0px 0px 1px #EEE;
}

.code-html pre {
font-family: monospace;
font-size: 14px;
color: #FFF;
}

.post-header a {  font-style: italic;  }

.rmlink {
float: right;
line-height: normal;
z-index: 1000;
position: absolute;
right: 0;
bottom: 10px;
}
.home-link { display:none;}
#blog-pager-newer-link {display: inline;  float: left;  padding: 5px 5px 5px 50px;  text-align: left;}
#blog-pager-older-link {display: inline;  float: right;  padding: 5px 5px 5px 50px;  text-align: right;}
#blog-pager {clear:both; border-top: 1px solid #eee; padding: 2em 0; margin: 0; font-size: 16px; line-height: normal; }
.showpageOf {  display:none;  }
.showpageNum a, .showpage a { margin:0 4px; }
.showpagePoint { margin: 0 2px 0 0; }

/*=======================
 Follow By Email
==========================*/

.FollowByEmail .follow-by-email-inner .follow-by-email-address {
width: 100%;
height: 22px;
font-size: 13px;
padding: 2px;
text-transform: inherit;
background: #0092D6;
border: 0;
outline: 0;
box-shadow: none;
color: #FFF;
}

.FollowByEmail .follow-by-email-inner .follow-by-email-submit {
width: 60px;
margin: 0;
margin-left: 8px;
border: 0;
-moz-border-radius: 2px;
background: #B9B5B5;
color: #FFF;
cursor: pointer;
font-size: 12px;
height: 26px;
z-index: 0;
padding: 2px;
box-shadow: none;
}


/*****************************************
Post Highlighter CSS
******************************************/
blockquote {   background: url("http://3.bp.blogspot.com/-wkm2RmV1TH4/Ud0G27MPsiI/AAAAAAAACfI/xaL0uFOJUI8/s1600/quote.png") no-repeat 5.4% center;  border-color: #CCCCCC;  border-style: dashed;  border-width: 2px 0;  color: #888;  font-style: italic;  margin: 10px 0 20px -3%;  padding: 1.5em 38px 10px 114px;  }

/*=========================
Status Msg Wrap
===========================*/
.status-msg-wrap {
display:none}

/*======================
 Popular Post 
=========================*/
.popular-posts ul {  padding-left: 0; counter-reset:trackit }

.popular-posts ul li {
border: 1px solid #D0E6F0;
list-style: none outside none !important;
margin: 0 0px 5px 10px !important;
padding: .7em 0em 0.5em 0em!important;
transition: all 0.25s linear 0s;
counter-increment: trackit;
position: relative;
background: #DDF1FF;
}

/* Counter Reset :before */
.PopularPosts .widget-content ul li:before {
content: counters(trackit,".");
float: left;
position: absolute;
font-size: 20px;
background: #3498DB;
padding: 4px 10px;
margin: 0px;
left: -13px;
top: 35px;
color: #FFF;
}

.PopularPosts .item-thumbnail img {
display: block;
float: left;
margin-right: 8px;
border: 1px solid #CCC;
padding: 0;
width: 80px;
height: 80px;
}

.PopularPosts .item-title {
padding-bottom: .2em;
line-height: 1.4em;
font-family: arial;
font-size: 17px;
}

.PopularPosts .item-snippet {
font-size: 12px;
line-height: 1.5em;
}

.popular-posts {
border-top: 1px solid #CCC;
padding: 10px 10px;
overflow-y: scroll;
max-height: 630px;
}



/*========================
Label
===========================*/
.Label ul {
list-style: none;
padding: 0;
margin: 0;
}

.Label ul li {
margin: 0 auto 20px;
padding: 0;
list-style: none;
}

.Label li a {
background: #3498DB;
padding: 3px 8px;
color: #FFF;
margin: 0 5px 5px 0;
float: left;
}

.Label li span{
background: #155F8F;
padding: 3px 8px;
color: #FFF;
margin: 0 5px 5px 0;
float: left;
}

/*==================
Comments Section
====================*/
.comments {
clear: both;
margin-top: 10px;
margin-bottom: 0;
padding: 10px 5%;
}

.comments h4 {
font: normal normal 25px oswald;
}

.comments ol{
list-style:none;
counter-reset:trackit;}


.comments li.comment{
list-style:none;
position:relative;
counter-increment:trackit
}

.comments .comment-block:before {
content: counters(trackit,".");
position: relative;
float: left;
z-index: 10000;
left: -2.3em;
top: -.2em;
background: #A9C5CC;
padding: 8px 16px 8px 14px;
border-radius: 50%;
-webkit-border-radius: 50%;
-moz-border-radius: 50%;
font-size: 25px;
color: #F7FCFF;
text-align: center;
}

.comments .comment-replies .comment-block:before {
content: counters(trackit,".");
position: relative;
float: left;
z-index: 10000;
left: -2.7em;
top: 0.5em;
background: #A9C5CC;
padding: 6px 7px 6px 7px;
border-radius: 50%;
-webkit-border-radius: 50%;
-moz-border-radius: 50%;
font-size: 18px;
color: #F7FCFF;
text-align: center;
}

.comment-header {
background: #DCE4EB;
}

.comments .comments-content .comment-header, .comments .comments-content .comment-content {
margin: 5px 5px 10px;
padding: 0 10px 0 75px;
}

.comments .comment-thread.inline-thread .comment:after {
content: "";
position: absolute;
top: 4em;
left: -68px;
border-top: 1px solid rgba(162, 177, 185, 0.59);
width: 20px;
height: 0px;
}

.comments .comment-thread.inline-thread {
border-left: 1px solid rgba(162, 177, 185, 0.59);
background: rgba(0, 0, 0, 0);
padding: 0 0em 0em 2em;
}

.comments .comment-block {
padding: 0 0 2em 0;
position: relative;
border: 1px solid #E7F5FF;
margin: 0;
min-height: 100px;
background: #F7FCFF;
}

.comment-actions {
position: absolute;
left: 4.5em;
bottom: 0.5em;
font-size: 18px;
padding: 0 0 0;
}

.comments .comment .comment-actions a {
padding-right: 5px;
padding-top: 5px;
margin: 0px 0 0;
}

.comments .comments-content .user a {
color: #8B969E;
}
.comments .comments-content .user {
font-style: italic;
font-weight: normal;
color: #FFF;
font-size: 18px;
text-shadow: 1px 1px 1px #FFF;
}
.comments .comments-content .datetime, .comments .comments-content .datetime a, .comments .comments-content .datetime a:hover {
margin-left: 6px;
float: right;
text-transform: uppercase;
font-size: 12px;
font-family: arial;
font-weight: bold;
color:#237DAC
}

.comments .avatar-image-container {
background: #FFF;
margin-left: -11px;
padding: 3px;
max-height: 70px;
max-width: 70px;
overflow: hidden;
width: 70px;
height: 70px;
position: absolute;
left: -25px;
margin-top: 25px;
z-index: 10;
border: 1px solid #DDD;
}

.comments .avatar-image-container img {
max-width: 70px;
max-height: 70px;
min-height: 70px;
min-width: 70px;
}

.comments .thread-toggle {
display: none;
}


/***** Form CSS *****/
input[type="button"], input[type="submit"], .rmlink a, .showpageNum a, .showpage a, .showpagePoint {
background: -webkit-linear-gradient(top, #0C94D5 0%,#0092E9 100%);
background: -moz-linear-gradient(top, #0C94D5 0%,#0092E9 100%);
background: -o-linear-gradient(top, #0C94D5 0%,#0092E9 100%);
background: -ms-linear-gradient(top, #0C94D5 0%,#0092E9 100%);
background: linear-gradient(top, #0C94D5 0%,#0092E9 100%);
border-width: 1px 0;
border-color: #3E89AD #357EA0 #2C7191;
border-style: solid;
text-shadow: 0 1px 0 #2D3031;
-webkit-box-shadow: inset 0 1px 0 #2893E9;
-moz-box-shadow: inset 0 1px 0 #78afce;
box-shadow: inset 0 1px 0 #207EB3;
-moz-border-radius: 3px;
-webkit-border-radius: 3px;
border-radius: 3px;
color: #FFF;
cursor: pointer;
font-family: Verdana, Arial, Tahoma, sans-serif;
font-size: 11px;
font-weight: bold;
padding: 12px 15px;
text-decoration: none;
text-transform: uppercase;
display: inline-block;
}



/*============
Sidebar CSS
=============*/
.sidebar{  margin: 0;  padding: 0;  display: block;  }

.sidebar-wrapper {
width: 300px;
padding: 25px 15px 25px 10px;
float: right;
background: #EEE;
border: 1px solid #DDD;
margin: 40px 10px 40px;
}

.sidebar h2 {
font-size: 18px;
font-weight: normal;
text-transform: none;
background: #015996;
position: relative;
padding: 5px 10px 6px;
display: block;
margin: 0;
color: #FCFEFF;
text-align: center;
box-shadow: inset 0px 0px 0px 1px #0C4D94;
}


.sidebar .widget {
clear: both;
font-size: 16px;
line-height: 26px;
margin-bottom: 25px;
background: #FFF;
display: table;
width: 100%;
padding: 0px 1px 15px;
box-shadow: inset 0px 0px 0px 1px #DDD;
}

.sidebar .widget-content {
border-top: 1px solid #CCC;
padding: 10px 10px;
}

.sidebar ul{ margin:0; padding:0; list-style:none; }
.sidebar li{  margin: 0 0 0 15px;  padding: 0 0 5px;  text-transform: capitalize;  }
/*****************************************
Footer CSS
******************************************/
#footer {  
background: #292929; 
border-bottom: 1px solid #222222;  
border-top: 5px solid #2D90BE;  
-webkit-box-shadow: 0 1px 4px #222222 inset;  
-moz-box-shadow: 0 1px 4px #222222 inset;  
box-shadow: 0 1px 4px #222222 inset;  
text-shadow: 1px 1px 1px #333;  
width: 100%; 
color: #bdbdbd; }

.footer {  float: left;  width: 25%;  }
.footer h2 {  color: #ddd;  font-size: 19px;  font-weight: normal;  margin-bottom: 12px;  text-transform: none;  }
.footer .widget{  clear: both;  font-size: 16px;  line-height: 26px;  margin: 15px 25px 25px;  }
.footer ul{ margin:0; padding:0; list-style:none; }
.footer li{  margin: 0 0 0 15px;  padding: 0 0 5px;  text-transform: capitalize;  }

.footer-credits {
min-height: 15px;
border-top: 1px solid #555;
padding: 0px;
background: #333;
text-shadow: 1px 1px #000;
color: #999;
font-size: 80%;
}

.footer-credits .attribution{  float:right;  }
.footer-credits .attribution a { font-style: italic; }
#footer a, .footer-credits a {  color: #BBBBBB;  }
#footer a:hover, .footer-credits a:hover {  color: #D4D4D4;  }


/*****************************************
Responsive styles
******************************************/

@media screen and (max-width: 1024px) {
#header, .header-right { float: none; text-align: center; width: 100%; }
.header-right .widget-content { margin: 0; }
.header-wrapper:after{display:none;}
}
@media screen and (max-width: 960px) {
.ct-wrapper{    padding:0 15px;  }
.header-wrapper{margin-top:2em}
#header-navigation{display:none}
.main-wrapper, .opt-in .opt-in-wrap{    margin-right:0;    width:100%;  }
.sidebar-wrapper{ background:transparent;box-shadow:0;border:0;clear:both; float: none; max-width:100%;width: auto;  margin-left: 20px;  padding:10px;}
.sidebar .widget{
clear:none;
float:left;
width:47%;
margin:0 2% 2% 0}

}

@media screen and (max-width: 768px){
#header p.description { margin: 0; }
#comment-editor { margin:10px; }
.footer {
width: 100%;
clear: both;
}
}
@media screen and (max-width: 620px){
#header img { width:100%; }
.opt-in .inner .ct-wrapper {  padding: 0 10px; }
.post-title{font-size:1.2rem!important}
.rdmre{display:none}
.sidebar-wrapper {
float:none;
clear: both;
width: auto;
padding: 10px;
margin:0;
}
.sidebar .widget {
clear:both;
float:none;
width:100%;
}
.post-body{margin-top:4.5em}
}

@media screen and (max-width: 420px){
#header h1{font-size:3rem!important}
.comments .comments-content .datetime{    display:block;    float:none;    }
.comments .comments-content .comment-header {    height:70px;    }
.thumb{
clear:both;
float:none;
}
.post-labels {
display:none
}
}

@media screen and (max-width: 320px){
.footer { width: 100%; }
.ct-wrapper{ padding:0; }
.post-body img{  max-width: 230px; }
.comments .comments-content .comment-replies {    margin-left: 0;    }
}
/*****************************************
Hiding Header Date and Feed Links
******************************************/
h2.date-header,span.blog-admin{display:none!important;}

]]></b:skin>
<b:if cond='data:blog.pageType == &quot;item&quot;'>
</b:if>
<b:if cond='data:blog.pageType != &quot;item&quot;'>
<style type='text/css'>
</style>
</b:if>
<b:if cond='data:blog.pageType == &quot;static_page&quot;'>
<style>
.main-wrapper {
width: auto;
margin: 0px;
}
.sidebar-wrapper{
    display:none}
  
  .post-title:before,.post-title{padding:0 0 .2em 0;display:none}

  </style>
</b:if>

<b:if cond='data:blog.url != data:blog.homepageUrl'>
<!--[if !IE]><!-->
<style type='text/css'>
.post-body img{ max-width:100%; }
</style>
 <!--<![endif]-->
</b:if>

<link href='http://fonts.googleapis.com/css?family=Lora:400,400italic|Bree+Serif' rel='stylesheet' type='text/css'/>
<link href='http://weloveiconfonts.com/api/?family=entypo' rel='stylesheet'/>
<script src='http://ajax.googleapis.com/ajax/libs/jquery/1.7.1/jquery.min.js' type='text/javascript'/>

<script type='text/javascript'>
/*<![CDATA[*/


// Post summary
var classicMode = true ;
var summary = 30;
var indent = 0;
img_width = 268;
img_height = 160

function stripHtmlTags(s,max){return s.replace(/<.*?>/ig,"").split(/\s+/).slice(0,max-1).join(" ")}function getSummaryLikeWP(id){return document.getElementById(id).innerHTML.split(/\x3c!--\s*more\s*--\x3e/)[0]}

function getSummaryImproved(post,max){var re=/<.*?>/gi;var re2=/<br.*?>/gi;var re3=/(<\/{1}p>)|(<\/{1}div>)/gi;var re4=/(<style.*?\/{1}style>)|(<script.*?\/{1}script>)|(<table.*?\/{1}table>)|(<form.*?\/{1}form>)|(<code.*?\/{1}code>)|(<pre.*?\/{1}pre>)/gi;post=post.replace(re4,"");post=post.replace(re3,"<br /> ").split(re2);for(var i=0;i<post.length;i++)post[i]=post[i].replace(re,"");var post2=new Array;for(var i in post)if(/[a-zA-Z0-9]/.test(post[i]))post2.push(post[i]);var s="";var indentBlank="";
for(var i=0;i<indent;i++)indentBlank+=" ";if(post2.join("<br/>").split(" ").length<max-1)s=post2.join(indentBlank+" <br/>");else{var i=0;while(s.split(" ").length<max){s+=indentBlank+" "+post2[i]+"<br/>";i++}}return s}

function createSummaryAndThumb(pID,title,url,date,comment)
{var posturl=url;
var div=document.getElementById(pID);
var content=div.innerHTML;
if(/\x3c!--\s*more\s*--\x3e/.test(content)){div.innerHTML=getSummaryLikeWP(pID);div.style.display="block"}else{
var imgtag="";
var img=div.getElementsByTagName("img");var summ=summary;if(img.length>=1)imgtag='<a href="'+posturl+'"><img src="'+img[0].src+'" width="'+img_width+'px" height="'+img_height+'px"></a>';var summary1='<div class="thumb" style="float: left;margin: 0 10px 0 0;z-index: 1;position: relative;">'+imgtag+
    '</div>  <div class="summ" style="line-height:1.6em;font-size:16px"><p>'+stripHtmlTags(content,summary)+"... </p></div>";div.innerHTML=summary1;div.style.display="block"}};

// jQuery Plugin to Shorten Popular Posts Description
$(function() {
var limit = 70;
var chars = $(".item-snippet").text(); 
if (chars.length > limit) {
var visiblePart = $("<span> "+ chars.substr(0, limit-1) +"</span>");
var dots = $("<span class='dots'>... </span>");
$(".item-snippet").empty()
.append(visiblePart)
.append(dots)
        }
 });


 //Responsive Menu
$(function() {
			var pull 		= $('#pull');
				menu 		= $('nav ul');
				menuHeight	= menu.height();

			$(pull).on('click', function(e) {
				e.preventDefault();
				menu.slideToggle();
			});

			$(window).resize(function(){
        		var w = $(window).width();
        		if(w > 320 && menu.is(':hidden')) {
        			menu.removeAttr('style');
        		}
    		});
		});


/*]]>*/</script>


</head>
<!--<body>-->
<body>
<div class='sticky-menu'>
<div class='wrap1'>
  <nav class='clearfix'>
		<ul class='clearfix'>
          <li><a expr:href='data:blog.homepageUrl'>Home</a></li>
			<li><a href='#'>Technology</a></li>
			<li><a href='#'>Reviews</a></li>
			<li><a href='#'>Gadget</a></li>
			<li><a href='#'>Smartphones</a></li>
          <li><a href='#'>Lifestyle</a></li>	
		</ul>
		<a href='#' id='pull'>Menu</a>
	</nav>
   </div><!-- /wrap1 -->
</div><!-- /sub-nav-menu -->

          <div class='clr'/>

                <div class='header-wrapper'>
        <div class='ct-wrapper'>
        <div class='header-inner-wrap'>
                <b:section class='header' id='header' maxwidgets='1' showaddelement='yes'>
                  <b:widget id='Header1' locked='true' title='Trackers (Header)' type='Header'>
                    <b:includable id='main'>
  <b:if cond='data:useImage'>
    <b:if cond='data:imagePlacement == &quot;BEHIND&quot;'>
      <!--
      Show image as background to text. You can't really calculate the width
      reliably in JS because margins are not taken into account by any of
      clientWidth, offsetWidth or scrollWidth, so we don't force a minimum
      width if the user is using shrink to fit.
      This results in a margin-width's worth of pixels being cropped. If the
      user is not using shrink to fit then we expand the header.
      -->
      <b:if cond='data:mobile'>
          <div id='header-inner'>
            <div class='titlewrapper' style='background: transparent'>
              <h1 class='title' style='background: transparent; border-width: 0px'>
                <b:include name='title'/>
              </h1>
            </div>
            <b:include name='description'/>
          </div>
        <b:else/>
          <div expr:style='&quot;background-image: url(\&quot;&quot; + data:sourceUrl + &quot;\&quot;); &quot;                        + &quot;background-position: &quot;                        + data:backgroundPositionStyleStr + &quot;; &quot;                        + data:widthStyleStr                        + &quot;min-height: &quot; + data:height                        + &quot;_height: &quot; + data:height                        + &quot;background-repeat: no-repeat; &quot;' id='header-inner'>
            <div class='titlewrapper' style='background: transparent'>
              <h1 class='title' style='background: transparent; border-width: 0px'>
                <b:include name='title'/>
              </h1>
            </div>
            <b:include name='description'/>
          </div>
        </b:if>
    <b:else/>
      <!--Show the image only-->
      <div id='header-inner'>
        <a expr:href='data:blog.homepageUrl' style='display: block'>
          <img expr:alt='data:title' expr:id='data:widget.instanceId + &quot;_headerimg&quot;' expr:src='data:sourceUrl' style='display: block'/>
        </a>
        <!--Show the description-->
        <b:if cond='data:imagePlacement == &quot;BEFORE_DESCRIPTION&quot;'>
          <b:include name='description'/>
        </b:if>
      </div>
    </b:if>
  <b:else/>
    <!--No header image -->
    <div id='header-inner'>
      <div class='titlewrapper'>
        <h1 class='title'>
          <b:include name='title'/>
        </h1>
      </div>
      <b:include name='description'/>
    </div>
  </b:if>
</b:includable>
                    <b:includable id='description'>
  <div class='descriptionwrapper'>
    <p class='description'><span><data:description/></span></p>
  </div>
</b:includable>
                    <b:includable id='title'>
    <a expr:href='data:blog.homepageUrl'><data:title/></a>
</b:includable>
                  </b:widget>
                </b:section>
        </div><!-- /header-inner-wrap -->
<b:section class='header-right' id='navigation' maxwidgets='2' showaddelement='no'>
  <b:widget id='HTML99' locked='true' title='Navigation-Menus (Do Not Edit Here!)' type='HTML'>
    <b:includable id='main'>
<nav id='header-navigation'>
<ul>
<li>
  <a href='http://www.trackmyblog.com/'><div class='nav-icon'>
<i class='entypo-home'/>
</div>
<div class='nav-text'>
Home</div>
</a>
</li>
<li>
  <a href='http://www.templatetrackers.com/'>
<div class='nav-icon'>
<i class='entypo-user-add'/>
</div>
<div class='nav-text'>
Elements</div>
</a>
</li>
<li>
  <a href='http://www.trackmyblog.com/search/label/widget'>
<div class='nav-icon'>
<i class='entypo-publish'/>
</div>
<div class='nav-text'>
Pages</div>
</a>
</li>
<li>
  <a href='http://www.templatetrackers.com/search/label/Magazine'>
<div class='nav-icon'>
<i class='entypo-layout'/>
</div>
<div class='nav-text'>
Portfolio</div>
</a>
</li>
<li>
  <a href='http://demo.trackmyblog.com/'>
  <div class='nav-icon'>
<i class='entypo-signal'/>
</div>
<div class='nav-text'>
Blog</div>
</a>
</li>
<li style='background-color: #ff3333;'>
  <a href='http://www.trackmyblog.com/p/about-us.html'>
<div class='nav-icon'>
<i class='entypo-users'/>
</div>
<div class='nav-text'>
Contact</div>
</a>
</li>
</ul>
</nav>
 </b:includable>
  </b:widget>
</b:section> 
       
   
        <div class='clr'/>
</div>
      </div>
  <div class='clr'/>
  
        <div class='ct-wrapper'>
           <div class='outer-wrapper'>
                      <div class='main-wrapper'>
                    <b:section class='content' id='content' showaddelement='no'>
                      <b:widget id='Blog1' locked='true' title='Blog Posts' type='Blog'>
                        <b:includable id='main' var='top'>
  <b:if cond='data:mobile == &quot;false&quot;'>

    <!-- posts -->
    <div class='blog-posts hfeed'>

      <b:include data='top' name='status-message'/>

      <data:defaultAdStart/>
      <b:loop values='data:posts' var='post'>
        <b:if cond='data:post.isDateStart'>
          <b:if cond='data:post.isFirstPost == &quot;false&quot;'>
            &lt;/div&gt;&lt;/div&gt;
          </b:if>
        </b:if>
        <b:if cond='data:post.isDateStart'>
          &lt;div class=&quot;date-outer&quot;&gt;
        </b:if>
        <b:if cond='data:post.dateHeader'>
          <h2 class='date-header'><span><data:post.dateHeader/></span></h2>
        </b:if>
        <b:if cond='data:post.isDateStart'>
          &lt;div class=&quot;date-posts&quot;&gt;
        </b:if>
        <div class='post-outer'>
        <b:include data='post' name='post'/>
        <b:if cond='data:blog.pageType == &quot;static_page&quot;'>
          <b:include data='post' name='comment_picker'/>
        </b:if>
        <b:if cond='data:blog.pageType == &quot;item&quot;'>
          <b:include data='post' name='comment_picker'/>
        </b:if>
        </div>
        <b:if cond='data:post.includeAd'>
          <b:if cond='data:post.isFirstPost'>
            <data:defaultAdEnd/>
          <b:else/>
            <data:adEnd/>
          </b:if>
          <div class='inline-ad'>
            <data:adCode/>
          </div>
          <data:adStart/>
        </b:if>
      </b:loop>
      <b:if cond='data:numPosts != 0'>
        &lt;/div&gt;&lt;/div&gt;
      </b:if>
      <data:adEnd/>
    </div>

    <!-- navigation -->
    <b:include name='nextprev'/>


    <b:if cond='data:top.showStars'>
      <script src='//www.google.com/jsapi' type='text/javascript'/>
      <script type='text/javascript'>
        google.load(&quot;annotations&quot;, &quot;1&quot;, {&quot;locale&quot;: &quot;<data:top.languageCode/>&quot;});
        function initialize() {
          google.annotations.setApplicationId(<data:top.blogspotReviews/>);
          google.annotations.createAll();
          google.annotations.fetch();
        }
        google.setOnLoadCallback(initialize);
      </script>
    </b:if>

  <b:else/>
    <b:include name='mobile-main'/>
  </b:if>

  <b:if cond='data:top.showDummy'>
    <data:top.dummyBootstrap/>
  </b:if>

</b:includable>
                        <b:includable id='backlinkDeleteIcon' var='backlink'>
  <span expr:class='&quot;item-control &quot; + data:backlink.adminClass'>
    <a expr:href='data:backlink.deleteUrl' expr:title='data:top.deleteBacklinkMsg'>
      <img src='//www.blogger.com/img/icon_delete13.gif'/>
    </a>
  </span>
</b:includable>
                        <b:includable id='backlinks' var='post'>
  <a name='links'/><h4><data:post.backlinksLabel/></h4>
  <b:if cond='data:post.numBacklinks != 0'>
    <dl class='comments-block' id='comments-block'>
      <b:loop values='data:post.backlinks' var='backlink'>
        <div class='collapsed-backlink backlink-control'>
          <dt class='comment-title'>
            <span class='backlink-toggle-zippy'>&#160;</span>
            <a expr:href='data:backlink.url' rel='nofollow'><data:backlink.title/></a>
            <b:include data='backlink' name='backlinkDeleteIcon'/>
          </dt>
          <dd class='comment-body collapseable'>
            <data:backlink.snippet/>
          </dd>
          <dd class='comment-footer collapseable'>
            <span class='comment-author'><data:post.authorLabel/> <data:backlink.author/></span>
            <span class='comment-timestamp'><data:post.timestampLabel/> <data:backlink.timestamp/></span>
          </dd>
        </div>
      </b:loop>
    </dl>
  </b:if>
  <p class='comment-footer'>
    <a class='comment-link' expr:href='data:post.createLinkUrl' expr:id='data:widget.instanceId + &quot;_backlinks-create-link&quot;' target='_blank'><data:post.createLinkLabel/></a>
  </p>
</b:includable>
                        <b:includable id='comment-form' var='post'>
  <div class='comment-form'>
    <a name='comment-form'/>
    <b:if cond='data:mobile'>
      <h4 id='comment-post-message'>
        <a expr:id='data:widget.instanceId + &quot;_comment-editor-toggle-link&quot;' href='javascript:void(0)'><data:postCommentMsg/></a></h4>
      <p><data:blogCommentMessage/></p>
      <data:blogTeamBlogMessage/>
      <a expr:href='data:post.commentFormIframeSrc' id='comment-editor-src'/>
      <iframe allowtransparency='true' class='blogger-iframe-colorize blogger-comment-from-post' frameborder='0' height='410' id='comment-editor' name='comment-editor' src='' style='display: none' width='100%'/>
    <b:else/>
      <h4 id='comment-post-message'><data:postCommentMsg/></h4>
      <p><data:blogCommentMessage/></p>
      <data:blogTeamBlogMessage/>
      <a expr:href='data:post.commentFormIframeSrc' id='comment-editor-src'/>
      <iframe allowtransparency='true' class='blogger-iframe-colorize blogger-comment-from-post' frameborder='0' height='410' id='comment-editor' name='comment-editor' src='' width='100%'/>
    </b:if>
    <data:post.friendConnectJs/>
    <data:post.cmtfpIframe/>
    <script type='text/javascript'>
      BLOG_CMT_createIframe(&#39;<data:post.appRpcRelayPath/>&#39;, &#39;<data:post.communityId/>&#39;);
    </script>
  </div>
</b:includable>
                        <b:includable id='commentDeleteIcon' var='comment'>
  <span expr:class='&quot;item-control &quot; + data:comment.adminClass'>
    <b:if cond='data:showCmtPopup'>
      <div class='goog-toggle-button'>
        <div class='goog-inline-block comment-action-icon'/>
      </div>
    <b:else/>
      <a class='comment-delete' expr:href='data:comment.deleteUrl' expr:title='data:top.deleteCommentMsg'>
        <img src='//www.blogger.com/img/icon_delete13.gif'/>
      </a>
    </b:if>
  </span>
</b:includable>
                        <b:includable id='comment_count_picker' var='post'>
  <b:if cond='data:post.commentSource == 1'>
    <span class='cmt_count_iframe_holder' expr:data-count='data:post.numComments' expr:data-onclick='data:post.addCommentOnclick' expr:data-post-url='data:post.url' expr:data-url='data:post.canonicalUrl'>
    </span>
  <b:else/>
    <a class='comment-link' expr:href='data:post.addCommentUrl' expr:onclick='data:post.addCommentOnclick'>
      <data:post.commentLabelFull/>:
    </a>
  </b:if>
</b:includable>
                        <b:includable id='comment_picker' var='post'>
  <b:if cond='data:post.commentSource == 1'>
    <b:include data='post' name='iframe_comments'/>
  <b:else/>
    <b:if cond='data:post.showThreadedComments'>
      <b:include data='post' name='threaded_comments'/>
    <b:else/>
      <b:include data='post' name='comments'/>
    </b:if>
  </b:if>
</b:includable>
                        <b:includable id='comments' var='post'>
  <div class='comments' id='comments'>
    <b:if cond='data:post.allowComments'>
      <h4>
        <b:if cond='data:post.numComments == 1'>
          1 <data:commentLabel/>:
        <b:else/>
          <data:post.numComments/> <data:commentLabelPlural/>:
        </b:if> 
    
      </h4>

      <b:if cond='data:post.commentPagingRequired'>
        <span class='paging-control-container'>
          <a expr:class='data:post.oldLinkClass' expr:href='data:post.oldestLinkUrl'><data:post.oldestLinkText/></a>
          &#160;
          <a expr:class='data:post.oldLinkClass' expr:href='data:post.olderLinkUrl'><data:post.olderLinkText/></a>
          &#160;
          <data:post.commentRangeText/>
          &#160;
          <a expr:class='data:post.newLinkClass' expr:href='data:post.newerLinkUrl'><data:post.newerLinkText/></a>
          &#160;
          <a expr:class='data:post.newLinkClass' expr:href='data:post.newestLinkUrl'><data:post.newestLinkText/></a>
        </span>
      </b:if>

      <div expr:id='data:widget.instanceId + &quot;_comments-block-wrapper&quot;'>
        <dl expr:class='data:post.avatarIndentClass' id='comments-block'>
          <b:loop values='data:post.comments' var='comment'>
            <dt expr:class='&quot;comment-author &quot; + data:comment.authorClass' expr:id='data:comment.anchorName'>
              <b:if cond='data:comment.favicon'>
                <img expr:src='data:comment.favicon' height='16px' style='margin-bottom:-2px;' width='16px'/>
 				<b:else/>
                <img src='http://1.bp.blogspot.com/-f4DhIdAP2-U/UqBom0sGmfI/AAAAAAAADrA/tB-ulx0Ux1c/s70/trackers+logo.png'/>
              </b:if>
              <a expr:name='data:comment.anchorName'/>
              <b:if cond='data:blog.enabledCommentProfileImages'>
                <data:comment.authorAvatarImage/>
              </b:if>
              <b:if cond='data:comment.authorUrl'>
                <a expr:href='data:comment.authorUrl' rel='nofollow'><data:comment.author/></a>
              <b:else/>
                <data:comment.author/>
              </b:if>
              <data:commentPostedByMsg/>
            </dt>
            <dd class='comment-body' expr:id='data:widget.instanceId + data:comment.cmtBodyIdPostfix'>
              <b:if cond='data:comment.isDeleted'>
                <span class='deleted-comment'><data:comment.body/></span>
              <b:else/>
                <p>
                  <data:comment.body/>
                </p>
              </b:if>
            </dd>
            <dd class='comment-footer'>
              <span class='comment-timestamp'>
                <a expr:href='data:comment.url' title='comment permalink'>
                  <data:comment.timestamp/>
                </a>
                <b:include data='comment' name='commentDeleteIcon'/>
              </span>
            </dd>
          </b:loop>
        </dl>
      </div>

      <b:if cond='data:post.commentPagingRequired'>
        <span class='paging-control-container'>
          <a expr:class='data:post.oldLinkClass' expr:href='data:post.oldestLinkUrl'>
            <data:post.oldestLinkText/>
          </a>
          <a expr:class='data:post.oldLinkClass' expr:href='data:post.olderLinkUrl'>
            <data:post.olderLinkText/>
          </a>
          &#160;
          <data:post.commentRangeText/>
          &#160;
          <a expr:class='data:post.newLinkClass' expr:href='data:post.newerLinkUrl'>
            <data:post.newerLinkText/>
          </a>
          <a expr:class='data:post.newLinkClass' expr:href='data:post.newestLinkUrl'>
            <data:post.newestLinkText/>
          </a>
        </span>
      </b:if>

      <p class='comment-footer'>
        <b:if cond='data:post.embedCommentForm'>
          <b:if cond='data:post.allowNewComments'>
            <b:include data='post' name='comment-form'/>
          <b:else/>
            <data:post.noNewCommentsText/>
          </b:if>
        <b:else/>
          <b:if cond='data:post.allowComments'>
            <a expr:href='data:post.addCommentUrl' expr:onclick='data:post.addCommentOnclick'><data:postCommentMsg/></a>
          </b:if>
        </b:if>

      </p>
    </b:if>
    <b:if cond='data:showCmtPopup'>
      <div id='comment-popup'>
        <iframe allowtransparency='true' frameborder='0' id='comment-actions' name='comment-actions' scrolling='no'>
        </iframe>
      </div>
    </b:if>

    <div id='backlinks-container'>
    <div expr:id='data:widget.instanceId + &quot;_backlinks-container&quot;'>
       <b:if cond='data:post.showBacklinks'>
         <b:include data='post' name='backlinks'/>
       </b:if>
    </div>
    </div>
  </div>
</b:includable>
                        <b:includable id='feedLinks'>
  <b:if cond='data:blog.pageType != &quot;item&quot;'> <!-- Blog feed links -->
    <b:if cond='data:feedLinks'>
      <div class='blog-feeds'>
        <b:include data='feedLinks' name='feedLinksBody'/>
      </div>
    </b:if>

    <b:else/> <!--Post feed links -->
    <div class='post-feeds'>
      <b:loop values='data:posts' var='post'>
        <b:if cond='data:post.allowComments'>
          <b:if cond='data:post.feedLinks'>
            <b:include data='post.feedLinks' name='feedLinksBody'/>
          </b:if>
        </b:if>
      </b:loop>
    </div>
  </b:if>
</b:includable>
                        <b:includable id='feedLinksBody' var='links'>
  <div class='feed-links'>
  <data:feedLinksMsg/>
  <b:loop values='data:links' var='f'>
     <a class='feed-link' expr:href='data:f.url' expr:type='data:f.mimeType' target='_blank'><data:f.name/> (<data:f.feedType/>)</a>
  </b:loop>
  </div>
</b:includable>
                        <b:includable id='iframe_comments' var='post'>

  <b:if cond='data:post.allowIframeComments'>
    <script expr:src='data:post.iframeCommentSrc' type='text/javascript'/>
    <div class='cmt_iframe_holder' expr:data-href='data:post.canonicalUrl' expr:data-viewtype='data:post.viewType'/>

    <b:if cond='data:post.embedCommentForm == &quot;false&quot;'>
      <a expr:href='data:post.addCommentUrl' expr:onclick='data:post.addCommentOnclick'><data:postCommentMsg/></a>
    </b:if>
  </b:if>
</b:includable>
                        <b:includable id='mobile-index-post' var='post'>
  <div class='mobile-date-outer date-outer'>
    <b:if cond='data:post.dateHeader'>
      <div class='date-header'>
        <span><data:post.dateHeader/></span>
      </div>
    </b:if>

    <div class='mobile-post-outer'>
      <a expr:href='data:post.url'>
        <h3 class='mobile-index-title entry-title' itemprop='name'>
          <data:post.title/>
        </h3>

        <div class='mobile-index-arrow'>&amp;rsaquo;</div>

        <div class='mobile-index-contents'>
          <b:if cond='data:post.thumbnailUrl'>
            <div class='mobile-index-thumbnail'>
              <div class='Image'>
                <img expr:src='data:post.thumbnailUrl'/>
              </div>
            </div>
          </b:if>

          <div class='post-body'>
            <b:if cond='data:post.snippet'><data:post.snippet/></b:if>
          </div>
        </div>

        <div style='clear: both;'/>
      </a>

      <div class='mobile-index-comment'>
        <b:if cond='data:blog.pageType != &quot;static_page&quot;'>
          <b:if cond='data:post.allowComments'>
            <b:if cond='data:post.numComments != 0'>
              <a class='comment-link' expr:href='data:post.addCommentUrl' expr:onclick='data:post.addCommentOnclick'><b:if cond='data:post.numComments == 1'>1 <data:top.commentLabel/><b:else/><data:post.numComments/> <data:top.commentLabelPlural/></b:if></a>
            </b:if>
          </b:if>
        </b:if>
      </div>
    </div>
  </div>
</b:includable>
                        <b:includable id='mobile-main' var='top'>
    <!-- posts -->
    <div class='blog-posts hfeed'>

      <b:include data='top' name='status-message'/>

      <b:if cond='data:blog.pageType == &quot;index&quot;'>
        <b:loop values='data:posts' var='post'>
          <b:include data='post' name='mobile-index-post'/>
        </b:loop>
      <b:else/>
        <b:loop values='data:posts' var='post'>
          <b:include data='post' name='mobile-post'/>
        </b:loop>
      </b:if>
    </div>

   <b:include name='mobile-nextprev'/>
</b:includable>
                        <b:includable id='mobile-nextprev'>
  <div class='blog-pager' id='blog-pager'>
    <b:if cond='data:newerPageUrl'>
      <div class='mobile-link-button' id='blog-pager-newer-link'>
      <a class='blog-pager-newer-link' expr:href='data:newerPageUrl' expr:id='data:widget.instanceId + &quot;_blog-pager-newer-link&quot;' expr:title='data:newerPageTitle'>&amp;lsaquo;</a>
      </div>
    </b:if>

    <b:if cond='data:olderPageUrl'>
      <div class='mobile-link-button' id='blog-pager-older-link'>
      <a class='blog-pager-older-link' expr:href='data:olderPageUrl' expr:id='data:widget.instanceId + &quot;_blog-pager-older-link&quot;' expr:title='data:olderPageTitle'>&amp;rsaquo;</a>
      </div>
    </b:if>

    <div class='mobile-link-button' id='blog-pager-home-link'>
    <a class='home-link' expr:href='data:blog.homepageUrl'><data:homeMsg/></a>
    </div>

    <div class='mobile-desktop-link'>
      <a class='home-link' expr:href='data:desktopLinkUrl'><data:desktopLinkMsg/></a>
    </div>

  </div>
  <div class='clear'/>
</b:includable>
                        <b:includable id='mobile-post' var='post'>
  <div class='date-outer'>
    <b:if cond='data:post.dateHeader'>
      <h2 class='date-header'><span><data:post.dateHeader/></span></h2>
    </b:if>
    <div class='date-posts'>
      <div class='post-outer'>

        <div class='post hentry uncustomized-post-template'>
          <a expr:name='data:post.id'/>
          <b:if cond='data:post.title'>
            <h1 class='post-title entry-title'>
              <b:if cond='data:post.link'>
                <a expr:href='data:post.link'><data:post.title/></a>
              <b:else/>
                <b:if cond='data:post.url'>
                  <b:if cond='data:blog.url != data:post.url'>
                    <a expr:href='data:post.url'><data:post.title/></a>
                  <b:else/>
                    <data:post.title/>
                  </b:if>
                <b:else/>
                  <data:post.title/>
                </b:if>
              </b:if>
            </h1>
          </b:if>

          <div class='post-header'>
            <div class='post-header-line-1'/>
          </div>

          <div class='post-body entry-content' expr:id='&quot;post-body-&quot; + data:post.id'>
            <data:post.body/>
            <div style='clear: both;'/> <!-- clear for photos floats -->
          </div>

          <div class='post-footer'>
            <div class='post-footer-line post-footer-line-1'>
              <span class='post-author vcard'>
                <b:if cond='data:top.showAuthor'>
                  <b:if cond='data:post.authorProfileUrl'>
                    <span class='fn'>
                      <a expr:href='data:post.authorProfileUrl' rel='author' title='author profile'>
                        <data:post.author/>
                      </a>
                    </span>
                  <b:else/>
                    <span class='fn'><data:post.author/></span>
                  </b:if>
                </b:if>
              </span>

              <span class='post-timestamp'>
                <b:if cond='data:top.showTimestamp'>
                  <data:top.timestampLabel/>
                  <b:if cond='data:post.url'>
                    <a class='timestamp-link' expr:href='data:post.url' rel='bookmark' title='permanent link'><abbr class='published' expr:title='data:post.timestampISO8601'><data:post.timestamp/></abbr></a>
                  </b:if>
                </b:if>
              </span>

              <span class='post-comment-link'>
                <b:if cond='data:blog.pageType != &quot;item&quot;'>
                  <b:if cond='data:blog.pageType != &quot;static_page&quot;'>
                    <b:if cond='data:post.allowComments'>
                      <a class='comment-link' expr:href='data:post.addCommentUrl' expr:onclick='data:post.addCommentOnclick'><b:if cond='data:post.numComments == 1'>1 <data:top.commentLabel/><b:else/><data:post.numComments/> <data:top.commentLabelPlural/></b:if></a>
                    </b:if>
                  </b:if>
                </b:if>
              </span>
            </div>

            <div class='post-footer-line post-footer-line-2'>
              <b:if cond='data:top.showMobileShare'>
                <div class='mobile-link-button goog-inline-block' id='mobile-share-button'>
                  <a href='javascript:void(0);'><data:shareMsg/></a>
                </div>
              </b:if>
              <b:if cond='data:top.showDummy'>
                <div class='goog-inline-block dummy-container'><data:post.dummyTag/></div>
              </b:if>
            </div>

          </div>
        </div>
        <b:if cond='data:blog.pageType == &quot;static_page&quot;'>
          <b:include data='post' name='comment_picker'/>
        </b:if>
        <b:if cond='data:blog.pageType == &quot;item&quot;'>
          <b:include data='post' name='comment_picker'/>
        </b:if>
      </div>
    </div>
  </div>
</b:includable>
                        <b:includable id='nextprev'>
  <div class='blog-pager' id='blog-pager'>
    <b:if cond='data:newerPageUrl'>
      <span id='blog-pager-newer-link'>
      <a class='blog-pager-newer-link' expr:href='data:newerPageUrl' expr:id='data:widget.instanceId + &quot;_blog-pager-newer-link&quot;' expr:title='data:newerPageTitle'><data:newerPageTitle/></a>
      </span>
    </b:if>

    <b:if cond='data:olderPageUrl'>
      <span id='blog-pager-older-link'>
      <a class='blog-pager-older-link' expr:href='data:olderPageUrl' expr:id='data:widget.instanceId + &quot;_blog-pager-older-link&quot;' expr:title='data:olderPageTitle'><data:olderPageTitle/></a>
      </span>
    </b:if>

    <a class='home-link' expr:href='data:blog.homepageUrl'><data:homeMsg/></a>

    <b:if cond='data:mobileLinkUrl'>
      <div class='blog-mobile-link'>
        <a expr:href='data:mobileLinkUrl'><data:mobileLinkMsg/></a>
      </div>
    </b:if>

  </div>
  <div class='clear'/>
</b:includable>
                        <b:includable id='post' var='post'>
  <article class='post hentry'>
<b:if cond='data:blog.pageType == &quot;item&quot;'>
<b:if cond='data:post.title'>
<h1 class='post-title entry-title'>
<b:if cond='data:post.link'>       
<a expr:href='data:post.link'><data:post.title/></a>    
<b:else/>
<b:if cond='data:post.url'>
<b:if cond='data:blog.url != data:post.url'>
<a expr:href='data:post.url'><data:post.title/></a>
<b:else/>
<data:post.title/>
</b:if>
<b:else/>
<data:post.title/>
</b:if>
</b:if>
</h1>
</b:if>
<b:else/>
<b:if cond='data:post.title'>
<h2 class='post-title entry-title'>
<b:if cond='data:post.link'>
<a expr:href='data:post.link'><data:post.title/></a>  
<b:else/>
<b:if cond='data:post.url'>
<b:if cond='data:blog.url != data:post.url'>
<a expr:href='data:post.url'><data:post.title/></a>
<b:else/>
<data:post.title/>
</b:if>
<b:else/>
<data:post.title/>
</b:if>
</b:if>
</h2>
</b:if>
</b:if>
<b:if cond='data:blog.pageType == &quot;index&quot;'>
<div class='post-labels'>
   <b:if cond='data:post.labels'>
          <b:loop max-labels='2' values='data:post.labels' var='label'>
            <span><data:label.name/></span><b:if cond='data:label.isLast != &quot;true&quot;'/>
          </b:loop>
        </b:if>
      </div>
    </b:if>
<b:if cond='data:blog.pageType == &quot;item&quot;'>
 <div class='post-header'>
    <div class='post-header-line-1'>
      <span class='post-label'>
       In <b:if cond='data:post.labels'>
          <b:loop values='data:post.labels' var='label'>
            <a expr:href='data:label.url' rel='tag'><data:label.name/></a><b:if cond='data:label.isLast != &quot;true&quot;'>,</b:if>
          </b:loop>
        </b:if>
      </span>
<span class='post-author vcard'>
        <b:if cond='data:top.showAuthor'>
          <span class='fn'>by <a expr:href='data:userUrl' rel='author'><data:post.author/></a> </span>
        </b:if>
      </span> 
//
<span class='post-timestamp'>
        <b:if cond='data:top.showTimestamp'>
        <b:if cond='data:post.url'>
          <data:post.timestamp/>
        </b:if>
        </b:if>
      </span>
//
 <b:if cond='data:post.allowComments'>
<span class='post-comment-link'>
<a expr:href='data:post.addCommentUrl' expr:onclick='data:post.addCommentOnclick'><b:if cond='data:post.numComments == 0'>Leave a Comment</b:if><b:if cond='data:post.numComments == 1'>1 comment</b:if><b:if cond='data:post.numComments &gt;= 2'><data:post.numComments/> comments</b:if></a>
 </span>
 </b:if>
</div>
</div>
</b:if>

<div class='post-body entry-content' expr:id='&quot;post-body-&quot; + data:post.id'>
<b:if cond='data:blog.pageType == &quot;item&quot;'>
<data:post.body/>
<b:else/>
<b:if cond='data:blog.pageType == &quot;static_page&quot;'>
<data:post.body/>
<b:else/>
<div expr:id='&quot;summary&quot; + data:post.id'>
<data:post.body/>
</div>

<script type='text/javascript'>
createSummaryAndThumb(&quot;summary<data:post.id/>&quot;,&quot;<data:post.title/>&quot;,&quot;<data:post.url/>&quot;);
</script>
<span class='rdmre'><a expr:href='data:post.url'>Read More</a></span>
</b:if>
</b:if>
      <div style='clear: both;'/> <!-- clear for photos floats -->
    </div>

    <div class='post-footer'>
    <div class='post-footer-line post-footer-line-1'>
<b:if cond='data:blog.pageType == &quot;item&quot;'>
</b:if>
</div>

      <div class='post-footer-line post-footer-line-2'>

 </div>

      <div class='post-footer-line post-footer-line-3'><span class='post-location'>
        <b:if cond='data:top.showLocation'>
          <b:if cond='data:post.location'>
            <data:postLocationLabel/>
            <a expr:href='data:post.location.mapsUrl' target='_blank'><data:post.location.name/></a>
          </b:if>
        </b:if>
      </span> </div>
    </div>
  </article>
</b:includable>
                        <b:includable id='postQuickEdit' var='post'>
  <b:if cond='data:post.editUrl'>
    <span expr:class='&quot;item-control &quot; + data:post.adminClass'>
      <a expr:href='data:post.editUrl' expr:title='data:top.editPostMsg'>
        <img alt='' class='icon-action' height='18' src='http://img2.blogblog.com/img/icon18_edit_allbkg.gif' width='18'/>
      </a>
    </span>
  </b:if>
</b:includable>
                        <b:includable id='shareButtons' var='post'>
  <b:if cond='data:top.showEmailButton'><a class='goog-inline-block share-button sb-email' expr:href='data:post.sharePostUrl + &quot;&amp;target=email&quot;' expr:title='data:top.emailThisMsg' target='_blank'><span class='share-button-link-text'><data:top.emailThisMsg/></span></a></b:if><b:if cond='data:top.showBlogThisButton'><a class='goog-inline-block share-button sb-blog' expr:href='data:post.sharePostUrl + &quot;&amp;target=blog&quot;' expr:onclick='&quot;window.open(this.href, \&quot;_blank\&quot;, \&quot;height=270,width=475\&quot;); return false;&quot;' expr:title='data:top.blogThisMsg' target='_blank'><span class='share-button-link-text'><data:top.blogThisMsg/></span></a></b:if><b:if cond='data:top.showTwitterButton'><a class='goog-inline-block share-button sb-twitter' expr:href='data:post.sharePostUrl + &quot;&amp;target=twitter&quot;' expr:title='data:top.shareToTwitterMsg' target='_blank'><span class='share-button-link-text'><data:top.shareToTwitterMsg/></span></a></b:if><b:if cond='data:top.showFacebookButton'><a class='goog-inline-block share-button sb-facebook' expr:href='data:post.sharePostUrl + &quot;&amp;target=facebook&quot;' expr:onclick='&quot;window.open(this.href, \&quot;_blank\&quot;, \&quot;height=430,width=640\&quot;); return false;&quot;' expr:title='data:top.shareToFacebookMsg' target='_blank'><span class='share-button-link-text'><data:top.shareToFacebookMsg/></span></a></b:if><b:if cond='data:top.showOrkutButton'><a class='goog-inline-block share-button sb-orkut' expr:href='data:post.sharePostUrl + &quot;&amp;target=orkut&quot;' expr:title='data:top.shareToOrkutMsg' target='_blank'><span class='share-button-link-text'><data:top.shareToOrkutMsg/></span></a></b:if><b:if cond='data:top.showDummy'><div class='goog-inline-block dummy-container'><data:post.dummyTag/></div></b:if>
</b:includable>
                        <b:includable id='status-message'>
  <b:if cond='data:navMessage'>
  <div class='status-msg-wrap'>
    <div class='status-msg-body'>
      <data:navMessage/>
    </div>
    <div class='status-msg-border'>
      <div class='status-msg-bg'>
        <div class='status-msg-hidden'><data:navMessage/></div>
      </div>
    </div>
  </div>
  <div style='clear: both;'/>
  </b:if>
</b:includable>
                        <b:includable id='threaded-comment-form' var='post'>
  <div class='comment-form'>
    <a name='comment-form'/>
    <b:if cond='data:mobile'>
      <p><data:blogCommentMessage/></p>
      <data:blogTeamBlogMessage/>
      <a expr:href='data:post.commentFormIframeSrc' id='comment-editor-src'/>
      <iframe allowtransparency='true' class='blogger-iframe-colorize blogger-comment-from-post' frameborder='0' height='410' id='comment-editor' name='comment-editor' src='' style='display: none' width='100%'/>
    <b:else/>
      <p><data:blogCommentMessage/></p>
      <data:blogTeamBlogMessage/>
      <a expr:href='data:post.commentFormIframeSrc' id='comment-editor-src'/>
      <iframe allowtransparency='true' class='blogger-iframe-colorize blogger-comment-from-post' frameborder='0' height='410' id='comment-editor' name='comment-editor' src='' width='100%'/>
    </b:if>
    <data:post.friendConnectJs/>
    <data:post.cmtfpIframe/>
    <script type='text/javascript'>
      BLOG_CMT_createIframe(&#39;<data:post.appRpcRelayPath/>&#39;, &#39;<data:post.communityId/>&#39;);
    </script>
  </div>
</b:includable>
                        <b:includable id='threaded_comment_css'>
  <style>

  </style>
</b:includable>
                        <b:includable id='threaded_comment_js' var='post'>
  <script async='async' expr:src='data:post.commentSrc' type='text/javascript'/>

  <script type='text/javascript'>
    (function() {
      var items = <data:post.commentJso/>;
      var msgs = <data:post.commentMsgs/>;
      var config = <data:post.commentConfig/>;

// <![CDATA[
      var cursor = null;
      if (items && items.length > 0) {
        cursor = parseInt(items[items.length - 1].timestamp) + 1;
      }

      var bodyFromEntry = function(entry) {
        if (entry.gd$extendedProperty) {
          for (var k in entry.gd$extendedProperty) {
            if (entry.gd$extendedProperty[k].name == 'blogger.contentRemoved') {
              return '<span class="deleted-comment">' + entry.content.$t + '</span>';
            }
          }
        }
        return entry.content.$t;
      }

      var parse = function(data) {
        cursor = null;
        var comments = [];
        if (data && data.feed && data.feed.entry) {
          for (var i = 0, entry; entry = data.feed.entry[i]; i++) {
            var comment = {};
            // comment ID, parsed out of the original id format
            var id = /blog-(\d+).post-(\d+)/.exec(entry.id.$t);
            comment.id = id ? id[2] : null;
            comment.body = bodyFromEntry(entry);
            comment.timestamp = Date.parse(entry.published.$t) + '';
            if (entry.author && entry.author.constructor === Array) {
              var auth = entry.author[0];
              if (auth) {
                comment.author = {
                  name: (auth.name ? auth.name.$t : undefined),
                  profileUrl: (auth.uri ? auth.uri.$t : undefined),
                  avatarUrl: (auth.gd$image ? auth.gd$image.src : undefined)
                };
              }
            }
            if (entry.link) {
              if (entry.link[2]) {
                comment.link = comment.permalink = entry.link[2].href;
              }
              if (entry.link[3]) {
                var pid = /.*comments\/default\/(\d+)\?.*/.exec(entry.link[3].href);
                if (pid && pid[1]) {
                  comment.parentId = pid[1];
                }
              }
            }
            comment.deleteclass = 'item-control blog-admin';
            if (entry.gd$extendedProperty) {
              for (var k in entry.gd$extendedProperty) {
                if (entry.gd$extendedProperty[k].name == 'blogger.itemClass') {
                  comment.deleteclass += ' ' + entry.gd$extendedProperty[k].value;
                } else if (entry.gd$extendedProperty[k].name == 'blogger.displayTime') {
                  comment.displayTime = entry.gd$extendedProperty[k].value;
                }
              }
            }
            comments.push(comment);
          }
        }
        return comments;
      };

      var paginator = function(callback) {
        if (hasMore()) {
          var url = config.feed + '?alt=json&v=2&orderby=published&reverse=false&max-results=50';
          if (cursor) {
            url += '&published-min=' + new Date(cursor).toISOString();
          }
          window.bloggercomments = function(data) {
            var parsed = parse(data);
            cursor = parsed.length < 50 ? null
                : parseInt(parsed[parsed.length - 1].timestamp) + 1
            callback(parsed);
            window.bloggercomments = null;
          }
          url += '&callback=bloggercomments';
          var script = document.createElement('script');
          script.type = 'text/javascript';
          script.src = url;
          document.getElementsByTagName('head')[0].appendChild(script);
        }
      };
      var hasMore = function() {
        return !!cursor;
      };
      var getMeta = function(key, comment) {
        if ('iswriter' == key) {
          var matches = !!comment.author
              && comment.author.name == config.authorName
              && comment.author.profileUrl == config.authorUrl;
          return matches ? 'true' : '';
        } else if ('deletelink' == key) {
          return config.baseUri + '/delete-comment.g?blogID='
               + config.blogId + '&postID=' + comment.id;
        } else if ('deleteclass' == key) {
          return comment.deleteclass;
        }
        return '';
      };

      var replybox = null;
      var replyUrlParts = null;
      var replyParent = undefined;

      var onReply = function(commentId, domId) {
        if (replybox == null) {
          // lazily cache replybox, and adjust to suit this style:
          replybox = document.getElementById('comment-editor');
          if (replybox != null) {
            replybox.height = '250px';
            replybox.style.display = 'block';
            replyUrlParts = replybox.src.split('#');
          }
        }
        if (replybox && (commentId !== replyParent)) {
          document.getElementById(domId).insertBefore(replybox, null);
          replybox.src = replyUrlParts[0]
              + (commentId ? '&parentID=' + commentId : '')
              + '#' + replyUrlParts[1];
          replyParent = commentId;
        }
      };

      var hash = (window.location.hash || '#').substring(1);
      var startThread, targetComment;
      if (/^comment-form_/.test(hash)) {
        startThread = hash.substring('comment-form_'.length);
      } else if (/^c[0-9]+$/.test(hash)) {
        targetComment = hash.substring(1);
      }

      // Configure commenting API:
      var configJso = {
        'maxDepth': config.maxThreadDepth
      };
      var provider = {
        'id': config.postId,
        'data': items,
        'loadNext': paginator,
        'hasMore': hasMore,
        'getMeta': getMeta,
        'onReply': onReply,
        'rendered': true,
        'initComment': targetComment,
        'initReplyThread': startThread,
        'config': configJso,
        'messages': msgs
      };

      var render = function() {
        if (window.goog && window.goog.comments) {
          var holder = document.getElementById('comment-holder');
          window.goog.comments.render(holder, provider);
        }
      };

      // render now, or queue to render when library loads:
      if (window.goog && window.goog.comments) {
        render();
      } else {
        window.goog = window.goog || {};
        window.goog.comments = window.goog.comments || {};
        window.goog.comments.loadQueue = window.goog.comments.loadQueue || [];
        window.goog.comments.loadQueue.push(render);
      }
    })();
// ]]>
  </script>
</b:includable>
                        <b:includable id='threaded_comments' var='post'>
  <div class='comments' id='comments'>
    <h4><data:post.commentLabelFull/>: <a expr:href='data:post.addCommentUrl' expr:onclick='data:post.addCommentOnclick'>Leave Your Comments</a></h4>

    <div class='comments-content'>
      <b:if cond='data:post.embedCommentForm'>
        <b:include data='post' name='threaded_comment_js'/>
      </b:if>
      <div id='comment-holder'>
         <data:post.commentHtml/>
      </div>
    </div>

    <p class='comment-footer'>
      <b:if cond='data:post.allowNewComments'>
        <b:include data='post' name='threaded-comment-form'/>
      <b:else/>
        <data:post.noNewCommentsText/>
      </b:if>
    </p>

    <b:if cond='data:showCmtPopup'>
      <div id='comment-popup'>
        <iframe allowtransparency='true' frameborder='0' id='comment-actions' name='comment-actions' scrolling='no'>
        </iframe>
      </div>
    </b:if>

    <div id='backlinks-container'>
    <div expr:id='data:widget.instanceId + &quot;_backlinks-container&quot;'>
       <b:if cond='data:post.showBacklinks'>
         <b:include data='post' name='backlinks'/>
       </b:if>
    </div>
    </div>
  </div>
</b:includable>
                      </b:widget>
                    </b:section>

            </div><!-- /main-wrapper -->
                   <div class='sidebar-wrapper'>
                     <b:section class='sidebar' id='sidebar' showaddelement='yes'>
                       <b:widget id='PopularPosts2' locked='false' title='Popular Posts' type='PopularPosts'>
                         <b:includable id='main'>
  <b:if cond='data:title'><h2><data:title/></h2></b:if>
  <div class='widget-content popular-posts'>
    <ul>
      <b:loop values='data:posts' var='post'>
      <li>
        <b:if cond='data:showThumbnails == &quot;false&quot;'>
          <b:if cond='data:showSnippets == &quot;false&quot;'>
            <!-- (1) No snippet/thumbnail -->
            <a expr:href='data:post.href'><data:post.title/></a>
          <b:else/>
            <!-- (2) Show only snippets -->
            <div class='item-title'><a expr:href='data:post.href'><data:post.title/></a></div>
            <div class='item-snippet'><data:post.snippet/></div>
          </b:if>
        <b:else/>
          <b:if cond='data:showSnippets == &quot;false&quot;'>
            <!-- (3) Show only thumbnails -->
            <div class='item-thumbnail-only'>
              <b:if cond='data:post.thumbnail'>
                <div class='item-thumbnail'>
                  <a expr:href='data:post.href' target='_blank'>
                    <img alt='' border='0' expr:height='data:thumbnailSize' expr:src='data:post.thumbnail' expr:width='data:thumbnailSize'/>
                  </a>
                </div>
              </b:if>
              <div class='item-title'><a expr:href='data:post.href'><data:post.title/></a></div>
            </div>
            <div style='clear: both;'/>
          <b:else/>
            <!-- (4) Show snippets and thumbnails -->
            <div class='item-content'>
              <b:if cond='data:post.thumbnail'>
                <div class='item-thumbnail'>
                  <a expr:href='data:post.href' target='_blank'>
                    <img alt='' border='0' expr:height='data:thumbnailSize' expr:src='data:post.thumbnail' expr:width='data:thumbnailSize'/>
                  </a>
                </div>
              </b:if>
              <div class='item-title'><a expr:href='data:post.href'><data:post.title/></a></div>
              <div class='item-snippet'><data:post.snippet/></div>
            </div>
            <div style='clear: both;'/>
          </b:if>
        </b:if>
      </li>
      </b:loop>
    </ul>
    <b:include name='quickedit'/>
  </div>
</b:includable>
                       </b:widget>
                       <b:widget id='Label2' locked='false' title='We Write About This' type='Label'>
                         <b:includable id='main'>
  <b:if cond='data:title'>
    <h2><data:title/></h2>
  </b:if>
  <div expr:class='&quot;widget-content &quot; + data:display + &quot;-label-widget-content&quot;'>
    <b:if cond='data:display == &quot;list&quot;'>
      <ul>
      <b:loop values='data:labels' var='label'>
        <li>
          <b:if cond='data:blog.url == data:label.url'>
            <span expr:dir='data:blog.languageDirection'><data:label.name/></span>
          <b:else/>
            <a expr:dir='data:blog.languageDirection' expr:href='data:label.url'><data:label.name/></a>
          </b:if>
          <b:if cond='data:showFreqNumbers'>
            <span dir='ltr'>(<data:label.count/>)</span>
          </b:if>
        </li>
      </b:loop>
      </ul>
    <b:else/>
      <b:loop values='data:labels' var='label'>
        <span expr:class='&quot;label-size label-size-&quot; + data:label.cssSize'>
          <b:if cond='data:blog.url == data:label.url'>
            <span expr:dir='data:blog.languageDirection'><data:label.name/></span>
          <b:else/>
            <a expr:dir='data:blog.languageDirection' expr:href='data:label.url'><data:label.name/></a>
          </b:if>
          <b:if cond='data:showFreqNumbers'>
            <span class='label-count' dir='ltr'>(<data:label.count/>)</span>
          </b:if>
        </span>
      </b:loop>
    </b:if>
  </div>
</b:includable>
                       </b:widget>
                     </b:section>

                </div><!-- /sidebar-wrapper -->
<div class='clr'/>
            </div><!-- /ct-wrapper -->
            </div><!-- /outer-wrapper -->
  <div class='clr'/>
<div id='footer'>
    <div class='ct-wrapper'>
<b:section class='footer' id='footer1' preferred='yes'>
  <b:widget id='Text1' locked='false' title='About Us' type='Text'>
    <b:includable id='main'>
  <!-- only display title if it's non-empty -->
  <b:if cond='data:title != &quot;&quot;'>
    <h2 class='title'><data:title/></h2>
  </b:if>
  <div class='widget-content'>
    <data:content/>
  </div>

  <b:include name='quickedit'/>
</b:includable>
  </b:widget>
</b:section>

<b:section class='footer' id='footer2' preferred='yes'>
  <b:widget id='PlusFollowers1' locked='false' title='Google+ Followers' type='PlusFollowers'>
    <b:includable id='main'>
  <b:if cond='data:title != &quot;&quot;'>
    <h2 class='title'><data:title/></h2>
  </b:if>
  <div class='widget-content'>
    <b:if cond='data:profileUrl != &quot;&quot;'>
      <div class='g-plus' data-action='followers' data-source='blogger:blog:followers' expr:data-height='data:height' expr:data-href='data:profileUrl' expr:data-theme='data:theme' expr:data-width='data:width'/>
      <script type='text/javascript'>
        window.___gcfg = {&#39;lang&#39;: &#39;<data:language/>&#39;};
      </script>
    </b:if>
  </div>
</b:includable>
  </b:widget>
</b:section>

<b:section class='footer' id='footer3' preferred='yes'/>

<b:section class='footer' id='footer4' preferred='yes'>
  <b:widget id='FollowByEmail1' locked='false' title='Follow by Email' type='FollowByEmail'>
    <b:includable id='main'>
  <b:if cond='data:title != &quot;&quot;'><h2 class='title'><data:title/></h2></b:if>
  <div class='widget-content'>
    <div class='follow-by-email-inner'>
      <form action='http://feedburner.google.com/fb/a/mailverify' expr:onsubmit='&quot;window.open(\&quot;http://feedburner.google.com/fb/a/mailverify?uri=&quot; + data:feedPath + &quot;\&quot;, \&quot;popupwindow\&quot;, \&quot;scrollbars=yes,width=550,height=520\&quot;); return true&quot;' method='post' target='popupwindow'>
        <table width='100%'>
          <tr>
            <td>
              <input class='follow-by-email-address' name='email' placeholder='Email address...' type='text'/>
            </td>
            <td width='64px'>
              <input class='follow-by-email-submit' type='submit' value='Submit'/>
            </td>
          </tr>
        </table>
        <input expr:value='data:feedPath' name='uri' type='hidden'/>
        <input name='loc' type='hidden' value='en_US'/>
      </form>
    </div>
  </div>
  <span class='item-control blog-admin'>
    <b:include name='quickedit'/>
  </span>
</b:includable>
  </b:widget>
</b:section>

    <div class='clr'/>

            </div><!-- /ct-wrapper -->
</div><!-- footer -->

  <div class='footer-credits'>
    <div class='ct-wrapper'>
      <p style='float:left'>Copyright 2013 <a expr:href='data:blog.homepageUrl'><data:blog.title/></a></p><p style='float:right'>designed by <a id='mycontent' href='http://www.templatetrackers.com'>Template Trackers</a> | <a href='http://www.trackmyblog.com'>Trackmyblog</a> Published..<a href='http://gooyaabitemplates.com'>Blogger Templates</a> </p>
  
    </div><!-- /ct-wrapper -->
  </div><!-- footer-credits -->

<script type='text/javascript'>
  /*<![CDATA[*/
    var postperpage=5;
    var numshowpage=2;
    var upPageWord =' Prev';
    var downPageWord ='Next';
    var urlactivepage=location.href;
    var home_page="/";
  /*]]>*/
</script>
<script src='http://yourjavascript.com/00911305131/pagenavigation.txt.js' type='text/javascript'/>
<b:include data='blog' name='google-analytics'/>
</body>
</html>