<?xml version="1.0" encoding="UTF-8" ?>
<!DOCTYPE html>
<html expr:dir='data:blog.languageDirection' xmlns='http://www.w3.org/1999/xhtml' xmlns:b='http://www.google.com/2005/gml/b' xmlns:data='http://www.google.com/2005/gml/data' xmlns:expr='http://www.google.com/2005/gml/expr'>
  <head>
    <b:include data='blog' name='all-head-content'/>
    <title>
      <b:if cond='data:blog.homepageUrl == data:blog.url'>
        <data:blog.title/>
        <b:else/>
        <data:blog.pageName/>
        - 
        <data:blog.title/>
      </b:if>
    </title>
    <link href='http://fonts.googleapis.com/css?family=Fauna+One|Lato:300,700|Roboto' rel='stylesheet' type='text/css'/>
    <b:skin><![CDATA[
      
/*
-----------------------------------------------
Template Name  : WeblogT3
Author         : www.weblogtemplates.net
Author URL     : http://www.weblogtemplates.net/
Theme URL      : http://www.weblogtemplates.net/2014/02/weblogt3-under-construction-template.html
Created Date   : February 2014
License        : This template is free for both personal and commercial use, But to satisfy the 'attribution' clause of the license, you are required to keep the footer links intact which provides due credit to its authors.For more information about this license, please use this link :http://creativecommons.org/licenses/by/3.0/
----------------------------------------------- */
body#layout ul{list-style-type:none;list-style:none}
body#layout ul li{list-style-type:none;list-style:none}
body#layout #nbtbottomsec {display:none;}
html, body, div, span, applet, object, iframe, h1, h2, h3, h4, h5, h6, p, blockquote, pre, a, abbr, acronym, address, big, cite, code, del, dfn, em, font, img, ins, kbd, q, s, samp, small, strike, strong, sub, sup, tt, var,
b, u, i, center, dl, dt, dd, ol, ul, li, fieldset, form, label, legend { margin: 0; padding: 0; border: 0; outline: 0; font-size: 100%; vertical-align: baseline; background: transparent; }
body, .body-fauxcolumn-outer { line-height: 1; }
ol, ul { list-style: none; }
blockquote, q {	quotes: none; }
blockquote:before, blockquote:after,q:before, q:after { content: ''; content: none; }
:focus { outline: 0; }
ins { text-decoration: none; }
del { text-decoration: line-through; }
table { border-collapse: collapse; border-spacing: 0; }
*{font-family:Helvetica}
a,img{outline:none!important}
img {padding:0px; margin:0px; border:0px solid green;}
a {color:#2c3e50; text-decoration: none;} a:hover {color:#2c3e50; text-decoration:none;}
h1,h2,h3,h4,h5,h6{margin-top:0; text-align: left; font-weight:normal;color:#777777;}
h1 {font-size:22px;}
h2 {font-size:20px; }
h3{ font-size:18px; }
h4{ font-size:16px; }
h5{ font-size:14px;}
h6{ font-size:12px; }
.top-wrap{
background: url(http://3.bp.blogspot.com/--rFuZ3K5ALU/UwnrZ40_f7I/AAAAAAAAAVU/ZAx0HF4yD6A/s1600/stripes.png) repeat-x;
background-size: 100% 7px;
height: 7px;
position: relative;
z-index: 3;
}
/*--------- body section ---------*/
body, .body-fauxcolumn-outer { font-size:14px; font-family:Lato,sans-serif; color:#414141; font-weight:normal; text-align:left; line-height:14px; cursor:default; background:#fff; }
/*---------- Countdown ---------*/
.hiddendiv{display:none;}
#tag-line-main{
color: #fff;
font-size: 22px;
font-family: Lato,sans-serif;
font-weight: bold;
line-height: 27px;
text-align: center;
background: #34495e;
padding: 30px 0;
float: left;
width: 100%;
}
.countdown_row {
display: block;
}
.countdown_section {
border-left: 1px solid #dadada;
border-color: rgba(218,218,218,0.8);
color: #fff;
display: inline-block;
font-size: 12px;
letter-spacing: 1px;
padding: 42px 12px 28px;
text-align: center;
text-transform: uppercase;
width: 25%;
-webkit-box-sizing:	border-box;
-moz-box-sizing:	border-box;
box-sizing:			border-box;
}
.countdown_section:first-child {	
border-left: 0;
}
.countdown_amount {
color: #fff;
display: block;
font-family: 'Roboto', serif;
font-size: 60px;
font-weight: 700;
letter-spacing: normal;
line-height: 1;
}
/*--------- container ---------*/
.container {
width:961px; 
margin:0px auto 0 auto; 
text-align:left; 
}
/*--------- header ---------*/
#header-wrapper {
width: 100%;
float: left;
color: #2c3e50;
background: #fff;
}
#logo {
margin: 100px 0 45px 0;
width: 100%;
text-align: center;
display: block;
}
#logo a{
font-size: 48px;
line-height: 62px;
font-family: 'Fauna One',serif;
padding: 5px;
}
#logo a:hover{
font-size: 42px;
}
.tag-line{
font-family:Lato,sans-serif;
font-weight:bold;
font-size:27px;
width:800px;
text-align:center;
padding:10px;
margin:17px auto 30px auto;
}
/*--------- main wrapper ---------*/
#main-wrapper {
width:100%; 
height:220px; 
margin:0 auto 0 auto; 
background:#2c3e50; 
background-repeat:repeat;
float:left;
}
/*--- counter start div ---*/
#counter-show {float:left; margin:30px 0px 50px 0px;	width:973px;text-align:center; }
/*-- buttons ---*/
.btn {
display: inline-block;
margin-bottom: 0;
font-weight: normal;
text-align: center;
vertical-align: middle;
cursor: pointer;
background-image: none;
border: 1px solid transparent;
white-space: nowrap;
padding: 10px 40px;
font-size: 14px;
line-height: 1.42857143;
-webkit-user-select: none;
-moz-user-select: none;
-ms-user-select: none;
user-select: none;
}
.btn {
border-width: 1px 4px 4px 1px;
font-size: 12px;
font-weight: bold;
text-transform: uppercase;
margin-top: 16px;
}
.btn:focus,
.btn:active:focus,
.btn.active:focus {
outline: thin dotted;
outline: 5px auto -webkit-focus-ring-color;
outline-offset: -2px;
}
.btn:hover,
.btn:focus {
color: #555555;
text-decoration: none;
}
.btn:active,
.btn.active {
outline: 0;
background-image: none;
-webkit-box-shadow: inset 0 3px 5px rgba(0, 0, 0, 0.125);
box-shadow: inset 0 3px 5px rgba(0, 0, 0, 0.125);
}
.btn.disabled,
.btn[disabled],
fieldset[disabled] .btn {
cursor: not-allowed;
pointer-events: none;
opacity: 0.65;
filter: alpha(opacity=65);
-webkit-box-shadow: none;
box-shadow: none;
}
.btn-danger {
color: #ffffff;
background-color: #ff4136;
width: 200px;
}
.btn-danger:hover,
.btn-danger:focus,
.btn-danger:active,
.btn-danger.active,
.open .dropdown-toggle.btn-danger {
color: #ffffff;
background-color: #ff1a0d;
}
.btn-danger:active,
.btn-danger.active,
.open .dropdown-toggle.btn-danger {
background-image: none;
}
.btn-danger.disabled,
.btn-danger[disabled],
fieldset[disabled] .btn-danger,
.btn-danger.disabled:hover,
.btn-danger[disabled]:hover,
fieldset[disabled] .btn-danger:hover,
.btn-danger.disabled:focus,
.btn-danger[disabled]:focus,
fieldset[disabled] .btn-danger:focus,
.btn-danger.disabled:active,
.btn-danger[disabled]:active,
fieldset[disabled] .btn-danger:active,
.btn-danger.disabled.active,
.btn-danger[disabled].active,
fieldset[disabled] .btn-danger.active {
background-color: #ff4136;
border-color: #ff291c;
}
/*--------- Footer ---------*/
.row{
text-align:center;
}
#footer {
margin:0px 0px 0px 0px;text-align:center;
background:#fff;
clear:both;
width:100%;
float:left;
font-family:Lato,sans-serif;
}
.input-email{
border: 2px solid #bdc3c7;
color: #34495e;
font-family: "Lato", Helvetica, Arial, sans-serif;
font-size: 15px;
line-height: 1.467;
padding: 8px 12px;
height: 25px;
-webkit-appearance: none;
-webkit-box-shadow: none;
box-shadow: none;
-webkit-transition: border .25s linear, color .25s linear, background-color .25s linear;
transition: border .25s linear, color .25s linear, background-color .25s linear;
width: 409px;
}
.input-email:focus {
border-color: #1abc9c;
outline: 0;
-webkit-box-shadow: none;
box-shadow: none;
}
p.lead {
font-size: 24px;
line-height: 48px;
margin: 0 0 12px 0;
padding: 0;
text-align: center;
margin-top: 45px;
font-family: Lato,sans-serif;
}
#footer_wrap{ margin:0px 0px 0px 0px; padding:0 0 0 0px!important;float:left;width:980px;width:980px\0/;}
.footer_box {float:left;color:#fff; margin:1px 30px 25px 8px; padding:0px 0px 0px 0px!important;width:207px; }
.footer_box ul {margin:0px 0px 25px 0px; width:206px;}
/*--------- copyright ---------*/
#copyright {
text-align: left;
margin: 0 auto 0 auto;
background: #ddd;
clear: both;
width: 100%;
float: left;
height: 32px;
padding: 20px 0;
margin-top: 20px;
border-top: 2px solid #2c3e50;
}
#newsletter{height:250px;}
#copyright-wrap {width:961px;margin:0 auto;text-align:center;font-family:Lato,sans-serif;color:#222;}
#copyright a{color: #2980b9;
font-family: Lato,sans-serif;
line-height: 21px;}
#copyright a:hover{
color: #2980b9;
text-decoration:underline;
}
.follow-btn{padding: 0;
list-style: none;
position: relative;
z-index: 3;}
.follow-btn li {
display: inline-block;
}
.follow-btn a{
color: #2c3e50;
display: block;
float: left;
font-size: 24px;
padding: 10px;
transition: .3s;
outline: none!important;
text-decoration: none;
border: 1px solid #ddd;
}
.follow-btn a:hover{
background: #2c3e50;
color: #fff;
}

    ]]></b:skin>
    <link href='https://googledrive.com/host/0B-q98zgBI3jZNVc4MzhtemRjVDQ/css/font-awesome.min.css' media='screen' rel='stylesheet'/>
    <script src='https://ajax.googleapis.com/ajax/libs/jquery/1.9.1/jquery.min.js' type='text/javascript'/>
    <script src='https://googledrive.com/host/0B-q98zgBI3jZVENMUnhtZEFLRHc/jquery.countdown.js' type='text/javascript'/>
    <script type='text/javascript'>
      //<![CDATA[
      $(document).ready(function () {
        var launchDay = new Date(2016, 2-1, 24);
        $('#defaultCountdown').countdown({
          until: launchDay
        });
        $('.show').fadeIn(600);	
      });
      //]]>
    </script>
  </head>
  <body>
    <b:section class='navbar' id='navbar' maxwidgets='1' showaddelement='no'>
      <b:widget id='Navbar1' locked='true' title='Navbar' type='Navbar'>
        <b:includable id='main'>&lt;script type=&quot;text/javascript&quot;&gt;
    function setAttributeOnload(object, attribute, val) {
      if(window.addEventListener) {
        window.addEventListener(&#39;load&#39;,
          function(){ object[attribute] = val; }, false);
      } else {
        window.attachEvent(&#39;onload&#39;, function(){ object[attribute] = val; });
      }
    }
  &lt;/script&gt;
&lt;div id=&quot;navbar-iframe-container&quot;&gt;&lt;/div&gt;
&lt;script type=&quot;text/javascript&quot; src=&quot;https://apis.google.com/js/plusone.js&quot;&gt;&lt;/script&gt;
&lt;script type=&quot;text/javascript&quot;&gt;
        gapi.load(&quot;gapi.iframes:gapi.iframes.style.bubble&quot;, function() {
          if (gapi.iframes &amp;&amp; gapi.iframes.getContext) {
            gapi.iframes.getContext().openChild({
                url: &#39;https://www.blogger.com/navbar.g?targetBlogID\0755223588983587103749\46blogName\75Under+Construction+Blogger+Template\46publishMode\75PUBLISH_MODE_BLOGSPOT\46navbarType\75LIGHT\46layoutType\75LAYOUTS\46searchRoot\75http://ucbloggertemplate.blogspot.com/search\46blogLocale\75en\46v\0752\46homepageUrl\75http://ucbloggertemplate.blogspot.com/\46vt\75-8876300060423706597&#39;,
                where: document.getElementById(&quot;navbar-iframe-container&quot;),
                id: &quot;navbar-iframe&quot;
            });
          }
        });
      &lt;/script&gt;&lt;script type=&quot;text/javascript&quot;&gt;
(function() {
var script = document.createElement(&#39;script&#39;);
script.type = &#39;text/javascript&#39;;
script.src = &#39;//pagead2.googlesyndication.com/pagead/js/google_top_exp.js&#39;;
var head = document.getElementsByTagName(&#39;head&#39;)[0];
if (head) {
head.appendChild(script);
}})();
&lt;/script&gt;
</b:includable>
      </b:widget>
    </b:section>
    <div class='top-wrap'>
    </div>
    <div id='header-wrapper'>
      <div class='show' id='header'>
        <div id='logo'>
          <a expr:href='data:blog.homepageUrl'>
            W
          </a>
        </div>
        <div class='tag-line'>
          We&#39;ll be live pretty soon
        </div>
      </div>
    </div>
    <div id='tag-line-main'>
      Our amazing new site will launch in
    </div>
    <div id='main-wrapper'>
      <div id='wrapper'>
        <div class='container'>
          <div class='show' id='counter-show'>
            <span class='count1 count2' id='defaultCountdown'/>
          </div>
        </div>
      </div>
    </div>
    <div class='hiddendiv'>
      <b:section class='main' id='main' showaddelement='no'>
        <b:widget id='Blog1' locked='true' title='Blog Posts' type='Blog'>
          <b:includable id='main' var='top'>
            <b:if cond='data:mobile == &quot;false&quot;'>
              <b:include data='top' name='status-message'/>
              <b:if cond='data:blog.pageType == &quot;index&quot;'>
                &lt;div id=&#39;list-main&#39;&gt;
              </b:if>
              <data:defaultAdStart/>
              <b:loop values='data:posts' var='post'>
                <b:include data='post' name='post'/>
                <b:if cond='data:blog.pageType != &quot;index&quot;'>
                  <b:if cond='data:post.showThreadedComments'>
                    <b:include data='post' name='threaded_comments'/>
                    <b:else/>
                    <b:include data='post' name='comments'/>
                  </b:if>
                </b:if>
                <b:if cond='data:post.includeAd'>
                  <b:if cond='data:post.isFirstPost'>
                    <data:defaultAdEnd/>
                    <b:else/>
                    <data:adEnd/>
                  </b:if>
                  <div class='inline-ad'>
                    <data:adCode/>
                  </div>
                  <data:adStart/>
                </b:if>
              </b:loop>
              <data:adEnd/>
              <b:if cond='data:blog.pageType == &quot;index&quot;'>
                &lt;/div&gt;
              </b:if>
              <!-- navigation -->
              <b:if cond='data:blog.pageType != &quot;item&quot;'>
                <b:include name='nextprev'/>
              </b:if>
              <!-- feed links -->
              <b:include name='feedLinks'/>
              <b:if cond='data:top.showStars'>
                <script src='//www.google.com/jsapi' type='text/javascript'/>
                <script type='text/javascript'>
                  google.load(&quot;annotations&quot;, &quot;1&quot;, {&quot;locale&quot;: &quot;<data:top.languageCode/>&quot;});
                  function initialize() {
                    google.annotations.setApplicationId(<data:top.blogspotReviews/>);
                    google.annotations.createAll();
                    google.annotations.fetch();
                  }
                  google.setOnLoadCallback(initialize);
                </script>
              </b:if>
              <b:else/>
              <b:include name='mobile-main'/>
            </b:if>
            <b:if cond='data:top.showDummy'>
              <data:top.dummyBootstrap/>
            </b:if>
          </b:includable>
          <b:includable id='backlinkDeleteIcon' var='backlink'>
            <span expr:class='&quot;item-control &quot; + data:backlink.adminClass'>
              <a expr:href='data:backlink.deleteUrl' expr:title='data:top.deleteBacklinkMsg'>
                <img src='//www.blogger.com/img/icon_delete13.gif'/>
              </a>
            </span>
          </b:includable>
          <b:includable id='backlinks' var='post'>
            <a name='links'/>
            <h4>
              <data:post.backlinksLabel/>
            </h4>
            <b:if cond='data:post.numBacklinks != 0'>
              <dl class='comments-block' id='comments-block'>
                <b:loop values='data:post.backlinks' var='backlink'>
                  <div class='collapsed-backlink backlink-control'>
                    <dt class='comment-title'>
                      <span class='backlink-toggle-zippy'>
                        &#160;
                      </span>
                      <a expr:href='data:backlink.url' rel='nofollow'>
                        <data:backlink.title/>
                      </a>
                      <b:include data='backlink' name='backlinkDeleteIcon'/>
                    </dt>
                    <dd class='comment-body collapseable'>
                      <data:backlink.snippet/>
                    </dd>
                    <dd class='comment-footer collapseable'>
                      <span class='comment-author'>
                        <data:post.authorLabel/>
                        <data:backlink.author/>
                      </span>
                      <span class='comment-timestamp'>
                        <data:post.timestampLabel/>
                        <data:backlink.timestamp/>
                      </span>
                    </dd>
                  </div>
                </b:loop>
              </dl>
            </b:if>
            <p class='comment-footer'>
              <a class='comment-link' expr:href='data:post.createLinkUrl' expr:id='data:widget.instanceId + &quot;_backlinks-create-link&quot;' target='_blank'>
                <data:post.createLinkLabel/>
              </a>
            </p>
          </b:includable>
          <b:includable id='comment-form' var='post'>
            <div class='comment-form'>
              <a name='comment-form'/>
              <b:if cond='data:mobile'>
                <h4 id='comment-post-message'>
                  <a expr:id='data:widget.instanceId + &quot;_comment-editor-toggle-link&quot;' href='javascript:void(0)'>
                    <data:postCommentMsg/>
                  </a>
                </h4>
                <p>
                  <data:blogCommentMessage/>
                </p>
                <data:blogTeamBlogMessage/>
                <a expr:href='data:post.commentFormIframeSrc' id='comment-editor-src'/>
                <iframe allowtransparency='true' class='blogger-iframe-colorize blogger-comment-from-post' frameborder='0' height='410' id='comment-editor' name='comment-editor' src='' style='display: none' width='100%'/>
                <b:else/>
                <h4 id='comment-post-message'>
                  <data:postCommentMsg/>
                </h4>
                <p>
                  <data:blogCommentMessage/>
                </p>
                <data:blogTeamBlogMessage/>
                <a expr:href='data:post.commentFormIframeSrc' id='comment-editor-src'/>
                <iframe allowtransparency='true' class='blogger-iframe-colorize blogger-comment-from-post' frameborder='0' height='410' id='comment-editor' name='comment-editor' src='' width='100%'/>
              </b:if>
              <data:post.friendConnectJs/>
              <data:post.cmtfpIframe/>
              <script type='text/javascript'>
                BLOG_CMT_createIframe(&#39;<data:post.appRpcRelayPath/>&#39;, &#39;<data:post.communityId/>&#39;);
              </script>
            </div>
          </b:includable>
          <b:includable id='commentDeleteIcon' var='comment'>
            <span expr:class='&quot;item-control &quot; + data:comment.adminClass'>
              <b:if cond='data:showCmtPopup'>
                <div class='goog-toggle-button'>
                  <div class='goog-inline-block comment-action-icon'/>
                </div>
                <b:else/>
                <a class='comment-delete' expr:href='data:comment.deleteUrl' expr:title='data:top.deleteCommentMsg'>
                  <img src='//www.blogger.com/img/icon_delete13.gif'/>
                </a>
              </b:if>
            </span>
          </b:includable>
          <b:includable id='comment_count_picker' var='post'>
            <b:if cond='data:post.forceIframeComments'>
              <span class='cmt_count_iframe_holder' expr:data-count='data:post.numComments' expr:data-onclick='data:post.addCommentOnclick' expr:data-url='data:post.canonicalUrl'>
              </span>
              <b:else/>
              <b:if cond='data:post.commentSource == 1'>
                <span class='cmt_count_iframe_holder' expr:data-count='data:post.numComments' expr:data-onclick='data:post.addCommentOnclick' expr:data-url='data:post.canonicalUrl'>
                </span>
                <b:else/>
                <a class='comment-link' expr:href='data:post.addCommentUrl' expr:onclick='data:post.addCommentOnclick'>
                  <data:post.commentLabelFull/>
                </a>
              </b:if>
            </b:if>
          </b:includable>
          <b:includable id='comment_picker' var='post'>
            <b:if cond='data:post.commentSource == 1'>
              <b:include data='post' name='iframe_comments'/>
              <b:else/>
              <b:if cond='data:post.showThreadedComments'>
                <b:include data='post' name='threaded_comments'/>
                <b:else/>
                <b:include data='post' name='comments'/>
              </b:if>
            </b:if>
          </b:includable>
          <b:includable id='comments' var='post'>
            <div class='comments' id='comments'>
              <a name='comments'/>
              <b:if cond='data:post.allowComments'>
                <h4>
                  <data:post.commentLabelFull/>
                  :
                </h4>
                <b:if cond='data:post.commentPagingRequired'>
                  <span class='paging-control-container'>
                    <b:if cond='data:post.hasOlderLinks'>
                      <a expr:class='data:post.oldLinkClass' expr:href='data:post.oldestLinkUrl'>
                        <data:post.oldestLinkText/>
                      </a>
                      &#160;
                      <a expr:class='data:post.oldLinkClass' expr:href='data:post.olderLinkUrl'>
                        <data:post.olderLinkText/>
                      </a>
                      &#160;
                    </b:if>
                    <data:post.commentRangeText/>
                    <b:if cond='data:post.hasNewerLinks'>
                      &#160;
                      <a expr:class='data:post.newLinkClass' expr:href='data:post.newerLinkUrl'>
                        <data:post.newerLinkText/>
                      </a>
                      &#160;
                      <a expr:class='data:post.newLinkClass' expr:href='data:post.newestLinkUrl'>
                        <data:post.newestLinkText/>
                      </a>
                    </b:if>
                  </span>
                </b:if>
                <div expr:id='data:widget.instanceId + &quot;_comments-block-wrapper&quot;'>
                  <dl expr:class='data:post.avatarIndentClass' id='comments-block'>
                    <b:loop values='data:post.comments' var='comment'>
                      <dt expr:class='&quot;comment-author &quot; + data:comment.authorClass' expr:id='data:comment.anchorName'>
                        <b:if cond='data:comment.favicon'>
                          <img expr:src='data:comment.favicon' height='16px' style='margin-bottom:-2px;' width='16px'/>
                        </b:if>
                        <a expr:name='data:comment.anchorName'/>
                        <b:if cond='data:blog.enabledCommentProfileImages'>
                          <data:comment.authorAvatarImage/>
                        </b:if>
                        <b:if cond='data:comment.authorUrl'>
                          <a expr:href='data:comment.authorUrl' rel='nofollow'>
                            <data:comment.author/>
                          </a>
                          <b:else/>
                          <data:comment.author/>
                        </b:if>
                        <data:commentPostedByMsg/>
                      </dt>
                      <dd class='comment-body' expr:id='data:widget.instanceId + data:comment.cmtBodyIdPostfix'>
                        <b:if cond='data:comment.isDeleted'>
                          <span class='deleted-comment'>
                            <data:comment.body/>
                          </span>
                          <b:else/>
                          <p>
                            <data:comment.body/>
                          </p>
                        </b:if>
                      </dd>
                      <dd class='comment-footer'>
                        <span class='comment-timestamp'>
                          <a expr:href='data:comment.url' title='comment permalink'>
                            <data:comment.timestamp/>
                          </a>
                          <b:include data='comment' name='commentDeleteIcon'/>
                        </span>
                      </dd>
                    </b:loop>
                  </dl>
                </div>
                <b:if cond='data:post.commentPagingRequired'>
                  <span class='paging-control-container'>
                    <a expr:class='data:post.oldLinkClass' expr:href='data:post.oldestLinkUrl'>
                      <data:post.oldestLinkText/>
                    </a>
                    <a expr:class='data:post.oldLinkClass' expr:href='data:post.olderLinkUrl'>
                      <data:post.olderLinkText/>
                    </a>
                    &#160;
                    <data:post.commentRangeText/>
                    &#160;
                    <a expr:class='data:post.newLinkClass' expr:href='data:post.newerLinkUrl'>
                      <data:post.newerLinkText/>
                    </a>
                    <a expr:class='data:post.newLinkClass' expr:href='data:post.newestLinkUrl'>
                      <data:post.newestLinkText/>
                    </a>
                  </span>
                </b:if>
                <p class='comment-footer'>
                  <b:if cond='data:post.embedCommentForm'>
                    <b:if cond='data:post.allowNewComments'>
                      <b:include data='post' name='comment-form'/>
                      <b:else/>
                      <data:post.noNewCommentsText/>
                    </b:if>
                    <b:else/>
                    <b:if cond='data:post.allowComments'>
                      <a expr:href='data:post.addCommentUrl' expr:onclick='data:post.addCommentOnclick'>
                        <data:postCommentMsg/>
                      </a>
                    </b:if>
                  </b:if>
                </p>
              </b:if>
              <b:if cond='data:showCmtPopup'>
                <div id='comment-popup'>
                  <iframe allowtransparency='true' frameborder='0' id='comment-actions' name='comment-actions' scrolling='no'>
                  </iframe>
                </div>
              </b:if>
              <div id='backlinks-container'>
                <div expr:id='data:widget.instanceId + &quot;_backlinks-container&quot;'>
                  <b:if cond='data:post.showBacklinks'>
                    <b:include data='post' name='backlinks'/>
                  </b:if>
                </div>
              </div>
            </div>
          </b:includable>
          <b:includable id='feedLinks'>
            <b:if cond='data:blog.pageType != &quot;item&quot;'>
              <!-- Blog feed links -->
              <b:if cond='data:feedLinks'>
                <div class='blog-feeds'>
                  <b:include data='feedLinks' name='feedLinksBody'/>
                </div>
              </b:if>
              <b:else/>
              <!--Post feed links -->
              <div class='post-feeds'>
                <b:loop values='data:posts' var='post'>
                  <b:if cond='data:post.allowComments'>
                    <b:if cond='data:post.feedLinks'>
                      <b:include data='post.feedLinks' name='feedLinksBody'/>
                    </b:if>
                  </b:if>
                </b:loop>
              </div>
            </b:if>
          </b:includable>
          <b:includable id='feedLinksBody' var='links'>
            <div class='feed-links'>
              <data:feedLinksMsg/>
              <b:loop values='data:links' var='f'>
                <a class='feed-link' expr:href='data:f.url' expr:type='data:f.mimeType' target='_blank'>
                  <data:f.name/>
                  (
                  <data:f.feedType/>
                  )
                </a>
              </b:loop>
            </div>
          </b:includable>
          <b:includable id='iframe_comments' var='post'>
            <b:if cond='data:post.allowIframeComments'>
              <script expr:src='data:post.iframeCommentSrc' type='text/javascript'/>
              <div class='cmt_iframe_holder' expr:data-href='data:post.canonicalUrl' expr:data-viewtype='data:post.viewType'/>
              <b:if cond='data:post.embedCommentForm == &quot;false&quot;'>
                <a expr:href='data:post.addCommentUrl' expr:onclick='data:post.addCommentOnclick'>
                  <data:postCommentMsg/>
                </a>
              </b:if>
            </b:if>
          </b:includable>
          <b:includable id='mobile-index-post' var='post'>
            <div class='mobile-date-outer date-outer'>
              <b:if cond='data:post.dateHeader'>
                <div class='date-header'>
                  <span>
                    <data:post.dateHeader/>
                  </span>
                </div>
              </b:if>
              <div class='mobile-post-outer'>
                <a expr:href='data:post.url'>
                  <h3 class='mobile-index-title entry-title' itemprop='name'>
                    <data:post.title/>
                  </h3>
                  <div class='mobile-index-arrow'>
                    &amp;rsaquo;
                  </div>
                  <div class='mobile-index-contents'>
                    <b:if cond='data:post.thumbnailUrl'>
                      <div class='mobile-index-thumbnail'>
                        <div class='Image'>
                          <img expr:src='data:post.thumbnailUrl'/>
                        </div>
                      </div>
                    </b:if>
                    <div class='post-body'>
                      <b:if cond='data:post.snippet'>
                        <data:post.snippet/>
                      </b:if>
                    </div>
                  </div>
                  <div style='clear: both;'/>
                </a>
                <div class='mobile-index-comment'>
                  <b:if cond='data:blog.pageType != &quot;static_page&quot;'>
                    <b:if cond='data:post.allowComments'>
                      <b:if cond='data:post.numComments != 0'>
                        <b:include data='post' name='comment_count_picker'/>
                      </b:if>
                    </b:if>
                  </b:if>
                </div>
              </div>
            </div>
          </b:includable>
          <b:includable id='mobile-main' var='top'>
            <!-- posts -->
            <div class='blog-posts hfeed'>
              <b:include data='top' name='status-message'/>
              <b:if cond='data:blog.pageType == &quot;index&quot;'>
                <b:loop values='data:posts' var='post'>
                  <b:include data='post' name='mobile-index-post'/>
                </b:loop>
                <b:else/>
                <b:loop values='data:posts' var='post'>
                  <b:include data='post' name='mobile-post'/>
                </b:loop>
              </b:if>
            </div>
            <b:include name='mobile-nextprev'/>
          </b:includable>
          <b:includable id='mobile-nextprev'>
            <div class='blog-pager' id='blog-pager'>
              <b:if cond='data:newerPageUrl'>
                <div class='mobile-link-button' id='blog-pager-newer-link'>
                  <a class='blog-pager-newer-link' expr:href='data:newerPageUrl' expr:id='data:widget.instanceId + &quot;_blog-pager-newer-link&quot;' expr:title='data:newerPageTitle'>
                    &amp;lsaquo;
                  </a>
                </div>
              </b:if>
              <b:if cond='data:olderPageUrl'>
                <div class='mobile-link-button' id='blog-pager-older-link'>
                  <a class='blog-pager-older-link' expr:href='data:olderPageUrl' expr:id='data:widget.instanceId + &quot;_blog-pager-older-link&quot;' expr:title='data:olderPageTitle'>
                    &amp;rsaquo;
                  </a>
                </div>
              </b:if>
              <div class='mobile-link-button' id='blog-pager-home-link'>
                <a class='home-link' expr:href='data:blog.homepageUrl'>
                  <data:homeMsg/>
                </a>
              </div>
              <div class='mobile-desktop-link'>
                <a class='home-link' expr:href='data:desktopLinkUrl'>
                  <data:desktopLinkMsg/>
                </a>
              </div>
            </div>
            <div class='clear'/>
          </b:includable>
          <b:includable id='mobile-post' var='post'>
            <div class='date-outer'>
              <b:if cond='data:post.dateHeader'>
                <h3 class='date-header'>
                  <span>
                    <data:post.dateHeader/>
                  </span>
                </h3>
              </b:if>
              <div class='date-posts'>
                <div class='post-outer'>
                  <div class='post hentry uncustomized-post-template' itemscope='itemscope' itemtype='http://schema.org/BlogPosting'>
                    <b:if cond='data:post.thumbnailUrl'>
                      <meta expr:content='data:post.thumbnailUrl' itemprop='image_url'/>
                    </b:if>
                    <meta expr:content='data:blog.blogId' itemprop='blogId'/>
                    <meta expr:content='data:post.id' itemprop='postId'/>
                    <a expr:name='data:post.id'/>
                    <b:if cond='data:post.title'>
                      <h3 class='post-title entry-title' itemprop='name'>
                        <b:if cond='data:post.link'>
                          <a expr:href='data:post.link'>
                            <data:post.title/>
                          </a>
                          <b:else/>
                          <b:if cond='data:post.url'>
                            <b:if cond='data:blog.url != data:post.url'>
                              <a expr:href='data:post.url'>
                                <data:post.title/>
                              </a>
                              <b:else/>
                              <data:post.title/>
                            </b:if>
                            <b:else/>
                            <data:post.title/>
                          </b:if>
                        </b:if>
                      </h3>
                    </b:if>
                    <div class='post-header'>
                      <div class='post-header-line-1'/>
                      <span class='post-comment-link'>
                        <b:if cond='data:blog.pageType != &quot;item&quot;'>
                          <b:if cond='data:blog.pageType != &quot;static_page&quot;'>
                            <b:if cond='data:post.allowComments'>
                              <b:include data='post' name='comment_count_picker'/>
                            </b:if>
                          </b:if>
                        </b:if>
                      </span>
                      <span class='post-author vcard'>
                        <b:if cond='data:top.showAuthor'>
                          <data:top.authorLabel/>
                          <span class='fn'>
                            <data:post.author/>
                          </span>
                        </b:if>
                      </span>
                      <span class='post-timestamp'>
                        <b:if cond='data:top.showTimestamp'>
                          <data:top.timestampLabel/>
                          <b:if cond='data:post.url'>
                            <a class='timestamp-link' expr:href='data:post.url' rel='bookmark' title='permanent link'>
                              <abbr class='published' expr:title='data:post.timestampISO8601'>
                                <data:post.timestamp/>
                              </abbr>
                            </a>
                          </b:if>
                        </b:if>
                      </span>
                      <span class='post-labels'>
                        <b:if cond='data:post.labels'>
                          <data:postLabelsLabel/>
                          <b:loop values='data:post.labels' var='label'>
                            <a class='label label-default' expr:href='data:label.url' rel='tag'>
                              <data:label.name/>
                            </a>
                            <b:if cond='data:label.isLast != &quot;true&quot;'>
                              ,
                            </b:if>
                          </b:loop>
                        </b:if>
                      </span>
                    </div>
                    <div class='post-body entry-content' expr:id='&quot;post-body-&quot; + data:post.id' itemprop='articleBody'>
                      <data:post.body/>
                      <div style='clear: both;'/>
                      <!-- clear for photos floats -->
                    </div>
                    <div class='post-footer'>
                      <div class='post-footer-line post-footer-line-1'>
                      </div>
                      <div class='post-footer-line post-footer-line-2'>
                        <b:if cond='data:top.showMobileShare'>
                          <div class='mobile-link-button goog-inline-block' id='mobile-share-button'>
                            <a href='javascript:void(0);'>
                              <data:shareMsg/>
                            </a>
                          </div>
                        </b:if>
                        <b:if cond='data:top.showDummy'>
                          <div class='goog-inline-block dummy-container'>
                            <data:post.dummyTag/>
                          </div>
                        </b:if>
                      </div>
                    </div>
                  </div>
                  <b:if cond='data:blog.pageType == &quot;static_page&quot;'>
                    <b:include data='post' name='comment_picker'/>
                  </b:if>
                  <b:if cond='data:blog.pageType == &quot;item&quot;'>
                    <b:include data='post' name='comment_picker'/>
                  </b:if>
                </div>
              </div>
            </div>
          </b:includable>
          <b:includable id='nextprev'>
            <div class='col-xs-12 col-sm-12 col-md-12 col-lg-12'>
              <div class='row'>
                <div class='blog-pager' id='blog-pager'>
                  <b:if cond='data:newerPageUrl'>
                    <span id='blog-pager-newer-link'>
                      <a class='blog-pager-newer-link btn btn-danger' expr:href='data:newerPageUrl' expr:id='data:widget.instanceId + &quot;_blog-pager-newer-link&quot;' expr:title='data:newerPageTitle'>
                        <data:newerPageTitle/>
                      </a>
                    </span>
                  </b:if>
                  <b:if cond='data:olderPageUrl'>
                    <span id='blog-pager-older-link'>
                      <a class='blog-pager-older-link btn btn-danger' expr:href='data:olderPageUrl' expr:id='data:widget.instanceId + &quot;_blog-pager-older-link&quot;' expr:title='data:olderPageTitle'>
                        <data:olderPageTitle/>
                      </a>
                    </span>
                  </b:if>
                  <b:if cond='data:blog.pageType != &quot;item&quot;'>
                    <a class='home-link btn btn-danger' expr:href='data:blog.homepageUrl'>
                      <data:homeMsg/>
                    </a>
                  </b:if>
                  <b:if cond='data:mobileLinkUrl'>
                    <div class='blog-mobile-link'>
                      <a expr:href='data:mobileLinkUrl'>
                        <data:mobileLinkMsg/>
                      </a>
                    </div>
                  </b:if>
                </div>
              </div>
            </div>
            <div class='clear'/>
          </b:includable>
          <b:includable id='post' var='post'>
            <b:if cond='data:blog.pageType == &quot;index&quot;'>
              <h2 class='jqmaintitle'>
                <b:if cond='data:post.link'>
                  <a expr:href='data:post.link' expr:title='data:post.title'>
                    <data:post.title/>
                  </a>
                  <b:else/>
                  <b:if cond='data:post.url'>
                    <a expr:href='data:post.url' expr:title='data:post.title'>
                      <data:post.title/>
                    </a>
                    <b:else/>
                    <data:post.title/>
                  </b:if>
                </b:if>
              </h2>
              <div class='post-header-home'>
                <span class='post-author vcard'>
                  <b:if cond='data:top.showAuthor'>
                    <i class='fa fa-user'/>
                    <span class='fn'>
                      <data:post.author/>
                    </span>
                  </b:if>
                </span>
                <span class='post-timestamp'>
                  <b:if cond='data:top.showTimestamp'>
                    <i class='fa fa-clock-o'/>
                    <b:if cond='data:post.url'>
                      <abbr class='published' expr:title='data:post.timestampISO8601'>
                        <data:post.timestamp/>
                      </abbr>
                    </b:if>
                  </b:if>
                </span>
                <span class='post-labels'>
                  <b:if cond='data:post.labels'>
                    <i class='fa fa-tags'/>
                    <b:loop values='data:post.labels' var='label'>
                      <a expr:href='data:label.url' rel='tag'>
                        <data:label.name/>
                      </a>
                      <b:if cond='data:label.isLast != &quot;true&quot;'>
                        ,
                      </b:if>
                    </b:loop>
                  </b:if>
                </span>
              </div>
              <div class='homapge-thumb'>
                <div class='post hentry' itemprop='blogPost' itemscope='itemscope' itemtype='http://schema.org/BlogPosting'>
                  <b:if cond='data:post.firstImageUrl'>
                    <meta expr:content='data:post.firstImageUrl' itemprop='image_url'/>
                  </b:if>
                  <meta expr:content='data:blog.blogId' itemprop='blogId'/>
                  <meta expr:content='data:post.id' itemprop='postId'/>
                  <b:if cond='data:post.title'>
                  </b:if>
                  <div expr:id='&quot;summary&quot; + data:post.id'>
                    <data:post.body/>
                  </div>
                  <script type='text/javascript'>
                    createSummaryAndThumb(&quot;summary<data:post.id/>&quot;,&quot;<data:post.url/>&quot;);
                  </script>
                  <div style='clear: both;'/>
                  <div style='clear: both;'/>
                  <span class='rmlink'>
                    <a expr:href='data:post.url'>
                      Read More
                    </a>
                  </span>
                </div>
              </div>
              <b:else/>
              <div class='post-outer'>
                <div class='post hentry' itemprop='blogPost' itemscope='itemscope' itemtype='http://schema.org/BlogPosting'>
                  <b:if cond='data:post.firstImageUrl'>
                    <meta expr:content='data:post.firstImageUrl' itemprop='image_url'/>
                  </b:if>
                  <meta expr:content='data:blog.blogId' itemprop='blogId'/>
                  <meta expr:content='data:post.id' itemprop='postId'/>
                  <a expr:name='data:post.id'/>
                  <b:if cond='data:post.title'>
                    <b:if cond='data:post.link'>
                      <a expr:href='data:post.link'>
                        <data:post.title/>
                      </a>
                      <b:else/>
                      <b:if cond='data:post.url'>
                        <b:if cond='data:blog.url != data:post.url'>
                          <h2 class='post-title entry-title'>
                            <a expr:href='data:post.url'>
                              <data:post.title/>
                            </a>
                          </h2>
                          <b:else/>
                          <h1 class='post-title entry-title'>
                            <data:post.title/>
                          </h1>
                        </b:if>
                        <b:else/>
                        <data:post.title/>
                      </b:if>
                    </b:if>
                  </b:if>
                  <div class='post-header'>
                    <div class='post-header-line-1'/>
                    <span class='post-author vcard'>
                      <b:if cond='data:top.showAuthor'>
                        <i class='fa fa-user'/>
                        <span class='fn'>
                          <data:post.author/>
                        </span>
                      </b:if>
                    </span>
                    <span class='post-timestamp'>
                      <b:if cond='data:top.showTimestamp'>
                        <i class='fa fa-clock-o'/>
                        <b:if cond='data:post.url'>
                          <abbr class='published' expr:title='data:post.timestampISO8601'>
                            <data:post.timestamp/>
                          </abbr>
                        </b:if>
                      </b:if>
                    </span>
                    <span class='post-labels'>
                      <b:if cond='data:post.labels'>
                        <i class='fa fa-tags'/>
                        <b:loop values='data:post.labels' var='label'>
                          <a expr:href='data:label.url' rel='tag'>
                            <data:label.name/>
                          </a>
                          <b:if cond='data:label.isLast != &quot;true&quot;'>
                            ,
                          </b:if>
                        </b:loop>
                      </b:if>
                    </span>
                    <span class='post-comment-link'>
                      <b:if cond='data:post.allowComments'>
                        <b:include data='post' name='comment_count_picker'/>
                      </b:if>
                    </span>
                  </div>
                  <data:post.body/>
                  <div class='row rowpost'>
                    <ul class='post-sharing-menu'>
                      <li>
                        <a>
                          Share
                        </a>
                      </li>
                      <li>
                        <a class='share_pgo' expr:href='&quot;https://plus.google.com/share?u=&quot; + data:post.url + &quot;&amp;t=&quot; + data:post.title' target='_blank' title='Share on Google +'>
                          <i class='fa fa-google-plus'>
                          </i>
                        </a>
                      </li>
                      <li>
                        <a class='share_pfb' expr:href='&quot;http://www.facebook.com/sharer.php?u=&quot; + data:post.url + &quot;&amp;t=&quot; + data:post.title' target='_blank' title='Share on facebook'>
                          <i class='fa fa-facebook'>
                          </i>
                        </a>
                      </li>
                      <li>
                        <a class='share_ptwi' expr:href='&quot;http://twitter.com/intent/tweet?text=&quot; + data:post.title + &quot;&amp;url=&quot; + data:post.url' target='_blank' title='Share on Twitter'>
                          <i class='fa fa-twitter'>
                          </i>
                        </a>
                      </li>
                      <li>
                        <a class='share_pli' expr:href='&quot;http://www.linkedin.com/shareArticle?mini=true&amp;url=&quot; + data:post.url + &quot;&amp;title=&quot; + data:post.title' target='_blank' title='Share on Linkedin'>
                          <i class='fa fa-linkedin'>
                          </i>
                        </a>
                      </li>
                    </ul>
                  </div>
                  <b:if cond='data:blog.pageType == &quot;item&quot;'>
                    <div class='boxframe'>
                      <div id='related-posts'>
                        <b:loop values='data:post.labels' var='label'>
                          <script expr:src='&quot;/feeds/posts/default/-/&quot; + data:label.name + &quot;?alt=json-in-script&amp;callback=related_results_labels_thumbs&amp;max-results=6&quot;' type='text/javascript'/>
                        </b:loop>
                        <script type='text/javascript'>
                          var defaultnoimage=&quot;http://3.bp.blogspot.com/-PpjfsStySz0/UF91FE7rxfI/AAAAAAAACl8/092MmUHSFQ0/s1600/no_image.jpg&quot;;
                          var maxresults=3;
                          var splittercolor=&quot;#DDDDDD&quot;;
                          var relatedpoststitle=&quot; Related Posts&quot;;
                          removeRelatedDuplicates();printRelatedLabels(&#39;<data:post.url/>&#39;);</script>
                      </div>
                      <div class='clear'/>
                    </div>
                  </b:if>
                  <b:if cond='data:blog.pageType == &quot;item&quot;'>
                    <!-- navigation -->
                    <b:include name='nextprev'/>
                  </b:if>
                  <div class='post-footer'>
                    <div class='post-footer-line post-footer-line-1'>
                      <span class='post-icons'>
                        <!-- email post links -->
                        <b:if cond='data:post.emailPostUrl'>
                          <span class='item-action'>
                            <a expr:href='data:post.emailPostUrl' expr:title='data:top.emailPostMsg'>
                              <img alt='' class='icon-action' height='13' src='http://img1.blogblog.com/img/icon18_email.gif' width='18'/>
                            </a>
                          </span>
                        </b:if>
                        <!-- quickedit pencil -->
                        <b:include data='post' name='postQuickEdit'/>
                      </span>
                    </div>
                  </div>
                </div>
              </div>
            </b:if>
          </b:includable>
          <b:includable id='postQuickEdit' var='post'>
            <b:if cond='data:post.editUrl'>
              <span expr:class='&quot;item-control &quot; + data:post.adminClass'>
                <a expr:href='data:post.editUrl' expr:title='data:top.editPostMsg'>
                  <img alt='' class='icon-action' height='18' src='http://img2.blogblog.com/img/icon18_edit_allbkg.gif' width='18'/>
                </a>
              </span>
            </b:if>
          </b:includable>
          <b:includable id='shareButtons' var='post'>
            <b:if cond='data:top.showEmailButton'>
              <a class='goog-inline-block share-button sb-email' expr:href='data:post.sharePostUrl + &quot;&amp;target=email&quot;' expr:title='data:top.emailThisMsg' target='_blank'>
                <span class='share-button-link-text'>
                  <data:top.emailThisMsg/>
                </span>
              </a>
            </b:if>
            <b:if cond='data:top.showBlogThisButton'>
              <a class='goog-inline-block share-button sb-blog' expr:href='data:post.sharePostUrl + &quot;&amp;target=blog&quot;' expr:onclick='&quot;window.open(this.href, \&quot;_blank\&quot;, \&quot;height=270,width=475\&quot;); return false;&quot;' expr:title='data:top.blogThisMsg' target='_blank'>
                <span class='share-button-link-text'>
                  <data:top.blogThisMsg/>
                </span>
              </a>
            </b:if>
            <b:if cond='data:top.showTwitterButton'>
              <a class='goog-inline-block share-button sb-twitter' expr:href='data:post.sharePostUrl + &quot;&amp;target=twitter&quot;' expr:title='data:top.shareToTwitterMsg' target='_blank'>
                <span class='share-button-link-text'>
                  <data:top.shareToTwitterMsg/>
                </span>
              </a>
            </b:if>
            <b:if cond='data:top.showFacebookButton'>
              <a class='goog-inline-block share-button sb-facebook' expr:href='data:post.sharePostUrl + &quot;&amp;target=facebook&quot;' expr:onclick='&quot;window.open(this.href, \&quot;_blank\&quot;, \&quot;height=430,width=640\&quot;); return false;&quot;' expr:title='data:top.shareToFacebookMsg' target='_blank'>
                <span class='share-button-link-text'>
                  <data:top.shareToFacebookMsg/>
                </span>
              </a>
            </b:if>
            <b:if cond='data:top.showOrkutButton'>
              <a class='goog-inline-block share-button sb-orkut' expr:href='data:post.sharePostUrl + &quot;&amp;target=orkut&quot;' expr:title='data:top.shareToOrkutMsg' target='_blank'>
                <span class='share-button-link-text'>
                  <data:top.shareToOrkutMsg/>
                </span>
              </a>
            </b:if>
            <b:if cond='data:top.showDummy'>
              <div class='goog-inline-block dummy-container'>
                <data:post.dummyTag/>
              </div>
            </b:if>
          </b:includable>
          <b:includable id='status-message'>
            <b:if cond='data:navMessage'>
              <div class='status-msg-wrap'>
                <div class='status-msg-body'>
                  <data:navMessage/>
                </div>
                <div class='status-msg-border'>
                  <div class='status-msg-bg'>
                    <div class='status-msg-hidden'>
                      <data:navMessage/>
                    </div>
                  </div>
                </div>
              </div>
              <div style='clear: both;'/>
            </b:if>
          </b:includable>
          <b:includable id='threaded-comment-form' var='post'>
            <div class='comment-form'>
              <a name='comment-form'/>
              <b:if cond='data:mobile'>
                <p>
                  <data:blogCommentMessage/>
                </p>
                <data:blogTeamBlogMessage/>
                <a expr:href='data:post.commentFormIframeSrc' id='comment-editor-src'/>
                <iframe allowtransparency='true' class='blogger-iframe-colorize blogger-comment-from-post' frameborder='0' height='410' id='comment-editor' name='comment-editor' src='' style='display: none' width='100%'/>
                <b:else/>
                <p>
                  <data:blogCommentMessage/>
                </p>
                <data:blogTeamBlogMessage/>
                <a expr:href='data:post.commentFormIframeSrc' id='comment-editor-src'/>
                <iframe allowtransparency='true' class='blogger-iframe-colorize blogger-comment-from-post' frameborder='0' height='410' id='comment-editor' name='comment-editor' src='' width='100%'/>
              </b:if>
              <data:post.friendConnectJs/>
              <data:post.cmtfpIframe/>
              <script type='text/javascript'>
                BLOG_CMT_createIframe(&#39;<data:post.appRpcRelayPath/>&#39;, &#39;<data:post.communityId/>&#39;);
              </script>
            </div>
          </b:includable>
          <b:includable id='threaded_comment_js' var='post'>
            <script async='async' expr:src='data:post.commentSrc' type='text/javascript'/>
            <script type='text/javascript'>
              (function() {
                var items = <data:post.commentJso/>;
                var msgs = <data:post.commentMsgs/>;
                var config = <data:post.commentConfig/>;
                // <![CDATA[
                var cursor = null;
                if (items && items.length > 0) {
                  cursor = parseInt(items[items.length - 1].timestamp) + 1;
                }
                var bodyFromEntry = function(entry) {
                  if (entry.gd$extendedProperty) {
                    for (var k in entry.gd$extendedProperty) {
                      if (entry.gd$extendedProperty[k].name == 'blogger.contentRemoved') {
                        return '<span class="deleted-comment">' + entry.content.$t + '</span>';
                      }
                    }
                  }
                  return entry.content.$t;
                }
                var parse = function(data) {
                  cursor = null;
                  var comments = [];
                  if (data && data.feed && data.feed.entry) {
                    for (var i = 0, entry; entry = data.feed.entry[i]; i++) {
                      var comment = {};
                      // comment ID, parsed out of the original id format
                      var id = /blog-(\d+).post-(\d+)/.exec(entry.id.$t);
                      comment.id = id ? id[2] : null;
                      comment.body = bodyFromEntry(entry);
                      comment.timestamp = Date.parse(entry.published.$t) + '';
                      if (entry.author && entry.author.constructor === Array) {
                        var auth = entry.author[0];
                        if (auth) {
                          comment.author = {
                            name: (auth.name ? auth.name.$t : undefined),
                            profileUrl: (auth.uri ? auth.uri.$t : undefined),
                            avatarUrl: (auth.gd$image ? auth.gd$image.src : undefined)
                          };
                        }
                      }
                      if (entry.link) {
                        if (entry.link[2]) {
                          comment.link = comment.permalink = entry.link[2].href;
                        }
                        if (entry.link[3]) {
                          var pid = /.*comments\/default\/(\d+)\?.*/.exec(entry.link[3].href);
                          if (pid && pid[1]) {
                            comment.parentId = pid[1];
                          }
                        }
                      }
                      comment.deleteclass = 'item-control blog-admin';
                      if (entry.gd$extendedProperty) {
                        for (var k in entry.gd$extendedProperty) {
                          if (entry.gd$extendedProperty[k].name == 'blogger.itemClass') {
                            comment.deleteclass += ' ' + entry.gd$extendedProperty[k].value;
                          } else if (entry.gd$extendedProperty[k].name == 'blogger.displayTime') {
                            comment.displayTime = entry.gd$extendedProperty[k].value;
                          }
                        }
                      }
                      comments.push(comment);
                    }
                  }
                  return comments;
                };
                var paginator = function(callback) {
                  if (hasMore()) {
                    var url = config.feed + '?alt=json&v=2&orderby=published&reverse=false&max-results=50';
                    if (cursor) {
                      url += '&published-min=' + new Date(cursor).toISOString();
                    }
                    window.bloggercomments = function(data) {
                      var parsed = parse(data);
                      cursor = parsed.length < 50 ? null
                      : parseInt(parsed[parsed.length - 1].timestamp) + 1
                      callback(parsed);
                      window.bloggercomments = null;
                    }
                    url += '&callback=bloggercomments';
                    var script = document.createElement('script');
                    script.type = 'text/javascript';
                    script.src = url;
                    document.getElementsByTagName('head')[0].appendChild(script);
                  }
                };
                var hasMore = function() {
                  return !!cursor;
                };
                var getMeta = function(key, comment) {
                  if ('iswriter' == key) {
                    var matches = !!comment.author
                    && comment.author.name == config.authorName
                    && comment.author.profileUrl == config.authorUrl;
                    return matches ? 'true' : '';
                  } else if ('deletelink' == key) {
                    return config.baseUri + '/delete-comment.g?blogID='
                    + config.blogId + '&postID=' + comment.id;
                  } else if ('deleteclass' == key) {
                    return comment.deleteclass;
                  }
                  return '';
                };
                var replybox = null;
                var replyUrlParts = null;
                var replyParent = undefined;
                var onReply = function(commentId, domId) {
                  if (replybox == null) {
                    // lazily cache replybox, and adjust to suit this style:
                    replybox = document.getElementById('comment-editor');
                    if (replybox != null) {
                      replybox.height = '250px';
                      replybox.style.display = 'block';
                      replyUrlParts = replybox.src.split('#');
                    }
                  }
                  if (replybox && (commentId !== replyParent)) {
                    document.getElementById(domId).insertBefore(replybox, null);
                    replybox.src = replyUrlParts[0]
                    + (commentId ? '&parentID=' + commentId : '')
                    + '#' + replyUrlParts[1];
                    replyParent = commentId;
                  }
                };
                var hash = (window.location.hash || '#').substring(1);
                var startThread, targetComment;
                if (/^comment-form_/.test(hash)) {
                  startThread = hash.substring('comment-form_'.length);
                } else if (/^c[0-9]+$/.test(hash)) {
                  targetComment = hash.substring(1);
                }
                // Configure commenting API:
                var configJso = {
                  'maxDepth': config.maxThreadDepth
                };
                var provider = {
                  'id': config.postId,
                  'data': items,
                  'loadNext': paginator,
                  'hasMore': hasMore,
                  'getMeta': getMeta,
                  'onReply': onReply,
                  'rendered': true,
                  'initComment': targetComment,
                  'initReplyThread': startThread,
                  'config': configJso,
                  'messages': msgs
                };
                var render = function() {
                  if (window.goog && window.goog.comments) {
                    var holder = document.getElementById('comment-holder');
                    window.goog.comments.render(holder, provider);
                  }
                };
                // render now, or queue to render when library loads:
                if (window.goog && window.goog.comments) {
                  render();
                } else {
                  window.goog = window.goog || {};
                  window.goog.comments = window.goog.comments || {};
                  window.goog.comments.loadQueue = window.goog.comments.loadQueue || [];
                  window.goog.comments.loadQueue.push(render);
                }
              })();
              // ]]>
            </script>
          </b:includable>
          <b:includable id='threaded_comments' var='post'>
            <div class='comments' id='comments'>
              <a name='comments'/>
              <h4>
                <data:post.commentLabelFull/>
                :
              </h4>
              <div class='comments-content'>
                <b:if cond='data:post.embedCommentForm'>
                  <b:include data='post' name='threaded_comment_js'/>
                </b:if>
                <div id='comment-holder'>
                  <data:post.commentHtml/>
                </div>
              </div>
              <p class='comment-footer'>
                <b:if cond='data:post.allowNewComments'>
                  <b:include data='post' name='threaded-comment-form'/>
                  <b:else/>
                  <data:post.noNewCommentsText/>
                </b:if>
              </p>
              <b:if cond='data:showCmtPopup'>
                <div id='comment-popup'>
                  <iframe allowtransparency='true' frameborder='0' id='comment-actions' name='comment-actions' scrolling='no'>
                  </iframe>
                </div>
              </b:if>
              <div id='backlinks-container'>
                <div expr:id='data:widget.instanceId + &quot;_backlinks-container&quot;'>
                  <b:if cond='data:post.showBacklinks'>
                    <b:include data='post' name='backlinks'/>
                  </b:if>
                </div>
              </div>
            </div>
          </b:includable>
        </b:widget>
      </b:section>
    </div>
    <div id='footer'>
      <div id='newsletter'>
        <div class='container'>
          <p class='lead'>
            If you&#39;re as excited get notified when we go live!
          </p>
          <div class='row'>
            <div class='clm'>
              <form id='newsletter-signup'>
                <div class='form-group'>
                  <input class='input-email' id='e-mail' name='e-mail' placeholder='type your e-mail here...' type='text'/>
                </div>
                <div id='error-info'>
                </div>
                <button class='btn btn-danger' name='submit' type='submit'>
                  Subscribe
                </button>
              </form>
            </div>
          </div>
        </div>
      </div>
      <ul class='follow-btn'>
        <li>
          <a href='#'>
            <i class='fa fa-twitter'>
            </i>
          </a>
        </li>
        <li>
          <a href='#'>
            <i class='fa fa-dribbble'>
            </i>
          </a>
        </li>
        <li>
          <a href='#'>
            <i class='fa fa-facebook'>
            </i>
          </a>
        </li>
        <li>
          <a href='#'>
            <i class='fa fa-youtube'>
            </i>
          </a>
        </li>
        <li>
          <a href='#'>
            <i class='fa fa-linkedin'>
            </i>
          </a>
        </li>
      </ul>
      <div id='copyright'>
        <div id='copyright-wrap'>
          Copyright &#169; 
          2014
          <a expr:href='data:blog.homepageUrl'>
            <data:blog.title/>
          </a>
          | Powered by 
          <a href='http://www.blogger.com/'>
            Blogger
          </a>
          <br/>
          .
          <a href='http://templates.weblogtemplates.net/' rel='nofollow' target='_blank' title='Blogger templates'>
            Blogger templates
          </a>
    Published..<a href='http://gooyaabitemplates.com/' title='Blogger Templates'>Gooyaabi Templates</a>      .
        </div>
      </div>
    </div>
  </body>
</html>