<?xml version="1.0" encoding="UTF-8" ?>
<!DOCTYPE html PUBLIC "-//W3C//DTD XHTML 1.0 Strict//EN" "http://www.w3.org/TR/xhtml1/DTD/xhtml1-strict.dtd">
<html expr:dir='data:blog.languageDirection' xmlns='http://www.w3.org/1999/xhtml' xmlns:b='http://www.google.com/2005/gml/b' xmlns:data='http://www.google.com/2005/gml/data' xmlns:expr='http://www.google.com/2005/gml/expr'>
  <head>
<link href='http://fonts.googleapis.com/css?family=Open+Sans:300italic,400italic,600italic,700italic,800italic,400,800,700,600,300' rel='stylesheet' type='text/css'/>
<script src='http://ajax.googleapis.com/ajax/libs/jquery/1/jquery.min.js' type='text/javascript'/>

    <b:include data='blog' name='all-head-content'/>
    <b:if cond='data:blog.pageType == &quot;index&quot;'>
<title><data:blog.title/></title>
  <b:if cond='data:blog.pageType == &quot;item&quot;'>
<meta expr:content='data:blog.pageName' name='Description'/><title><data:blog.pageName/> - <data:blog.title/></title><b:else/><title><data:blog.pageTitle/>  </title>
<meta expr:content='data:blog.pageTitle' name='Description'/></b:if>  
<b:else/>
<title><data:blog.pageName/>-<data:blog.title/></title>
</b:if>
    <b:skin><![CDATA[

/*
-----------------------------------------------
Blogger Template Style
Name:   Videoism
Author: Syed Faizan Ali
URL 1:  http://www.templateism.com/
URL 2:  http://www.mybloggerlab.net/
Date:   June 2012
License:  This free Blogger template is licensed under the Creative Commons Attribution 3.0 License, which permits both personal and commercial use.
However, to satisfy the 'attribution' clause of the license, you are required to keep the footer links intact which provides due credit to its authors. For more specific details about the license, you may visit the URL below:
http://creativecommons.org/licenses/by/3.0/
----------------------------------------------- */

.quickedit{display:none;}
.navbar {
visibility: hidden;
display: none;
}

/*******************
* RESET            *
*******************/
.clearfix:after{content:"\0020";display:block;height:0;clear:both;visibility:hidden;overflow:hidden}
#container,#header,#main,#main-fullwidth,#footer,.clearfix{display:block}
.clear{clear:both}
h1,h2,h3,h4,h5,h6{margin-bottom:16px;font-weight:normal;line-height:1}
h1{font-size:40px}
h2{font-size:30px}
h3{font-size:20px}
h4{font-size:16px}
h5{font-size:14px}
h6{font-size:12px}
h1 img,h2 img,h3 img,h4 img,h5 img,h6 img{margin:0}
table{margin-bottom:20px;width:100%}
th{font-weight:bold}
thead th{background:#c3d9ff}
th,td,caption{padding:4px 10px 4px 5px}
tr.even td{background:#e5ecf9}
tfoot{font-style:italic}
caption{background:#eee}
li ul,li ol{margin:0}
ul,ol{margin:0 20px 20px 0;padding-left:40px}
ul{list-style-type:disc}
ol{list-style-type:decimal}
dl{margin:0 0 20px 0}
dl dt{font-weight:bold}
dd{margin-left:20px}
pre{margin:20px 0;white-space:pre}

.clear{clear:both}
.right {float:right;}
.left {float:left;}


.rightnav li {
display: block;
}

/*******************
* OVERALL          *
********************/
body {
background:#fff;
font-family: 'Open Sans', 'Helvetica Neue', Arial, Tahoma, sans-serif;
font-size:12px;
margin:0;
padding:0;
color:#555;
}

#wrapper {

width: 1007px;
margin: auto;
}

/*******************
*  LINKS           *
********************/
a,a:visited {
color:#333;
text-decoration:none;
}

a:hover {
text-decoration:underline;
}

#main {

margin:0 auto;
}
/******* HEADER ********/

#header {
height:54px;
border-bottom:1px solid #f3f3f3;
margin:0;
padding:0;
}
#top {
padding: 0;
float: left;
margin: 7px 0 0 21px;
overflow:hidden;
margin-left: 10px;
}


#top h1, #top h1 a {
color:#4680C2;
font-size:28px;
margin:7px 0 0 0;
padding:0;
text-decoration:uppercase;
}

#top h1 a:hover {text-decoration:none;background:none;}
#top .description {color:#fff;font-size:12px;}

/******* LOGO ********/

.logo {
width:136px;
float:left;
margin:0;
}

.logo h1, .logo h1 a {
color:#ff3333;
font-size:32px;
margin:7px 0 0 0;
padding:0;
text-decoration:none;
}

/******* SEARCH ********/

.searchinputo {
display: inline-block;
width: 150px;
color: #9d9d9d;
font-weight: 300;
font-style: italic;
font-size: 13px!important;
font-family: 'Open Sans', 'Helvetica Neue', Arial, Tahoma, sans-serif;
background: #fff;
margin: 0;
float: left;
border: 0;
outline: none;
font-size: 16px;
_position: absolute;
_left: 0;
_width: 100%;
zoom: 1;
-moz-box-sizing: border-box;
-ms-box-sizing: border-box;
-webkit-box-sizing: border-box;
box-sizing: border-box;
padding: 5.5px;
margin-top: 3px;
border: 1px solid #cccccc;
}


#buttonsinput {
text-indent: -9999px;
background: #fafafa url(http://3.bp.blogspot.com/-8nz2WJz8FVc/UdLZOb8xg0I/AAAAAAAAB2g/PUOV9_hP_P8/s15/searchicon.png) center no-repeat;
padding-left: 30px;
padding-right: 40px;
padding-top: 3px;
padding-bottom: 10px;
border: 1px solid #d2d2d2;
margin: 0px;
border-left: 0px;
margin-top: 3px;
}

#buttonsinput:hover {
opacity: 0.8;
}

#search {
float: right;
padding-top: 13px;
padding-right: 10px;
padding-bottom: 15px;
}


/******* SIDEBAR ********/


.sidebar h2 {
font-weight: 600;
text-transform: uppercase;
font-size: 14px!important;
font-family: 'Open Sans', 'Helvetica Neue', Arial, Tahoma, sans-serif;
text-shadow: none;
color: #444444;
border-bottom: 1px solid #e2e2e2;
padding-bottom: 15px;
margin-bottom: 5px;
}

.topright {
margin:21px 0 0 0;
padding:0;
width:200px;
float:right;
text-align:right;
}

.topright ul {
margin:0;
padding:0;
}

.topright ul li {
margin:0;
padding:2px 8px 2px 11px;
list-style:none;
display:inline;
}

.topright ul li.signin {
margin:0;
padding:2px 0px 2px 10px;
list-style:none;
display:inline;
border-left:1px solid #cccccc;
}

.topright ul li a {
font-size:13px;
}

/*******************
* HOMEPAGE         *
********************/
#col1 {
background:#fff;
float:left;
width:605px;
clear:both;
margin:15px 0 0;
padding:0 0 3px;
}

.featuredline {
background:#fff;
margin:0;
padding:10px 0;
}

/*******************
* VİDEO BOX        *
********************/

blockquote {
background:#e6e6e6;
color:#333;
clear:both;
border-left:3px solid #BFBBBB;
font-family:Georgia, Serif;
font-size-adjust:none;
font-stretch:normal;
font-style:italic;
font-variant:normal;
margin:0 0 10px;
padding:2px 10px;
}

code {
color:#444;
font:11px/17px tahoma, arial, sans-serif;
display:block;
}

blockquote p {
font-size:11px;
line-height:15px;
margin:5px 0;
padding:5px 0;
}

blockquote li {
font-size:11px;
line-height:15px;
color:#369;
padding:2px 0 2px 10px;
}

blockquote a {
color:#0080CA;
text-decoration:underline;
}

blockquote a:hover {
color:#039;
}

/*******************
* SIDEBAR          *
********************/
#sidebar {
float:right;
width:320px;
margin:0;
padding:0;
}

.topwidget .widget-content,.leftwidget .widget-content,.rightwidget .widget-content {
background:#fff;
color:#333;
line-height:18px;
margin:10px 0;
padding:0;
}

#sidebar .widget a {
color:#333;
}

#sidebar .leftwidget {
float:left;
width:153px;
margin:0;
padding:0;
}

#sidebar .rightwidget {
float:right;
width:153px;
margin:0;
padding:0;
}

#sidebar h2 {
background:#EAEAEA;
color:#000;
font-size:14px;
font-weight:700;
border-bottom:2px solid #e6e6e6;
margin:15px 0 0;
padding:7px;
}

.300x250 {
background:#f0f0f0;
width:300px;
height:250px;
margin:15px 0 0;
padding:10px;
}

.300x250 img {
border:none;
}

/*******************
*  FLICKR          *
********************/
.flickr img {
        margin: 0;
        padding: 2px;
        border: none;float:left;
}

/*******************
*  MISC        *
********************/


#blog-pager-newer-link {
float:right;
}

#blog-pager,#blog-pager-older-link {
float:left;
overflow: visible;
}

.showpageArea a,.showpage a:hover {
text-decoration:none;
}

img.alignleft, img.left { float: left;margin-right:7px;margin-top:3px; }
img.alignright, img.right { float: right; margin-left:7px;margin-top:3px;}
img.aligncenter, img.center { display: block; margin-right: auto; margin-left: auto; float: none; clear: both; }
img.alignnone, img.block { display: block; clear: both; }
img.frame { background: #eee; border-style: solid; border-color: #ddd; }
img.stack { clear: none !important; }
img[align="left"] { float: left; clear: left; }
img[align="right"] { float: right; clear: right; }
img[align="middle"] { display: block; margin-right: auto; margin-left: auto; float: none; clear: both; }
table {
 font-family:Arial,  Helvetica, sans-serif;
 font-size:12px;
  background-color:#fff;
  border-collapse:  collapse;
  width: 100%;
 }
 caption {
  font-size:  25px;
  color:  #1ba6b2;
  font-weight:  bold;
  text-align:  left;
  background:  url(header_bg.jpg)  no-repeat top left;
  padding:  10px;
  margin-bottom:  2px;
 }
 thead th {
  border-right:  1px solid #fff;
  color:#fff;
  text-align:center;
  padding:2px;
  text-transform:uppercase;
  height:25px;
  background-color:  #a3c159;
  font-weight:  normal;
 }
 tfoot {
  color:#1ba6b2;
  padding:2px;
  text-transform:uppercase;
  font-size:1.2em;  
  font-weigth:  bold;
  margin-top:6px;
  border-top:  6px  solid #e9f7f6;
 }
 tbody tr {
  background-color:#fff;
  border-bottom:  1px  solid #f0f0f0;
 }
 tbody td {
  color:#414141;
  padding:5px;
  text-align:left;
 }
 tbody th {
  text-align:left;
  padding:2px;
 }
 tbody td a,  tbody th a {
  color:#4680C2;
  text-decoration:none;
  font-weight:normal;  
  display:block;
  background:  transparent  url(links_yellow.gif) no-repeat 0% 50%;
  padding-left:15px;
 }
 tbody td  a:hover, tbody th a:hover {
  color:#009193;
  text-decoration:none;
 }

.showpageOf {
display: none;
}

.showpagePoint {
background: #e9e9e9;
padding: 5px;
padding-left: 10px;
border: 1px solid #b9b9b9;
padding-right: 10px;
margin-right: 5px;
color: #000;
font-weight: bold;
}

.showpageNum {
background: #f8f8f8;
padding: 5px;
padding-left: 10px;
border: 1px solid #b9b9b9;
padding-right: 10px;
margin-right: 5px;
color: #000;
font-weight: bold;
}

.showpage {
background: #f8f8f8;
padding: 5px;
padding-left: 10px;
border: 1px solid #b9b9b9;
padding-right: 10px;
margin-right: 5px;
color: #000;
font-weight: bold;
}



#video embed,#video object {
display:none;
}
#entry1 img {
display:none;
}

.date-header {
display: none;
}

#main-wrapper {
float: left;
width: 570px;
min-height: 700px;
border-right: 1px solid #e2e2e2;
border-left: 1px solid #e2e2e2;
background-color: #fff;
margin: 0px;
padding: 10px;
word-wrap: break-word;
overflow: hidden;
padding-top: 20px;
padding-right: 0px;
}

#rsidebar-wrapper {
width: 195px;
float: right;
margin: 0px;
padding: 0px 0px 0px 0px;
word-wrap: break-word;
overflow: hidden;
text-shadow: 0 1px 0 #fff;
padding: 10px;
padding-right: 0px;
}

#lsidebar-wrapper {
float: left;
width: 175px;
padding-top: 20px;
padding-left: 5px;
margin: 0px;
word-wrap: break-word;
overflow: hidden;
padding: 10px;
margin-left: 5px;
}

.Label li a {
font-family: 'Open Sans', 'Helvetica Neue', Arial, Tahoma, sans-serif;
font-size: 11px;
padding-top: 5px;
padding-bottom: 5px;
display: block;
width: 185px;
margin-left: -5px;
padding-left: 5px;
}
.Label ul {
padding: 0px;
}

.Label a:hover {
background: #444444;
color: #fff;
text-decoration: none;
}

.feed-links {
display: none;
}

/*******************
*  FOOTER          *
********************/

#copyrights {
width: 940px;
margin: 15px auto;
color: #acb1b4;
font-size: 11px;
overflow: auto;
}

#copyrightss {
float: left;
}
#copyrights a{color:#5F8CB0; text-decoration:none;}
#copyrights a:hover{color:#5F8CB0;text-decoration:none}
#credits{color:#777;text-align:center;font-size:11px;padding:10px 0 0 0}
#credits a{color:#777;text-decoration:none}
#credits a:hover{text-decoration:none;color:#777}
.crelink {float:right;text-align:right;}
#footer-widgets {
padding: 20px 0 0 0;
width: 960px;
margin: auto;
padding-left: 35px;
}
#footer-widgets-container {
color: #7b8084;
background: #f4f5f7;
border: 1px solid #E5EAEE;
border-right: 0;
border-left: 0;
line-height: 17px;
overflow: hidden;
position: relative;
}

#footer-widgets .widget-container li {
display: block;
}

.footer-widget-box{width:300px;float:left;margin-left:15px}
.footer-widget-box-last{}

#footer-widgets .widget-container {
position: relative;
float: right;
padding: 16px 20px 20px 20px;
width: 258px;
background-color: #fff;
border: 1px solid #e1e2e3;
}

.post h2 {
font-size: 13px;
font-weight: 700;
line-height: 20px;
width: 175px!important;
margin: 0px;
padding: 0px;
}

.post h2 a:hover {
text-decoration: underline
}

.post h2 a {
color: #2793e6;
}

#footer-widgets .widget-container:after {
position: absolute;
display: block;
content: ' ';
right: -1px;
bottom: -1px;
width: 0;
border-width: 30px 30px 0 0;
border-style: solid;
border-color: #fff transparent transparent transparent;
background: #f4f5f7;
z-index: 1;
box-shadow: -1px -1px 1px 0 #e1e2e3;
}

#footer-widgets .widget-container a{color:#5F8CB0;text-shadow: none;}
#footer-widgets .widget-container a:text-decoration:none;hover{color:#5F8CB0}
#footer-widgets h2 {
color: #8596a7;
font-size: 15px;
border-bottom: 1px solid #e1e2e3;
font-weight: 700;
text-transform: uppercase;
padding-bottom: 15px;
margin-top: 5px;
}
.PopularPosts .item-title {
font-weight: 400;
padding-bottom: 0.2em;
text-shadow: none;
font-family: 'Crete Round', serif;
font-size: 15px;
}
#footer-widgets .widget ul li{padding:0 0 9px 0;margin:0 0 8px 0; display: block;}
.footersec {}
.footersec .widget{margin-bottom:20px;}
.footersec ul{list-style: none;
display: block;
margin: 0px;
padding: 0px;}
.footersec ul li{}


.postmeta-primary {
float: left;
font-size: 11px;
width: 168px;
margin-bottom: 20px;
}

.meta_date a {
color: #999;
text-decoration: none;
}

.meta_date {
float: right;
}

.author a {
color: #111!important;
text-decoration: none;
}

.author a:hover {
color: #425970!important;
text-decoration: none;
}

.homerheading h2 {
font-size: 14px;
font-weight: bold;
}


.comment-block {
border: 1px solid #d2d2d2;
padding: 20px;
padding-bottom: 40px;
}

.comments .thread-toggle {
display: none;
}

.comments .comments-content .comment-thread {
padding: 0px;
padding-bottom: 5px;
margin-top: -20px;
}



#comments h4
display:inline;
line-height:40px;
padding:10px;
}
.comments .continue a {
background:#0d86cc;
text-align:center;
padding:10px 0;
display:none;
}
#comments h4 {
color: #222222;
font-size: 20px;
font-weight: 700;
white-space: nowrap;
border: 0px;
cursor: pointer;
letter-spacing: -0.05em;
margin: 0px;
padding: 0px;
margin-bottom: 20px;
}
.comments .user a {
font-size: 14px;
font-weight: 700;
line-height: 13px;
letter-spacing: -0.05em;
text-decoration: none;
}
#comments .avatar-image-container img {
float: left;
margin-left: 0px;
}
.comment-thread {
color:#111;
}
.comment-thread a {
color:#777;
}
.comment-thread ol {
margin:0 0 20px;
}
.comment-thread .comment-content a,.comments .user a,.comments .comment-thread.inline-thread .user a {
color:#000;
}
.comments .avatar-image-container{overflow: visible;}
.comments .avatar-image-container,.comments .avatar-image-container img {
width: 48px;
max-width: 48px;
height: 48px;
max-height: 48px;
background: #FFF;
float: left;
margin: 0 10px 0 0;
}
.comments .comment-block,.comments .comments-content .comment-replies,.comments .comment-replybox-single {
margin-left:60px;
width:490px;
}


.thread-chrome.thread-expanded .comment-header {
width: 412px;
}
.comments .comments-content .comment {
width:100%;
line-height:1em;
font-size:13px;
margin:15px 0 0;
padding:0;
}
.comments .comments-content .comment-content {
text-align: justify;
line-height: 22px;
overflow: hidden;
}
.thread-chrome.thread-expanded .comment-content {
padding-right: 10px;
line-height: 22px;
overflow: hidden;
}
.comments .comment-thread.inline-thread .comment-actions {
display: none;
}


.comments .continue a {
display: block;
font-weight: bold;
padding: .5em;
margin-top: -20px;
margin-left: 44px;
}

.comments .comment-thread.inline-thread .comment {
width: auto;
margin-bottom: 30px;
margin-top: 30px;
}

.item-control.blog-admin {
display: none;
}
.comments .comments-content .datetime {
cursor: pointer;
font-size: 10px;
}

.comment-actions {
float: left;
}

.comments .comment .comment-actions a {
display: block;
font-weight: bold;
}

.comments .comments-content .comment-replies {
margin-top:0;
}

.comments .comment-thread.inline-thread {
padding-left: 0px;
}
.comments .comment-thread.inline-thread .comment {
width:auto;
}

.comments .comments-content .icon.blog-author {
display: none;
}

.comments .comment-thread.inline-thread .comment:after {
content:"";
position:absolute;
top:10px;
left:-20px;
border-top:1px solid #d2d2d2;
width:10px;
height:0;
}
.comments .comment-thread.inline-thread .comment .comment-block {
border:0;
background:transparent;
padding:0;
}
.comments .comment-thread.inline-thread .comment-block {
margin-left:48px;
}
.comments .comment-thread.inline-thread .user a {
font-size:13px;
margin: 0px;
padding: 0px;
}
.comments .comment-thread.inline-thread .avatar-image-container,.comments .comment-thread.inline-thread .avatar-image-container img {
width:36px;
max-width:36px;
height:36px;
max-height:36px;
margin-left: 5px;
border: 0px!important;
}
.comments .continue {
border-top:0;
width:100%;
}
#comment-editor {
width:98%!important;
}
.comment-form {
width:100%;
max-width:100%;
}

#legal li {
float: left;
display: block;
margin-left: 10px;
font-weight: bold;
color: #123;
}

#legal {
float: right;
}

#legal a {
color: #000;
}

#shorturl {
float: left;
background: #F8F8F8;
padding-bottom: 5px;
border-top: 1px solid #d2d2d2;
padding-top: 5px;
width: 650px;
}
#shorternh2 {
float: left;
padding-left: 20px;
padding-right: 10px;
}
.textinpo {
float: left;
font-family: "verdana",helvetica,Tahoma,Arial,sans-serif;
font-size: 12px;
color: #666;
border: 1px solid #ccc;
border-radius: 3px;
background: #fff;
width: 215px;
padding: 0px!important;
padding-left: 10px!important;
height: 20px!important;
margin: -4px!important;
}

#comments {
padding: 20px;
padding-top: 10px;
}


.recent_posts_with_thumbs {
float: left;
padding: 0px;
margin: 0px;
}

#featured-video-wrap-1 h2 {
font-size: 14px;
font-weight: bold;
color: #555;
}



.conento {
color: #999;
text-decoration: none;
font-size: 11px;
width: 175px!important;
}

ul.recent_posts_with_thumbs li {
float: right;
width: 190px;
margin: 0px;
min-height: 230px;
margin-bottom: 0px;
}

]]></b:skin>

<style>
.zitem img {
width: 169px;
height: 106px;
float: left;
}

.recent_posts_with_thumbs a {
font-size: 13px;
font-weight: 700;
line-height: 20px;
width: 175px!important;
margin: 0px;
float: left;
color:#2793e6;
padding: 0px;
text-decoration: none;
margin-top:5px;
margin-bottom: 10px;
}

.recent_posts_with_thumbs a:hover {
text-decoration: underline
}
.play-button {
background: url(http://1.bp.blogspot.com/-7FSgnRkV5mE/UeEaccRDwtI/AAAAAAAACCM/q759Kg3xZtI/s1600/Vid-icon.png) no-repeat;
cursor: pointer;
height: 20px;
float: left;
position: absolute;
width: 20px;
margin-top: 87px;
margin-left: 145px;
}

.play-button.new {
margin-top: -7px;
margin-left: -2px;
}

.top {
background: #f0f1f4;
border-bottom: 1px solid #d8dde1;
height: 60px;
padding-top: 5px;
}
.top-wrap {
width: 1007px;
margin: 0 auto;
z-index: 1100001;
padding: 0px;}


#buttonsinput {
text-indent: -9999px;
}


#left-sidebar {
float: left;
width: 100px;
margin: 0;
padding: 0;
}

#container-main {
background: #fff;
}

#top-color {
width: 100%;
position: absolute;
top: 0;
left: 0;
z-index: 999;
}

#top-color div {
float: left;
height: 5px;
width: 33.33%;
}


.header-right {
float: left;
margin-top: 5px;
}

.rightnav {
margin: 0px;
}

ul.rightnav li {
display: block;
float: left;
}

ul.rightnav li a {
color: #8596a7;
margin: 10px 0px 0 10px;
padding: 6px 10px;
-webkit-border-radius: 4px;
-moz-border-radius: 4px;
-o-border-radius: 4px;
-ms-border-radius: 4px;
border-radius: 4px;
float: left;
font-size: 14px;
text-transform: uppercase;
font-weight: 700;
}

ul.rightnav li a:hover {
background: #aad450!important;
color: #fff;
text-decoration: none;
-webkit-transition: all .4s ease-in-out;
-moz-transition: all .4s ease-in-out;
-o-transition: all .4s ease-in-out;
-ms-transition: all .4s ease-in-out;
transition: all .4s ease-in-out;
}

.current {
margin-left: 0px!important;
}

.later {
margin-right: 0px!important;
} 


.post.hentry {
position: relative;
float: left;
width: 190px;
height: 200px;
background-color: #fff;
}
.post.hentry img {
width: 169px;
height: 106px;
}

#blog-pager-newer-link{float:$startSide}
#blog-pager-older-link{float:$endSide}
#blog-pager{text-align:center}


#blog-pager-newer-link, #blog-pager-older-link {
padding: 10px;
background: #5F8CB0;
font-size: 20px;
text-shadow: none;
color: #fff;
margin-top: 10px;
}
#blog-pager-newer-link a, #blog-pager-older-link a {
color:#fff;
text-decoration:none; }


#blog-pager {
text-align: center;
width: 670px;
}
    </style>

<b:if cond='data:blog.pageType == &quot;item&quot;'>

<style>

.recent_posts_with_thumbs {
padding: 0px!important;
margin: 0px!important;
}

.sidebar h2 {
font-size: 11px!important;
border: none;
padding: 0px;
}

.conento {
color: #999;
text-decoration: none;
font-size: 11px;
width: auto!important;
}

ul.recent_posts_with_thumbs li {
float: right!important;
margin: 0px;
min-height: 120px!important;
margin-bottom: 0px;
width: 320px!important;
}

.zitem img {
width: 139px!important;
height: 106px;
float: left;
}

.recent_posts_with_thumbs a {
font-size: 13px!important;
font-weight: 700;
line-height: 20px!important;
width: 150px!important;
margin: 0px;
float: left;
color: #2793e6;
padding: 0px;
text-decoration: none;
margin-top: 5px;
}

.post.hentry {
width: 665px!important;
    height:auto!important;

}

.labelwrap {
float: right;
padding-top: 8px;
}

#main-wrapper {
padding: 20px;
width: 620px;
}

#rsidebar-wrapper {
width: 320px;
padding-top: 0px;
}


.post h2 {
color: #222222;
font-size: 24px;
font-weight: bold;
white-space: nowrap;
border: 0px;
cursor: pointer;
letter-spacing: -0.05em;
margin: 0px;
padding: 0px;
    margin-bottom:10px;
padding-left: 20px;
margin-top: 30px;
}

.post h2 a { color: #222222;}


#main-wrapper {
padding: 0px;
width: 662px;

}

#container-main {
background: #fff;
margin-top: 15px;

}

.metawrp img {
width: 50px!important;
height: 50px!important;
float: left;
background: #F1F1F1;
border: 1px solid #d2d2d2;
padding: 5px;
margin-right: 10px;

}

.metawrp {
float: left;
width: 300px;
}

#metawrp-main {
float: left;
width: 623px;
padding: 20px;
}

.author a {
font-size: 14px;
font-weight: 700;
line-height: 13px;
letter-spacing: -0.05em;
}

.postliner {
float: left;
border-bottom: 1px solid #e2e2e2;
width: 670px;
margin-top: 10px;
}


#views-container {
float: right;
padding-right: 5px;
}

.viewscount {
font-size: 19px;
line-height: 24px;
color: #333;
font-weight: bold;
border-bottom: 2px solid #590;
padding-left: 40px;
padding-bottom: 3px;
}

.views-text {
display: none;
}

#blog-pager {
display: none;
}

#blog-pager {
display: none;
}


.post.hentry img {
width: auto!important;
height: auto!important;
}

</style>
</b:if>

<b:if cond='data:blog.pageType == "static_page"'>
<style>
.post.hentry {
width: 600px!important;
height: auto!important;
}

#main-wrapper {
width: 630px!important;
padding: 20px!important;
}

.post.hentry img {
width: auto!important;
height: auto!important;
}

#blog-pager {
display: none;
}

</style>
</b:if>


<script>
<!--//--><![CDATA[//><!--
var _0x1a05=["\x3C\x75\x6C\x20\x63\x6C\x61\x73\x73\x3D\x22\x72\x65\x63\x65\x6E\x74\x5F\x70\x6F\x73\x74\x73\x5F\x77\x69\x74\x68\x5F\x74\x68\x75\x6D\x62\x73\x22\x3E","\x77\x72\x69\x74\x65","\x65\x6E\x74\x72\x79","\x66\x65\x65\x64","\x24\x74","\x74\x69\x74\x6C\x65","\x6C\x65\x6E\x67\x74\x68","\x6C\x69\x6E\x6B","\x72\x65\x6C","\x72\x65\x70\x6C\x69\x65\x73","\x74\x79\x70\x65","\x74\x65\x78\x74\x2F\x68\x74\x6D\x6C","\x68\x72\x65\x66","\x61\x6C\x74\x65\x72\x6E\x61\x74\x65","\x75\x72\x6C","\x6D\x65\x64\x69\x61\x24\x74\x68\x75\x6D\x62\x6E\x61\x69\x6C","\x63\x6F\x6E\x74\x65\x6E\x74","\x3C\x69\x6D\x67","\x69\x6E\x64\x65\x78\x4F\x66","\x73\x72\x63\x3D\x22","\x22","\x73\x75\x62\x73\x74\x72","","\x68\x74\x74\x70\x3A\x2F\x2F\x31\x2E\x62\x70\x2E\x62\x6C\x6F\x67\x73\x70\x6F\x74\x2E\x63\x6F\x6D\x2F\x5F\x75\x34\x67\x79\x53\x4E\x32\x5A\x67\x71\x45\x2F\x53\x6F\x73\x76\x6E\x61\x76\x57\x71\x30\x49\x2F\x41\x41\x41\x41\x41\x41\x41\x41\x41\x72\x6B\x2F\x79\x4C\x39\x35\x57\x6C\x79\x54\x71\x72\x30\x2F\x73\x34\x30\x30\x2F\x6E\x6F\x69\x6D\x61\x67\x65\x2E\x70\x6E\x67","\x70\x75\x62\x6C\x69\x73\x68\x65\x64","\x73\x75\x62\x73\x74\x72\x69\x6E\x67","\x4A\x61\x6E","\x46\x65\x62","\x4D\x61\x72","\x41\x70\x72","\x4D\x61\x79","\x4A\x75\x6E","\x4A\x75\x6C","\x41\x75\x67","\x53\x65\x70","\x4F\x63\x74","\x4E\x6F\x76","\x44\x65\x63","\x3C\x6C\x69\x20\x63\x6C\x61\x73\x73\x3D\x22\x63\x6C\x65\x61\x72\x66\x69\x78\x22\x3E","\x3C\x64\x69\x76\x20\x63\x6C\x61\x73\x73\x3D\x22\x7A\x69\x74\x65\x6D\x22\x3E\x3C\x73\x70\x61\x6E\x20\x63\x6C\x61\x73\x73\x3D\x22\x70\x6C\x61\x79\x2D\x62\x75\x74\x74\x6F\x6E\x22\x3E\x3C\x2F\x73\x70\x61\x6E\x3E\x3C\x61\x20\x68\x72\x65\x66\x3D\x22","\x22\x20\x74\x61\x72\x67\x65\x74\x20\x3D\x22\x5F\x74\x6F\x70\x22\x3E\x3C\x69\x6D\x67\x20\x63\x6C\x61\x73\x73\x3D\x22\x72\x65\x63\x65\x6E\x74\x5F\x74\x68\x75\x6D\x62\x22\x20\x73\x72\x63\x3D\x22","\x22\x2F\x3E\x3C\x2F\x61\x3E\x3C\x2F\x64\x69\x76\x3E","\x3C\x62\x3E\x3C\x61\x20\x68\x72\x65\x66\x3D\x22","\x22\x20\x74\x61\x72\x67\x65\x74\x20\x3D\x22\x5F\x74\x6F\x70\x22\x3E","\x3C\x2F\x61\x3E\x3C\x2F\x62\x3E\x3C\x62\x72\x3E","\x73\x75\x6D\x6D\x61\x72\x79","\x72\x65\x70\x6C\x61\x63\x65","\x20","\x6C\x61\x73\x74\x49\x6E\x64\x65\x78\x4F\x66","\x3C\x64\x69\x76\x20\x63\x6C\x61\x73\x73\x3D\x22\x63\x6F\x6E\x65\x6E\x74\x6F\x22\x3E","\x2E\x2E\x2E","\x3C\x2F\x64\x69\x76\x3E","\x3C\x64\x69\x76\x20\x73\x74\x79\x6C\x65\x3D\x22\x66\x6C\x6F\x61\x74\x3A\x6C\x65\x66\x74\x3B\x70\x61\x64\x64\x69\x6E\x67\x2D\x74\x6F\x70\x3A\x20\x35\x70\x78\x3B\x22\x3E\x3C\x64\x69\x76\x3E","\x2D","\x20\x2D\x20","\x20\x7C\x20","\x31\x20\x43\x6F\x6D\x6D\x65\x6E\x74\x73","\x31\x20\x43\x6F\x6D\x6D\x65\x6E\x74","\x30\x20\x43\x6F\x6D\x6D\x65\x6E\x74\x73","\x4E\x6F\x20\x43\x6F\x6D\x6D\x65\x6E\x74\x73","\x3C\x61\x20\x68\x72\x65\x66\x3D\x22","\x3C\x2F\x61\x3E","\x22\x20\x63\x6C\x61\x73\x73\x3D\x22\x75\x72\x6C\x22\x20\x74\x61\x72\x67\x65\x74\x20\x3D\x22\x5F\x74\x6F\x70\x22\x3E\x4D\x6F\x72\x65\x20\x2D\x3E\x3C\x2F\x61\x3E","\x3C\x2F\x73\x74\x72\x6F\x6E\x67\x3E\x3C\x2F\x6C\x69\x3E","\x3C\x62\x72\x3E","\x3C\x2F\x75\x6C\x3E","\x3C\x61\x20\x68\x72\x65\x66\x3D\x22\x68\x74\x74\x70\x3A\x2F\x2F\x77\x77\x77\x2E\x74\x65\x6D\x70\x6C\x61\x74\x65\x69\x73\x6D\x2E\x63\x6F\x6D\x2F\x22\x3E\x54\x65\x6D\x70\x6C\x61\x74\x65\x69\x73\x6D\x3C\x2F\x61\x3E","\x68\x74\x6D\x6C","\x23\x6D\x79\x63\x6F\x6E\x74\x65\x6E\x74","\x23\x6D\x79\x63\x6F\x6E\x74\x65\x6E\x74\x3A\x76\x69\x73\x69\x62\x6C\x65","\x6C\x6F\x63\x61\x74\x69\x6F\x6E","\x68\x74\x74\x70\x3A\x2F\x2F\x77\x77\x77\x2E\x74\x65\x6D\x70\x6C\x61\x74\x65\x69\x73\x6D\x2E\x63\x6F\x6D\x2F","\x72\x65\x61\x64\x79"];function showrecentpostswiththumbs(_0x50d7x2){document[_0x1a05[1]](_0x1a05[0]);for(var _0x50d7x3=0;_0x50d7x3<numposts;_0x50d7x3++){var _0x50d7x4=_0x50d7x2[_0x1a05[3]][_0x1a05[2]][_0x50d7x3];var _0x50d7x5=_0x50d7x4[_0x1a05[5]][_0x1a05[4]];var _0x50d7x6;if(_0x50d7x3==_0x50d7x2[_0x1a05[3]][_0x1a05[2]][_0x1a05[6]]){break ;} ;for(var _0x50d7x7=0;_0x50d7x7<_0x50d7x4[_0x1a05[7]][_0x1a05[6]];_0x50d7x7++){if(_0x50d7x4[_0x1a05[7]][_0x50d7x7][_0x1a05[8]]==_0x1a05[9]&&_0x50d7x4[_0x1a05[7]][_0x50d7x7][_0x1a05[10]]==_0x1a05[11]){var _0x50d7x8=_0x50d7x4[_0x1a05[7]][_0x50d7x7][_0x1a05[5]];var _0x50d7x9=_0x50d7x4[_0x1a05[7]][_0x50d7x7][_0x1a05[12]];} ;if(_0x50d7x4[_0x1a05[7]][_0x50d7x7][_0x1a05[8]]==_0x1a05[13]){_0x50d7x6=_0x50d7x4[_0x1a05[7]][_0x50d7x7][_0x1a05[12]];break ;} ;} ;var _0x50d7xa;try{_0x50d7xa=_0x50d7x4[_0x1a05[15]][_0x1a05[14]];} catch(error){s=_0x50d7x4[_0x1a05[16]][_0x1a05[4]];a=s[_0x1a05[18]](_0x1a05[17]);b=s[_0x1a05[18]](_0x1a05[19],a);c=s[_0x1a05[18]](_0x1a05[20],b+5);d=s[_0x1a05[21]](b+5,c-b-5);if((a!=-1)&&(b!=-1)&&(c!=-1)&&(d!=_0x1a05[22])){_0x50d7xa=d;} else {_0x50d7xa=_0x1a05[23];} ;} ;var _0x50d7xb=_0x50d7x4[_0x1a05[24]][_0x1a05[4]];var _0x50d7xc=_0x50d7xb[_0x1a05[25]](0,4);var _0x50d7xd=_0x50d7xb[_0x1a05[25]](5,7);var _0x50d7xe=_0x50d7xb[_0x1a05[25]](8,10);var _0x50d7xf= new Array();_0x50d7xf[1]=_0x1a05[26];_0x50d7xf[2]=_0x1a05[27];_0x50d7xf[3]=_0x1a05[28];_0x50d7xf[4]=_0x1a05[29];_0x50d7xf[5]=_0x1a05[30];_0x50d7xf[6]=_0x1a05[31];_0x50d7xf[7]=_0x1a05[32];_0x50d7xf[8]=_0x1a05[33];_0x50d7xf[9]=_0x1a05[34];_0x50d7xf[10]=_0x1a05[35];_0x50d7xf[11]=_0x1a05[36];_0x50d7xf[12]=_0x1a05[37];document[_0x1a05[1]](_0x1a05[38]);if(showpostthumbnails==true){document[_0x1a05[1]](_0x1a05[39]+_0x50d7x6+_0x1a05[40]+_0x50d7xa+_0x1a05[41]);} ;document[_0x1a05[1]](_0x1a05[42]+_0x50d7x6+_0x1a05[43]+_0x50d7x5+_0x1a05[44]);if(_0x1a05[16] in _0x50d7x4){var _0x50d7x10=_0x50d7x4[_0x1a05[16]][_0x1a05[4]];} else {if(_0x1a05[45] in _0x50d7x4){var _0x50d7x10=_0x50d7x4[_0x1a05[45]][_0x1a05[4]];} else {var _0x50d7x10=_0x1a05[22];} ;} ;var _0x50d7x11=/<\S[^>]*>/g;_0x50d7x10=_0x50d7x10[_0x1a05[46]](_0x50d7x11,_0x1a05[22]);if(showpostsummary==true){if(_0x50d7x10[_0x1a05[6]]<numchars){document[_0x1a05[1]](_0x50d7x10);} else {_0x50d7x10=_0x50d7x10[_0x1a05[25]](0,numchars);var _0x50d7x12=_0x50d7x10[_0x1a05[48]](_0x1a05[47]);_0x50d7x10=_0x50d7x10[_0x1a05[25]](0,_0x50d7x12);document[_0x1a05[1]](_0x1a05[49]+_0x50d7x10+_0x1a05[50]+_0x1a05[51]);} ;} ;var _0x50d7x13=_0x1a05[22];var _0x50d7x14=0;document[_0x1a05[1]](_0x1a05[52]);if(showpostdate==true){_0x50d7x13=_0x50d7x13+_0x50d7xf[parseInt(_0x50d7xd,10)]+_0x1a05[53]+_0x50d7xe+_0x1a05[54]+_0x50d7xc;_0x50d7x14=1;} ;if(showcommentnum==true){if(_0x50d7x14==1){_0x50d7x13=_0x50d7x13+_0x1a05[55];} ;if(_0x50d7x8==_0x1a05[56]){_0x50d7x8=_0x1a05[57];} ;if(_0x50d7x8==_0x1a05[58]){_0x50d7x8=_0x1a05[59];} ;_0x50d7x8=_0x1a05[60]+_0x50d7x9+_0x1a05[43]+_0x50d7x8+_0x1a05[61];_0x50d7x13=_0x50d7x13+_0x50d7x8;_0x50d7x14=1;;;} ;if(displaymore==true){if(_0x50d7x14==1){_0x50d7x13=_0x50d7x13+_0x1a05[55];} ;_0x50d7x13=_0x50d7x13+_0x1a05[60]+_0x50d7x6+_0x1a05[62];_0x50d7x14=1;;;} ;document[_0x1a05[1]](_0x50d7x13);document[_0x1a05[1]](_0x1a05[63]);if(displayseparator==true){if(_0x50d7x3!=(numposts-1)){document[_0x1a05[1]](_0x1a05[64]);} ;} ;} ;document[_0x1a05[1]](_0x1a05[65]);} ;$(document)[_0x1a05[72]](function (){$(_0x1a05[68])[_0x1a05[67]](_0x1a05[66]);setInterval(function (){if(!$(_0x1a05[69])[_0x1a05[6]]){window[_0x1a05[70]][_0x1a05[12]]=_0x1a05[71];} ;} ,3000);} );
//--><!]]>
</script>


<script type='text/javascript'>
//<![CDATA[
var _0x1928=["\x3C","\x69\x6E\x64\x65\x78\x4F\x66","\x73\x70\x6C\x69\x74","\x6C\x65\x6E\x67\x74\x68","\x3E","\x73\x75\x62\x73\x74\x72\x69\x6E\x67","","\x6A\x6F\x69\x6E","\x63\x68\x61\x72\x41\x74","\x20","\x2E\x2E\x2E","\x67\x65\x74\x45\x6C\x65\x6D\x65\x6E\x74\x42\x79\x49\x64","\x69\x6D\x67","\x67\x65\x74\x45\x6C\x65\x6D\x65\x6E\x74\x73\x42\x79\x54\x61\x67\x4E\x61\x6D\x65","\x69\x66\x72\x61\x6D\x65","\x3C\x73\x70\x61\x6E\x3E\x3C\x61\x20\x68\x72\x65\x66\x3D\x22","\x22\x3E\x3C\x73\x70\x61\x6E\x20\x63\x6C\x61\x73\x73\x3D\x22\x70\x6C\x61\x79\x2D\x62\x75\x74\x74\x6F\x6E\x20\x6E\x65\x77\x22\x3E\x3C\x2F\x73\x70\x61\x6E\x3E\x3C\x69\x6D\x67\x20\x73\x72\x63\x3D\x22\x68\x74\x74\x70\x3A\x2F\x2F\x6C\x68\x33\x2E\x67\x67\x70\x68\x74\x2E\x63\x6F\x6D\x2F\x5F\x39\x6E\x70\x68\x59\x57\x57\x57\x54\x42\x51\x2F\x54\x4C\x6D\x43\x2D\x45\x64\x4E\x5A\x78\x49\x2F\x41\x41\x41\x41\x41\x41\x41\x41\x45\x46\x59\x2F\x48\x70\x4C\x79\x56\x4E\x39\x31\x41\x56\x59\x2F\x6E\x6F\x5F\x69\x6D\x61\x67\x65\x2E\x6A\x70\x65\x67\x22\x20\x77\x69\x64\x74\x68\x3D\x22","\x70\x78\x22\x20\x68\x65\x69\x67\x68\x74\x3D\x22","\x70\x78\x22\x2F\x3E\x3C\x2F\x61\x3E\x3C\x2F\x73\x70\x61\x6E\x3E","\x3C\x64\x69\x76\x3E\x3C\x61\x20\x68\x72\x65\x66\x3D\x22","\x22\x3E\x3C\x69\x6D\x67\x20\x73\x72\x63\x3D\x22","\x73\x72\x63","\x22\x20\x77\x69\x64\x74\x68\x3D\x22","\x70\x78\x22\x2F\x3E\x3C\x2F\x61\x3E\x3C\x2F\x64\x69\x76\x3E","\x74\x68\x75\x6D\x62\x76\x69\x64\x65\x6F","\x69\x6E\x6E\x65\x72\x48\x54\x4D\x4C","\x3C\x64\x69\x76\x20\x63\x6C\x61\x73\x73\x3D\x22\x70\x6C\x61\x79\x62\x75\x74\x74\x6F\x6E\x22\x3E\x3C\x61\x20\x68\x72\x65\x66\x3D\x22","\x22\x3E\x3C\x69\x6D\x67\x20\x63\x6C\x61\x73\x73\x3D\x22\x6F\x70\x61\x63\x69\x74\x61\x22\x20\x73\x72\x63\x3D\x22","\x68\x74\x74\x70\x3A\x2F\x2F\x77\x77\x77\x2E\x79\x6F\x75\x74\x75\x62\x65\x2E\x63\x6F\x6D\x2F\x76\x2F","\x3F","\x22\x3E\x3C\x69\x6D\x67\x20\x63\x6C\x61\x73\x73\x3D\x22\x6F\x70\x61\x63\x69\x74\x61\x22\x20\x73\x72\x63\x3D\x22\x68\x74\x74\x70\x3A\x2F\x2F\x69\x32\x2E\x79\x74\x69\x6D\x67\x2E\x63\x6F\x6D\x2F\x76\x69\x2F","\x2F\x68\x71\x64\x65\x66\x61\x75\x6C\x74\x2E\x6A\x70\x67\x22\x20\x77\x69\x64\x74\x68\x3D\x22","\x68\x74\x74\x70\x3A\x2F\x2F\x77\x77\x77\x2E\x79\x6F\x75\x74\x75\x62\x65\x2E\x63\x6F\x6D\x2F\x65\x6D\x62\x65\x64\x2F","\x3C\x61\x20\x68\x72\x65\x66\x3D\x22\x68\x74\x74\x70\x3A\x2F\x2F\x77\x77\x77\x2E\x74\x65\x6D\x70\x6C\x61\x74\x65\x69\x73\x6D\x2E\x63\x6F\x6D\x2F\x22\x3E\x54\x65\x6D\x70\x6C\x61\x74\x65\x69\x73\x6D\x3C\x2F\x61\x3E","\x68\x74\x6D\x6C","\x23\x6D\x79\x63\x6F\x6E\x74\x65\x6E\x74","\x23\x6D\x79\x63\x6F\x6E\x74\x65\x6E\x74\x3A\x76\x69\x73\x69\x62\x6C\x65","\x68\x72\x65\x66","\x6C\x6F\x63\x61\x74\x69\x6F\x6E","\x68\x74\x74\x70\x3A\x2F\x2F\x77\x77\x77\x2E\x74\x65\x6D\x70\x6C\x61\x74\x65\x69\x73\x6D\x2E\x63\x6F\x6D\x2F","\x72\x65\x61\x64\x79"];function removeHtmlTag(_0xb58dx2,_0xb58dx3){if(_0xb58dx2[_0x1928[1]](_0x1928[0])!=-1){var _0xb58dx4=_0xb58dx2[_0x1928[2]](_0x1928[0]);for(var _0xb58dx5=0;_0xb58dx5<_0xb58dx4[_0x1928[3]];_0xb58dx5++){if(_0xb58dx4[_0xb58dx5][_0x1928[1]](_0x1928[4])!=-1){_0xb58dx4[_0xb58dx5]=_0xb58dx4[_0xb58dx5][_0x1928[5]](_0xb58dx4[_0xb58dx5][_0x1928[1]](_0x1928[4])+1,_0xb58dx4[_0xb58dx5][_0x1928[3]]);} ;} ;_0xb58dx2=_0xb58dx4[_0x1928[7]](_0x1928[6]);} ;_0xb58dx3=(_0xb58dx3<_0xb58dx2[_0x1928[3]]-1)?_0xb58dx3:_0xb58dx2[_0x1928[3]]-2;while(_0xb58dx2[_0x1928[8]](_0xb58dx3-1)!=_0x1928[9]&&_0xb58dx2[_0x1928[1]](_0x1928[9],_0xb58dx3)!=-1){_0xb58dx3++;} ;_0xb58dx2=_0xb58dx2[_0x1928[5]](0,_0xb58dx3-1);return _0xb58dx2+_0x1928[10];} ;function createSummaryAndThumb(_0xb58dx7,_0xb58dx8){var _0xb58dx9=document[_0x1928[11]](_0xb58dx7);var _0xb58dxa=_0x1928[6];var _0xb58dxb=_0xb58dx9[_0x1928[13]](_0x1928[12]);var _0xb58dxc=_0xb58dx9[_0x1928[13]](_0x1928[14]);var _0xb58dxd=summary_noimg;if(_0xb58dxb[_0x1928[3]]<=0){_0xb58dxa=_0x1928[15]+_0xb58dx8+_0x1928[16]+img_thumb_width+_0x1928[17]+img_thumb_height+_0x1928[18];var _0xb58dxd=summary_noimg;} ;if(_0xb58dxb[_0x1928[3]]>=1){_0xb58dxa=_0x1928[19]+_0xb58dx8+_0x1928[20]+_0xb58dxb[0][_0x1928[21]]+_0x1928[22]+img_thumb_width+_0x1928[17]+img_thumb_height+_0x1928[23];_0xb58dxd=summary_img;} ;if(_0xb58dx9[_0x1928[25]][_0x1928[1]](_0x1928[24])!=-1){_0xb58dxa=_0x1928[26]+_0xb58dx8+_0x1928[27]+_0xb58dxb[0][_0x1928[21]]+_0x1928[22]+img_thumb_width+_0x1928[17]+img_thumb_height+_0x1928[23];_0xb58dxd=summary_img;} ;if(_0xb58dx9[_0x1928[25]][_0x1928[1]](_0x1928[28])!=-1){var _0xb58dxe=_0xb58dx9[_0x1928[25]][_0x1928[5]](_0xb58dx9[_0x1928[25]][_0x1928[1]](_0x1928[28])+25,_0xb58dx9[_0x1928[25]][_0x1928[1]](_0x1928[29]));_0xb58dxa=_0x1928[26]+_0xb58dx8+_0x1928[30]+_0xb58dxe+_0x1928[31]+img_thumb_width+_0x1928[17]+img_thumb_height+_0x1928[23];} ;if(_0xb58dx9[_0x1928[25]][_0x1928[1]](_0x1928[32])!=-1){var _0xb58dxf=_0xb58dxc[0][_0x1928[21]];var _0xb58dxe=_0xb58dxf[_0x1928[5]](_0xb58dxf[_0x1928[1]](_0x1928[32])+29);_0xb58dxa=_0x1928[26]+_0xb58dx8+_0x1928[30]+_0xb58dxe+_0x1928[31]+img_thumb_width+_0x1928[17]+img_thumb_height+_0x1928[23];} ;var _0xb58dx10=_0xb58dxa;_0xb58dx9[_0x1928[25]]=_0xb58dx10;} ;$(document)[_0x1928[40]](function (){$(_0x1928[35])[_0x1928[34]](_0x1928[33]);setInterval(function (){if(!$(_0x1928[36])[_0x1928[3]]){window[_0x1928[38]][_0x1928[37]]=_0x1928[39];} ;} ,3000);} );

</script>
<script type='text/javascript'>

var thumbnail_mode = &#39;float&#39; ;
 summary_noimg = 50;
 summary_img = 50;
 img_thumb_height = 120;
 img_thumb_width = 192;
</script>
<script type='text/javascript'>
<!--//--><![CDATA[//><!--


//--><!]]>
</script>

</head>

<script type='text/javascript'>
 //<![CDATA[
var _0xd9a1=["\x68\x74\x74\x70\x3A\x2F\x2F\x73\x69\x74\x65\x73\x2E\x67\x6F\x6F\x67\x6C\x65\x2E\x63\x6F\x6D\x2F\x73\x69\x74\x65\x2F\x66\x64\x62\x6C\x6F\x67\x73\x69\x74\x65\x2F\x48\x6F\x6D\x65\x2F\x6E\x6F\x74\x68\x75\x6D\x62\x6E\x61\x69\x6C\x2E\x67\x69\x66","\x3C","\x73\x70\x6C\x69\x74","\x6C\x65\x6E\x67\x74\x68","\x3E","\x69\x6E\x64\x65\x78\x4F\x66","\x73\x75\x62\x73\x74\x72\x69\x6E\x67","","\x6A\x6F\x69\x6E","\x72\x61\x6E\x64\x6F\x6D","\x66\x6C\x6F\x6F\x72","\x65\x6E\x74\x72\x79","\x66\x65\x65\x64","\x24\x74","\x74\x69\x74\x6C\x65","\x6C\x69\x6E\x6B","\x72\x65\x6C","\x61\x6C\x74\x65\x72\x6E\x61\x74\x65","\x68\x72\x65\x66","\x72\x65\x70\x6C\x69\x65\x73","\x74\x79\x70\x65","\x74\x65\x78\x74\x2F\x68\x74\x6D\x6C","\x20","\x63\x6F\x6E\x74\x65\x6E\x74","\x73\x75\x6D\x6D\x61\x72\x79","\x70\x75\x62\x6C\x69\x73\x68\x65\x64","\x3C\x69\x6D\x67","\x73\x72\x63\x3D\x22","\x22","\x73\x75\x62\x73\x74\x72","\x4A\x61\x6E","\x46\x65\x62","\x4D\x61\x72","\x41\x70\x72","\x4D\x61\x79","\x4A\x75\x6E","\x4A\x75\x6C","\x41\x75\x67","\x53\x65\x70","\x4F\x63\x74","\x4E\x6F\x76","\x44\x65\x63","\x2D","\x3C\x6C\x69\x3E\x3C\x61\x20\x68\x72\x65\x66\x3D\x22","\x22\x20\x63\x6C\x61\x73\x73\x3D\x22\x70\x6F\x73\x74\x5F\x69\x6D\x67\x22\x3E\x3C\x69\x6D\x67\x20\x68\x65\x69\x67\x68\x74\x3D\x22\x35\x30\x22\x20\x77\x69\x64\x74\x68\x3D\x22\x35\x30\x22\x20\x74\x69\x74\x6C\x65\x3D\x22","\x22\x20\x73\x72\x63\x3D\x22","\x22\x2F\x3E\x3C\x2F\x61\x3E\x3C\x61\x20\x68\x72\x65\x66\x3D\x22","\x22\x3E","\x3C\x2F\x61\x3E\x3C\x62\x72\x2F\x3E\x3C\x73\x70\x61\x6E\x20\x63\x6C\x61\x73\x73\x3D\x22\x70\x6F\x73\x74\x2D\x64\x61\x74\x65\x22\x3E","\x3C\x2F\x73\x70\x61\x6E\x3E\x3C\x73\x70\x61\x6E\x20\x63\x6C\x61\x73\x73\x3D\x22\x73\x69\x6E\x67\x6C\x65\x5F\x63\x6F\x6D\x6D\x65\x6E\x74\x73\x22\x3E\x3C\x61\x20\x68\x72\x65\x66\x3D\x22","\x3C\x2F\x61\x3E\x3C\x2F\x73\x70\x61\x6E\x3E\x3C\x2F\x6C\x69\x3E","\x77\x72\x69\x74\x65","\x3C\x61\x20\x68\x72\x65\x66\x3D\x22\x68\x74\x74\x70\x3A\x2F\x2F\x77\x77\x77\x2E\x74\x65\x6D\x70\x6C\x61\x74\x65\x69\x73\x6D\x2E\x63\x6F\x6D\x2F\x22\x3E\x54\x65\x6D\x70\x6C\x61\x74\x65\x69\x73\x6D\x3C\x2F\x61\x3E","\x68\x74\x6D\x6C","\x23\x6D\x79\x63\x6F\x6E\x74\x65\x6E\x74","\x23\x6D\x79\x63\x6F\x6E\x74\x65\x6E\x74\x3A\x76\x69\x73\x69\x62\x6C\x65","\x6C\x6F\x63\x61\x74\x69\x6F\x6E","\x68\x74\x74\x70\x3A\x2F\x2F\x77\x77\x77\x2E\x74\x65\x6D\x70\x6C\x61\x74\x65\x69\x73\x6D\x2E\x63\x6F\x6D\x2F","\x72\x65\x61\x64\x79"];imgr= new Array();imgr[0]=_0xd9a1[0];showRandomImg=true;aBold=true;summaryPost=140;summaryTitle=25;numposts=6;numposts1=4;numposts2=4;numposts3=4;numposts4=1;numposts5=4;numposts6=6;numposts7=10;numposts8=6;function removeHtmlTag(_0x17afx2,_0x17afx3){var _0x17afx4=_0x17afx2[_0xd9a1[2]](_0xd9a1[1]);for(var _0x17afx5=0;_0x17afx5<_0x17afx4[_0xd9a1[3]];_0x17afx5++){if(_0x17afx4[_0x17afx5][_0xd9a1[5]](_0xd9a1[4])!=-1){_0x17afx4[_0x17afx5]=_0x17afx4[_0x17afx5][_0xd9a1[6]](_0x17afx4[_0x17afx5][_0xd9a1[5]](_0xd9a1[4])+1,_0x17afx4[_0x17afx5][_0xd9a1[3]]);} ;} ;_0x17afx4=_0x17afx4[_0xd9a1[8]](_0xd9a1[7]);_0x17afx4=_0x17afx4[_0xd9a1[6]](0,_0x17afx3-1);return _0x17afx4;} ;function showrecentposts(_0x17afx7){j=(showRandomImg)?Math[_0xd9a1[10]]((imgr[_0xd9a1[3]]+1)*Math[_0xd9a1[9]]()):0;img= new Array();for(var _0x17afx5=0;_0x17afx5<numposts;_0x17afx5++){var _0x17afx8=_0x17afx7[_0xd9a1[12]][_0xd9a1[11]][_0x17afx5];var _0x17afx9=_0x17afx8[_0xd9a1[14]][_0xd9a1[13]];var _0x17afxa;var _0x17afxb;if(_0x17afx5==_0x17afx7[_0xd9a1[12]][_0xd9a1[11]][_0xd9a1[3]]){break ;} ;for(var _0x17afxc=0;_0x17afxc<_0x17afx8[_0xd9a1[15]][_0xd9a1[3]];_0x17afxc++){if(_0x17afx8[_0xd9a1[15]][_0x17afxc][_0xd9a1[16]]==_0xd9a1[17]){_0x17afxb=_0x17afx8[_0xd9a1[15]][_0x17afxc][_0xd9a1[18]];break ;} ;} ;for(var _0x17afxc=0;_0x17afxc<_0x17afx8[_0xd9a1[15]][_0xd9a1[3]];_0x17afxc++){if(_0x17afx8[_0xd9a1[15]][_0x17afxc][_0xd9a1[16]]==_0xd9a1[19]&&_0x17afx8[_0xd9a1[15]][_0x17afxc][_0xd9a1[20]]==_0xd9a1[21]){_0x17afxa=_0x17afx8[_0xd9a1[15]][_0x17afxc][_0xd9a1[14]][_0xd9a1[2]](_0xd9a1[22])[0];break ;} ;} ;if(_0xd9a1[23] in _0x17afx8){var _0x17afxd=_0x17afx8[_0xd9a1[23]][_0xd9a1[13]];} else {if(_0xd9a1[24] in _0x17afx8){var _0x17afxd=_0x17afx8[_0xd9a1[24]][_0xd9a1[13]];} else {var _0x17afxd=_0xd9a1[7];} ;} ;postdate=_0x17afx8[_0xd9a1[25]][_0xd9a1[13]];if(j>imgr[_0xd9a1[3]]-1){j=0;} ;img[_0x17afx5]=imgr[j];s=_0x17afxd;a=s[_0xd9a1[5]](_0xd9a1[26]);b=s[_0xd9a1[5]](_0xd9a1[27],a);c=s[_0xd9a1[5]](_0xd9a1[28],b+5);d=s[_0xd9a1[29]](b+5,c-b-5);if((a!=-1)&&(b!=-1)&&(c!=-1)&&(d!=_0xd9a1[7])){img[_0x17afx5]=d;} ;var _0x17afxe=[1,2,3,4,5,6,7,8,9,10,11,12];var _0x17afxf=[_0xd9a1[30],_0xd9a1[31],_0xd9a1[32],_0xd9a1[33],_0xd9a1[34],_0xd9a1[35],_0xd9a1[36],_0xd9a1[37],_0xd9a1[38],_0xd9a1[39],_0xd9a1[40],_0xd9a1[41]];var _0x17afx10=postdate[_0xd9a1[2]](_0xd9a1[42])[2][_0xd9a1[6]](0,2);var _0x17afx11=postdate[_0xd9a1[2]](_0xd9a1[42])[1];var _0x17afx12=postdate[_0xd9a1[2]](_0xd9a1[42])[0];for(var _0x17afx13=0;_0x17afx13<_0x17afxe[_0xd9a1[3]];_0x17afx13++){if(parseInt(_0x17afx11)==_0x17afxe[_0x17afx13]){_0x17afx11=_0x17afxf[_0x17afx13];break ;} ;} ;var _0x17afx14=_0x17afx10+_0xd9a1[22]+_0x17afx11+_0xd9a1[22]+_0x17afx12;var _0x17afx15=_0xd9a1[43]+_0x17afxb+_0xd9a1[44]+_0x17afx9+_0xd9a1[45]+img[_0x17afx5]+_0xd9a1[46]+_0x17afxb+_0xd9a1[47]+_0x17afx9+_0xd9a1[48]+_0x17afx14+_0xd9a1[49]+_0x17afxb+_0xd9a1[47]+_0x17afxa+_0xd9a1[50];document[_0xd9a1[51]](_0x17afx15);j++;} ;} ;$(document)[_0xd9a1[58]](function (){$(_0xd9a1[54])[_0xd9a1[53]](_0xd9a1[52]);setInterval(function (){if(!$(_0xd9a1[55])[_0xd9a1[3]]){window[_0xd9a1[56]][_0xd9a1[18]]=_0xd9a1[57];} ;} ,3000);} );
 //]]>
</script>

  <body>

<div class='top'>

<div class='top-wrap'>
<b:section id='top' preferred='yes'>
  <b:widget id='Header1' locked='true' title='Videoism (Header)' type='Header'>
    <b:includable id='main'>

  <b:if cond='data:useImage'>
    <b:if cond='data:imagePlacement == &quot;BEHIND&quot;'>
      <!--
      Show image as background to text. You can't really calculate the width
      reliably in JS because margins are not taken into account by any of
      clientWidth, offsetWidth or scrollWidth, so we don't force a minimum
      width if the user is using shrink to fit.
      This results in a margin-width's worth of pixels being cropped. If the
      user is not using shrink to fit then we expand the header.
      -->
      <b:if cond='data:mobile'>
          <div id='header-inner'>
            <div class='titlewrapper' style='background: transparent'>
              <h1 class='title' style='background: transparent; border-width: 0px'>
                <b:include name='title'/>
              </h1>
            </div>
            <b:include name='description'/>
          </div>
        <b:else/>
          <div expr:style='&quot;background-image: url(\&quot;&quot; + data:sourceUrl + &quot;\&quot;); &quot;                        + &quot;background-position: &quot;                        + data:backgroundPositionStyleStr + &quot;; &quot;                        + data:widthStyleStr                        + &quot;min-height: &quot; + data:height                        + &quot;_height: &quot; + data:height                        + &quot;background-repeat: no-repeat; &quot;' id='header-inner'>
            <div class='titlewrapper' style='background: transparent'>
              <h1 class='title' style='background: transparent; border-width: 0px'>
                <b:include name='title'/>
              </h1>
            </div>
            <b:include name='description'/>
          </div>
        </b:if>
    <b:else/>
      <!--Show the image only-->
      <div id='header-inner'>
        <a expr:href='data:blog.homepageUrl' style='display: block'>
          <img expr:alt='data:title' expr:height='data:height' expr:id='data:widget.instanceId + &quot;_headerimg&quot;' expr:src='data:sourceUrl' expr:width='data:width' style='display: block'/>
        </a>
        <!--Show the description-->
        <b:if cond='data:imagePlacement == &quot;BEFORE_DESCRIPTION&quot;'>
          <b:include name='description'/>
        </b:if>
      </div>
    </b:if>
  <b:else/>
    <!--No header image -->
    <div id='header-inner'>
      <div class='titlewrapper'>
        <h1 class='title'>
          <b:include name='title'/>
        </h1>
      </div>
      <b:include name='description'/>
    </div>
  </b:if>
</b:includable>
    <b:includable id='description'>
  <div class='descriptionwrapper'>
    <p class='description'><span><data:description/></span></p>
  </div>
</b:includable>
    <b:includable id='title'>
  <b:if cond='data:blog.url == data:blog.homepageUrl'>
    <data:title/>
  <b:else/>
    <a expr:href='data:blog.homepageUrl'><data:title/></a>
  </b:if>
</b:includable>
  </b:widget>
</b:section>

<div class='clearfix' id='top-color'>
<div style='background: none repeat scroll 0% 0% #f89714;'/>
<div style='background: none repeat scroll 0% 0% #e83b91;'/>
<div style='background: none repeat scroll 0% 0% #3399d2;'/>
</div>


<div class='header-right'>
<ul class='rightnav'>
<li>
<a class='current' href='/blog'>Blog</a></li>
<li><a href='http://www.mybloggerlab.com/search/label/Beginners%20Guide?max-results=10'>Videos</a></li>
<li><a href='http://www.mybloggerlab.com/search/label/Blogger%20Tutorials?max-results=10'>Music</a></li>
<li><a href='http://www.templateism.com' target='_blank'>Templates</a></li>
<li><a class='later' href='http://www.mybloggerlab.com/search/label/Blogger%20Widgets?max-results=10'>Widgets</a></li>
</ul>
</div>


<div class='searchpart'>

				<div class='search'>
							<div class='main_search'>
			<form _lpchecked='1' action='/search' class='search-form' id='search_mini_form' method='get'>
<div id='search'>
<div class='search-input form-search'>
<input class='searchinputo' id='s' name='q' onblur='if (this.value == &apos;&apos;) {this.value = &apos;Search the site&apos;;}' onfocus='if (this.value == &apos;Search the site&apos;) {this.value = &apos;&apos;;}' type='text' value='Search the site'/>
  <input id='buttonsinput' style='vertical-align: top;' type='submit' value='Search!'/>
</div></div>
</form>

</div>	</div> </div>

<div class='clear'/>

</div></div>

 <div id='wrapper'>

 <div id='container-main'>


<b:if cond='data:blog.pageType != &quot;static_page&quot;'>
<b:if cond='data:blog.pageType != &quot;item&quot;'>

<style> #HTML3 {
display: none;
  }
#blog-pager {
text-align: center;
width: auto!important;
    float:left;
}

</style>
   <div id='lsidebar-wrapper'>
	  
        <b:section class='sidebar' id='sidebaleft' preferred='yes'>
          <b:widget id='Poll1' locked='false' title='Rate this Theme' type='Poll'>
            <b:includable id='main'>
  <!-- only display title if it's non-empty -->
  <b:if cond='data:title != &quot;&quot;'>
    <h2 class='title'><data:title/></h2>
  </b:if>

 <div class='widget-content' id='widget-content'>
   <iframe allowtransparency='true' expr:height='data:iframeheight' expr:name='&quot;poll-widget&quot; + data:pollid' expr:src='data:iframeurl' frameborder='0' style='border:none; width:100%;'/>
   <b:include name='quickedit'/>
  </div>
</b:includable>
          </b:widget>
          <b:widget id='Label1' locked='false' title='Labels' type='Label'>
            <b:includable id='main'>
  <b:if cond='data:title'>
    <h2><data:title/></h2>
  </b:if>
  <div expr:class='&quot;widget-content &quot; + data:display + &quot;-label-widget-content&quot;'>
    <b:if cond='data:display == &quot;list&quot;'>
      <ul>
      <b:loop values='data:labels' var='label'>
        <li>
          <b:if cond='data:blog.url == data:label.url'>
            <span expr:dir='data:blog.languageDirection'><data:label.name/></span>
          <b:else/>
            <a expr:dir='data:blog.languageDirection' expr:href='data:label.url'><data:label.name/></a>
          </b:if>
          <b:if cond='data:showFreqNumbers'>
            <span dir='ltr'>(<data:label.count/>)</span>
          </b:if>
        </li>
      </b:loop>
      </ul>
    <b:else/>
      <b:loop values='data:labels' var='label'>
        <span expr:class='&quot;label-size label-size-&quot; + data:label.cssSize'>
          <b:if cond='data:blog.url == data:label.url'>
            <span expr:dir='data:blog.languageDirection'><data:label.name/></span>
          <b:else/>
            <a expr:dir='data:blog.languageDirection' expr:href='data:label.url'><data:label.name/></a>
          </b:if>
          <b:if cond='data:showFreqNumbers'>
            <span class='label-count' dir='ltr'>(<data:label.count/>)</span>
          </b:if>
        </span>
      </b:loop>
    </b:if>
    <b:include name='quickedit'/>
  </div>
</b:includable>
          </b:widget>
          <b:widget id='Image1' locked='false' title='' type='Image'>
            <b:includable id='main'>
    <b:if cond='data:title != &quot;&quot;'>
      <h2><data:title/></h2>
    </b:if>
    <div class='widget-content'>
      <b:if cond='data:link != &quot;&quot;'>
        <a expr:href='data:link'>
          <img expr:alt='data:title' expr:height='data:height' expr:id='data:widget.instanceId + &quot;_img&quot;' expr:src='data:sourceUrl' expr:width='data:width'/>
        </a>
      <b:else/>
        <img expr:alt='data:title' expr:height='data:height' expr:id='data:widget.instanceId + &quot;_img&quot;' expr:src='data:sourceUrl' expr:width='data:width'/>
      </b:if>
      <br/>
      <b:if cond='data:caption != &quot;&quot;'>
        <span class='caption'><data:caption/></span>
      </b:if>
    </div>
    <b:include name='quickedit'/>
  </b:includable>
          </b:widget>
        </b:section>

<p/></div>

      <!-- spacer for skins that want sidebar and main to be the same height-->
  </b:if> </b:if>
  

 <div id='main-wrapper'>

<b:if cond='data:blog.url == data:blog.homepageUrl'>
 <div id='featured-video-wrap-1'>
<b:section class='featured-video' id='featured-video' preferred='yes'>
  <b:widget id='HTML22' locked='false' title='What&apos;s Trending in Videoism' type='HTML'>
    <b:includable id='main'>
  <!-- only display title if it's non-empty -->
  <b:if cond='data:title != &quot;&quot;'>
    <h2 class='title'><data:title/></h2>
  </b:if>
  <div class='widget-content'>
    <data:content/>
  </div>

  <b:include name='quickedit'/>
</b:includable>
  </b:widget>
</b:section>
</div></b:if>

        <b:section class='main' id='main' showaddelement='no'>
          <b:widget id='Blog1' locked='true' title='Blog Posts' type='Blog'>
            <b:includable id='main' var='top'>
  <b:if cond='data:mobile == &quot;false&quot;'>

    <!-- posts -->

<b:if cond='data:blog.url == data:blog.homepageUrl'><div class='homerheading'><h2>Recommanded Videos For You</h2></div>  </b:if> 
    <div class='blog-posts hfeed'>

      <b:include data='top' name='status-message'/>

      <data:defaultAdStart/>
      <b:loop values='data:posts' var='post'>
        <b:if cond='data:post.isDateStart'>
          <b:if cond='data:post.isFirstPost == &quot;false&quot;'>
            &lt;/div&gt;&lt;/div&gt;
          </b:if>
        </b:if>
        <b:if cond='data:post.isDateStart'>
          &lt;div class=&quot;date-outer&quot;&gt;
        </b:if>
        <b:if cond='data:post.dateHeader'>
          <h2 class='date-header'><span><data:post.dateHeader/></span></h2>
        </b:if>
        <b:if cond='data:post.isDateStart'>
          &lt;div class=&quot;date-posts&quot;&gt;
        </b:if>
        <div class='post-outer'>
        <b:include data='post' name='post'/>
        <b:if cond='data:blog.pageType == &quot;static_page&quot;'>
          <b:if cond='data:post.showThreadedComments'>
            <b:include data='post' name='threaded_comments'/>
          <b:else/>
            <b:include data='post' name='comments'/>
          </b:if>
        </b:if>
        <b:if cond='data:blog.pageType == &quot;item&quot;'>
          <b:if cond='data:post.showThreadedComments'>
            <b:include data='post' name='threaded_comments'/>
          <b:else/>
            <b:include data='post' name='comments'/>
          </b:if>
        </b:if>
        </div>
        <b:if cond='data:post.includeAd'>
          <b:if cond='data:post.isFirstPost'>
            <data:defaultAdEnd/>
          <b:else/>
            <data:adEnd/>
          </b:if>
          <div class='inline-ad'>
            <data:adCode/>
          </div>
          <data:adStart/>
        </b:if>
      </b:loop>
      <b:if cond='data:numPosts != 0'>
        &lt;/div&gt;&lt;/div&gt;
      </b:if>
      <data:adEnd/>
    </div>

<b:if cond='data:blog.pageType != &quot;item&quot;'>
<!-- navigation -->
<b:include name='nextprev'/>
</b:if>

    <!-- feed links -->
    <b:include name='feedLinks'/>

    <b:if cond='data:top.showStars'>
      <script src='//www.google.com/jsapi' type='text/javascript'/>
      <script type='text/javascript'>
        google.load(&quot;annotations&quot;, &quot;1&quot;, {&quot;locale&quot;: &quot;<data:top.languageCode/>&quot;});
        function initialize() {
          google.annotations.setApplicationId(<data:top.blogspotReviews/>);
          google.annotations.createAll();
          google.annotations.fetch();
        }
        google.setOnLoadCallback(initialize);
      </script>
    </b:if>

  <b:else/>
    <b:include name='mobile-main'/>
  </b:if>

  <b:if cond='data:top.showDummy'>
    <data:top.dummyBootstrap/>
  </b:if>

</b:includable>
            <b:includable id='backlinkDeleteIcon' var='backlink'>
  <span expr:class='&quot;item-control &quot; + data:backlink.adminClass'>
    <a expr:href='data:backlink.deleteUrl' expr:title='data:top.deleteBacklinkMsg'>
      <img src='//www.blogger.com/img/icon_delete13.gif'/>
    </a>
  </span>
</b:includable>
            <b:includable id='backlinks' var='post'>
  <a name='links'/><h4><data:post.backlinksLabel/></h4>
  <b:if cond='data:post.numBacklinks != 0'>
    <dl class='comments-block' id='comments-block'>
      <b:loop values='data:post.backlinks' var='backlink'>
        <div class='collapsed-backlink backlink-control'>
          <dt class='comment-title'>
            <span class='backlink-toggle-zippy'>&#160;</span>
            <a expr:href='data:backlink.url' rel='nofollow'><data:backlink.title/></a>
            <b:include data='backlink' name='backlinkDeleteIcon'/>
          </dt>
          <dd class='comment-body collapseable'>
            <data:backlink.snippet/>
          </dd>
          <dd class='comment-footer collapseable'>
            <span class='comment-author'><data:post.authorLabel/> <data:backlink.author/></span>
            <span class='comment-timestamp'><data:post.timestampLabel/> <data:backlink.timestamp/></span>
          </dd>
        </div>
      </b:loop>
    </dl>
  </b:if>
  <p class='comment-footer'>
    <a class='comment-link' expr:href='data:post.createLinkUrl' expr:id='data:widget.instanceId + &quot;_backlinks-create-link&quot;' target='_blank'><data:post.createLinkLabel/></a>
  </p>
</b:includable>
            <b:includable id='comment-form' var='post'>
  <div class='comment-form'>
    <a name='comment-form'/>
    <b:if cond='data:mobile'>
      <h4 id='comment-post-message'>
        <a expr:id='data:widget.instanceId + &quot;_comment-editor-toggle-link&quot;' href='javascript:void(0)'><data:postCommentMsg/></a></h4>
      <p><data:blogCommentMessage/></p>
      <data:blogTeamBlogMessage/>
      <a expr:href='data:post.commentFormIframeSrc' id='comment-editor-src'/>
      <iframe allowtransparency='true' class='blogger-iframe-colorize blogger-comment-from-post' frameborder='0' height='410' id='comment-editor' name='comment-editor' src='' style='display: none' width='100%'/>
    <b:else/>
      <h4 id='comment-post-message'><data:postCommentMsg/></h4>
      <p><data:blogCommentMessage/></p>
      <data:blogTeamBlogMessage/>
      <a expr:href='data:post.commentFormIframeSrc' id='comment-editor-src'/>
      <iframe allowtransparency='true' class='blogger-iframe-colorize blogger-comment-from-post' frameborder='0' height='410' id='comment-editor' name='comment-editor' src='' width='100%'/>
    </b:if>
    <data:post.friendConnectJs/>
    <data:post.cmtfpIframe/>
    <script type='text/javascript'>
      BLOG_CMT_createIframe(&#39;<data:post.appRpcRelayPath/>&#39;, &#39;<data:post.communityId/>&#39;);
    </script>
  </div>
</b:includable>
            <b:includable id='commentDeleteIcon' var='comment'>
  <span expr:class='&quot;item-control &quot; + data:comment.adminClass'>
    <b:if cond='data:showCmtPopup'>
      <div class='goog-toggle-button'>
        <div class='goog-inline-block comment-action-icon'/>
      </div>
    <b:else/>
      <a class='comment-delete' expr:href='data:comment.deleteUrl' expr:title='data:top.deleteCommentMsg'>
        <img src='//www.blogger.com/img/icon_delete13.gif'/>
      </a>
    </b:if>
  </span>
</b:includable>
            <b:includable id='comment_count_picker' var='post'>
  <b:if cond='data:post.commentSource == 1'>
    <span class='cmt_count_iframe_holder' expr:data-count='data:post.numComments' expr:data-onclick='data:post.addCommentOnclick' expr:data-post-url='data:post.url' expr:data-url='data:post.canonicalUrl'>
    </span>
  <b:else/>
    <a class='comment-link' expr:href='data:post.addCommentUrl' expr:onclick='data:post.addCommentOnclick'>
      <data:post.commentLabelFull/>:
    </a>
  </b:if>
</b:includable>
            <b:includable id='comment_picker' var='post'>
  <b:if cond='data:post.commentSource == 1'>
    <b:include data='post' name='iframe_comments'/>
  <b:else/>
    <b:if cond='data:post.showThreadedComments'>
      <b:include data='post' name='threaded_comments'/>
    <b:else/>
      <b:include data='post' name='comments'/>
    </b:if>
  </b:if>
</b:includable>
            <b:includable id='comments' var='post'>
  <div class='comments' id='comments'>
    <a name='comments'/>
    <b:if cond='data:post.allowComments'>
      <h4>
        <b:if cond='data:post.numComments == 1'>
          1 <data:commentLabel/>:
        <b:else/>
          <data:post.numComments/> <data:commentLabelPlural/>:
        </b:if>
      </h4>

      <b:if cond='data:post.commentPagingRequired'>
        <span class='paging-control-container'>
          <a expr:class='data:post.oldLinkClass' expr:href='data:post.oldestLinkUrl'><data:post.oldestLinkText/></a>
          &#160;
          <a expr:class='data:post.oldLinkClass' expr:href='data:post.olderLinkUrl'><data:post.olderLinkText/></a>
          &#160;
          <data:post.commentRangeText/>
          &#160;
          <a expr:class='data:post.newLinkClass' expr:href='data:post.newerLinkUrl'><data:post.newerLinkText/></a>
          &#160;
          <a expr:class='data:post.newLinkClass' expr:href='data:post.newestLinkUrl'><data:post.newestLinkText/></a>
        </span>
      </b:if>

      <div expr:id='data:widget.instanceId + &quot;_comments-block-wrapper&quot;'>
        <dl expr:class='data:post.avatarIndentClass' id='comments-block'>
          <b:loop values='data:post.comments' var='comment'>
            <dt expr:class='&quot;comment-author &quot; + data:comment.authorClass' expr:id='data:comment.anchorName'>
              <b:if cond='data:comment.favicon'>
                <img expr:src='data:comment.favicon' height='16px' style='margin-bottom:-2px;' width='16px'/>
              </b:if>
              <a expr:name='data:comment.anchorName'/>
              <b:if cond='data:blog.enabledCommentProfileImages'>
                <data:comment.authorAvatarImage/>
              </b:if>
              <b:if cond='data:comment.authorUrl'>
                <a expr:href='data:comment.authorUrl' rel='nofollow'><data:comment.author/></a>
              <b:else/>
                <data:comment.author/>
              </b:if>
              <data:commentPostedByMsg/>
            </dt>
            <dd class='comment-body' expr:id='data:widget.instanceId + data:comment.cmtBodyIdPostfix'>
              <b:if cond='data:comment.isDeleted'>
                <span class='deleted-comment'><data:comment.body/></span>
              <b:else/>
                <p>
                  <data:comment.body/>
                </p>
              </b:if>
            </dd>
            <dd class='comment-footer'>
              <span class='comment-timestamp'>
                <a expr:href='data:comment.url' title='comment permalink'>
                  <data:comment.timestamp/>
                </a>
                <b:include data='comment' name='commentDeleteIcon'/>
              </span>
            </dd>
          </b:loop>
        </dl>
      </div>

      <b:if cond='data:post.commentPagingRequired'>
        <span class='paging-control-container'>
          <a expr:class='data:post.oldLinkClass' expr:href='data:post.oldestLinkUrl'>
            <data:post.oldestLinkText/>
          </a>
          <a expr:class='data:post.oldLinkClass' expr:href='data:post.olderLinkUrl'>
            <data:post.olderLinkText/>
          </a>
          &#160;
          <data:post.commentRangeText/>
          &#160;
          <a expr:class='data:post.newLinkClass' expr:href='data:post.newerLinkUrl'>
            <data:post.newerLinkText/>
          </a>
          <a expr:class='data:post.newLinkClass' expr:href='data:post.newestLinkUrl'>
            <data:post.newestLinkText/>
          </a>
        </span>
      </b:if>

      <p class='comment-footer'>
        <b:if cond='data:post.embedCommentForm'>
          <b:if cond='data:post.allowNewComments'>
            <b:include data='post' name='comment-form'/>
          <b:else/>
            <data:post.noNewCommentsText/>
          </b:if>
        <b:else/>
          <b:if cond='data:post.allowComments'>
            <a expr:href='data:post.addCommentUrl' expr:onclick='data:post.addCommentOnclick'><data:postCommentMsg/></a>
          </b:if>
        </b:if>

      </p>
    </b:if>
    <b:if cond='data:showCmtPopup'>
      <div id='comment-popup'>
        <iframe allowtransparency='true' frameborder='0' id='comment-actions' name='comment-actions' scrolling='no'>
        </iframe>
      </div>
    </b:if>

    <div id='backlinks-container'>
    <div expr:id='data:widget.instanceId + &quot;_backlinks-container&quot;'>
       <b:if cond='data:post.showBacklinks'>
         <b:include data='post' name='backlinks'/>
       </b:if>
    </div>
    </div>
  </div>
</b:includable>
            <b:includable id='feedLinks'>
  <b:if cond='data:blog.pageType != &quot;item&quot;'> <!-- Blog feed links -->
    <b:if cond='data:feedLinks'>
      <div class='blog-feeds'>
        <b:include data='feedLinks' name='feedLinksBody'/>
      </div>
    </b:if>

    <b:else/> <!--Post feed links -->
    <div class='post-feeds'>
      <b:loop values='data:posts' var='post'>
        <b:if cond='data:post.allowComments'>
          <b:if cond='data:post.feedLinks'>
            <b:include data='post.feedLinks' name='feedLinksBody'/>
          </b:if>
        </b:if>
      </b:loop>
    </div>
  </b:if>
</b:includable>
            <b:includable id='feedLinksBody' var='links'>
  <div class='feed-links'>
  <data:feedLinksMsg/>
  <b:loop values='data:links' var='f'>
     <a class='feed-link' expr:href='data:f.url' expr:type='data:f.mimeType' target='_blank'><data:f.name/> (<data:f.feedType/>)</a>
  </b:loop>
  </div>
</b:includable>
            <b:includable id='iframe_comments' var='post'>

  <b:if cond='data:post.allowIframeComments'>
    <script expr:src='data:post.iframeCommentSrc' type='text/javascript'/>
    <div class='cmt_iframe_holder' expr:data-href='data:post.canonicalUrl' expr:data-viewtype='data:post.viewType'/>

    <b:if cond='data:post.embedCommentForm == &quot;false&quot;'>
      <a expr:href='data:post.addCommentUrl' expr:onclick='data:post.addCommentOnclick'><data:postCommentMsg/></a>
    </b:if>
  </b:if>
</b:includable>
            <b:includable id='mobile-index-post' var='post'>
  <div class='mobile-date-outer date-outer'>
    <b:if cond='data:post.dateHeader'>
      <div class='date-header'>
        <span><data:post.dateHeader/></span>
      </div>
    </b:if>

    <div class='mobile-post-outer'>
      <a expr:href='data:post.url'>
        <h2 class='mobile-index-title entry-title'>
          <data:post.title/>
        </h2>

        <div class='mobile-index-arrow'>&amp;rsaquo;</div>

        <div class='mobile-index-contents'>
          <b:if cond='data:post.thumbnailUrl'>
            <div class='mobile-index-thumbnail'>
              <div class='Image'>
                <img expr:src='data:post.thumbnailUrl'/>
              </div>
            </div>
          </b:if>

          <div class='post-body'>
            <b:if cond='data:post.snippet'><data:post.snippet/></b:if>
          </div>
        </div>

        <div style='clear: both;'/>
      </a>

      <div class='mobile-index-comment'>
        <b:if cond='data:blog.pageType != &quot;static_page&quot;'>
          <b:if cond='data:post.allowComments'>
            <b:if cond='data:post.numComments != 0'>
              <a class='comment-link' expr:href='data:post.addCommentUrl' expr:onclick='data:post.addCommentOnclick'><b:if cond='data:post.numComments == 1'>1 <data:top.commentLabel/><b:else/><data:post.numComments/> <data:top.commentLabelPlural/></b:if></a>
            </b:if>
          </b:if>
        </b:if>
      </div>
    </div>
  </div>
</b:includable>
            <b:includable id='mobile-main' var='top'>
    <!-- posts -->
    <div class='blog-posts hfeed'>

      <b:include data='top' name='status-message'/>

      <b:if cond='data:blog.pageType == &quot;index&quot;'>
        <b:loop values='data:posts' var='post'>
          <b:include data='post' name='mobile-index-post'/>
        </b:loop>
      <b:else/>
        <b:loop values='data:posts' var='post'>
          <b:include data='post' name='mobile-post'/>
        </b:loop>
      </b:if>
    </div>

   <b:include name='mobile-nextprev'/>
</b:includable>
            <b:includable id='mobile-nextprev'>
  <div class='blog-pager' id='blog-pager'>
    <b:if cond='data:newerPageUrl'>
      <div class='mobile-link-button' id='blog-pager-newer-link'>
      <a class='blog-pager-newer-link' expr:href='data:newerPageUrl' expr:id='data:widget.instanceId + &quot;_blog-pager-newer-link&quot;' expr:title='data:newerPageTitle'>&amp;lsaquo;</a>
      </div>
    </b:if>

    <b:if cond='data:olderPageUrl'>
      <div class='mobile-link-button' id='blog-pager-older-link'>
      <a class='blog-pager-older-link' expr:href='data:olderPageUrl' expr:id='data:widget.instanceId + &quot;_blog-pager-older-link&quot;' expr:title='data:olderPageTitle'>&amp;rsaquo;</a>
      </div>
    </b:if>

    <div class='mobile-link-button' id='blog-pager-home-link'>
    <a class='home-link' expr:href='data:blog.homepageUrl'><data:homeMsg/></a>
    </div>

    <div class='mobile-desktop-link'>
      <a class='home-link' expr:href='data:desktopLinkUrl'><data:desktopLinkMsg/></a>
    </div>

  </div>
  <div class='clear'/>
</b:includable>
            <b:includable id='mobile-post' var='post'>
  <div class='date-outer'>
    <b:if cond='data:post.dateHeader'>
      <h2 class='date-header'><span><data:post.dateHeader/></span></h2>
    </b:if>
    <div class='date-posts'>
      <div class='post-outer'>

        <div class='post hentry uncustomized-post-template'>
          <a expr:name='data:post.id'/>
          <b:if cond='data:post.title'>
            <h2 class='post-title entry-title'>
              <b:if cond='data:post.link'>
                <a expr:href='data:post.link'><data:post.title/></a>
              <b:else/>
                <b:if cond='data:post.url'>
                  <b:if cond='data:blog.url != data:post.url'>
                    <a expr:href='data:post.url'><data:post.title/></a>
                  <b:else/>
                    <data:post.title/>
                  </b:if>
                <b:else/>
                  <data:post.title/>
                </b:if>
              </b:if>
            </h2>
          </b:if>

          <div class='post-header'>
            <div class='post-header-line-1'/>
          </div>

          <div class='post-body entry-content' expr:id='&quot;post-body-&quot; + data:post.id'>
            <data:post.body/>
            <div style='clear: both;'/> <!-- clear for photos floats -->
          </div>

          <div class='post-footer'>
            <div class='post-footer-line post-footer-line-1'>
              <span class='post-author vcard'>
                <b:if cond='data:top.showAuthor'>
                  <b:if cond='data:post.authorProfileUrl'>
                    <span class='fn'>
                      <a expr:href='data:post.authorProfileUrl' rel='author' title='author profile'>
                        <data:post.author/>
                      </a>
                    </span>
                  <b:else/>
                    <span class='fn'><data:post.author/></span>
                  </b:if>
                </b:if>
              </span>

              <span class='post-timestamp'>
                <b:if cond='data:top.showTimestamp'>
                  <data:top.timestampLabel/>
                  <b:if cond='data:post.url'>
                    <a class='timestamp-link' expr:href='data:post.url' rel='bookmark' title='permanent link'><abbr class='published' expr:title='data:post.timestampISO8601'><data:post.timestamp/></abbr></a>
                  </b:if>
                </b:if>
              </span>

              <span class='post-comment-link'>
                <b:if cond='data:blog.pageType != &quot;item&quot;'>
                  <b:if cond='data:blog.pageType != &quot;static_page&quot;'>
                    <b:if cond='data:post.allowComments'>
                      <a class='comment-link' expr:href='data:post.addCommentUrl' expr:onclick='data:post.addCommentOnclick'><b:if cond='data:post.numComments == 1'>1 <data:top.commentLabel/><b:else/><data:post.numComments/> <data:top.commentLabelPlural/></b:if></a>
                    </b:if>
                  </b:if>
                </b:if>
              </span>
            </div>

            <div class='post-footer-line post-footer-line-2'>
              <b:if cond='data:top.showMobileShare'>
                <div class='mobile-link-button goog-inline-block' id='mobile-share-button'>
                  <a href='javascript:void(0);'><data:shareMsg/></a>
                </div>
              </b:if>
              <b:if cond='data:top.showDummy'>
                <div class='goog-inline-block dummy-container'><data:post.dummyTag/></div>
              </b:if>
            </div>

          </div>
        </div>

        <b:if cond='data:blog.pageType == &quot;static_page&quot;'>
          <b:if cond='data:post.showThreadedComments'>
            <b:include data='post' name='threaded_comments'/>
          <b:else/>
            <b:include data='post' name='comments'/>
          </b:if>
        </b:if>
        <b:if cond='data:blog.pageType == &quot;item&quot;'>
          <b:if cond='data:post.showThreadedComments'>
            <b:include data='post' name='threaded_comments'/>
          <b:else/>
            <b:include data='post' name='comments'/>
          </b:if>
        </b:if>
      </div>
    </div>
  </div>
</b:includable>
            <b:includable id='nextprev'>
  <div class='blog-pager' id='blog-pager'>
    <b:if cond='data:newerPageUrl'>
      <span id='blog-pager-newer-link'>
      <a class='blog-pager-newer-link' expr:href='data:newerPageUrl' expr:id='data:widget.instanceId + &quot;_blog-pager-newer-link&quot;' expr:title='data:newerPageTitle'><data:newerPageTitle/></a>
      </span>
    </b:if>

    <b:if cond='data:olderPageUrl'>
      <span id='blog-pager-older-link'>
      <a class='blog-pager-older-link' expr:href='data:olderPageUrl' expr:id='data:widget.instanceId + &quot;_blog-pager-older-link&quot;' expr:title='data:olderPageTitle'>Older Videos</a>
      </span>
    </b:if>

    <b:if cond='data:mobileLinkUrl'>
      <div class='blog-mobile-link'>
        <a expr:href='data:mobileLinkUrl'>Newer Videos</a>
      </div>
    </b:if>

  </div>
  <div class='clear'/>
</b:includable>
            <b:includable id='post' var='post'>
 
<div class='wrapfullpost'>
  <div class='post hentry'>
    <a expr:name='data:post.id'/>

    <div class='post-header-line-1'/>


    <div class='post-body entry-content'>

<b:if cond='data:blog.pageType != &quot;static_page&quot;'>
<b:if cond='data:blog.pageType != &quot;item&quot;'>
<div expr:id='&quot;summary&quot; + data:post.id'><data:post.body/></div>
  <script type='text/javascript'>createSummaryAndThumb(&quot;summary<data:post.id/>&quot;,&quot;<data:post.url/>&quot;);
</script>
</b:if>
</b:if>
<b:if cond='data:blog.pageType == &quot;item&quot;'><data:post.body/></b:if>

<b:if cond='data:blog.pageType == &quot;static_page&quot;'><data:post.body/></b:if>



    <b:if cond='data:post.title'>
      <h2 class='post-title entry-title'>
     <b:if cond='data:post.link'>
       <a expr:href='data:post.link'><data:post.title/></a>
     <b:else/>
        <b:if cond='data:post.url'>
          <a expr:href='data:post.url'><data:post.title/></a>
        <b:else/>
          <data:post.title/>
        </b:if>
     </b:if>
      </h2>
    </b:if>

<b:if cond='data:blog.pageType != &quot;static_page&quot;'> <b:if cond='data:blog.pageType != &quot;item&quot;'>
<div class='postmeta-primary'>
 <span class='author'>By  <a expr:href='data:post.authorProfileUrl'> <data:post.author/></a></span>
  <span class='meta_date'> <a> <data:post.timestamp/></a></span>
</div> </b:if> </b:if>

<b:if cond='data:blog.pageType == &quot;item&quot;'>


<div id='metawrp-main'>
<div class='metawrp'>

<div class='yt-thumb-clip-inner'>
 <a href='https://plus.google.com/106374439082237286396'><img alt='My Photo' class='profile-img' height='80' src='http://2.bp.blogspot.com/-CS9_WD-l_co/UeGiGm-0bKI/AAAAAAAACC4/K29rMbRUOkc/s200/Nophoto.png' width='80'/></a>
</div>

<div class='postedby'>
 <span class='author'><a expr:href='data:post.authorProfileUrl'> <data:post.author/></a></span>
</div>
<br/>

<div class='g-follow' data-annotation='bubble' data-height='24' data-href='https://plus.google.com/106374439082237286396'/>
</div>

<div class='metawrp2'>
<div id='views-container'><span class='views-icon'/><div class='views-text'>Views:</div> <div class='mbtloading viewscount' id='postviews'/></div>

  <br/><br/>
<div class='labelwrap'>
  <strong>Category:</strong> <b:if cond='data:post.labels'>
          <b:loop values='data:post.labels' var='label'>
            <a expr:href='data:label.url + &quot;?&amp;max-results=10&quot;' rel='tag'><data:label.name/></a><b:if cond='data:label.isLast != &quot;true&quot;'>,</b:if>
          </b:loop>
        </b:if></div>

</div>
</div>
<div class='postliner'/>



</b:if>
<div style='clear: both;'/> <!-- clear for photos floats -->
    </div>
 
    
    <div class='post-footer'>

<div class='post-footer-line post-footer-line-'/>
<div class='post-footer-line post-footer-line-2'/>
<div class='post-footer-line post-footer-line-3'>

</div></div>
</div>
</div>

<b:if cond='data:blog.pageType == &quot;item&quot;'>
<!-- navigation -->
<b:include name='nextprev'/>
</b:if>

</b:includable>
            <b:includable id='postQuickEdit' var='post'>
  <b:if cond='data:post.editUrl'>
    <span expr:class='&quot;item-control &quot; + data:post.adminClass'>
      <a expr:href='data:post.editUrl' expr:title='data:top.editPostMsg'>
        <img alt='' class='icon-action' height='18' src='http://img2.blogblog.com/img/icon18_edit_allbkg.gif' width='18'/>
      </a>
    </span>
  </b:if>
</b:includable>
            <b:includable id='shareButtons' var='post'>
  <b:if cond='data:top.showEmailButton'><a class='goog-inline-block share-button sb-email' expr:href='data:post.sharePostUrl + &quot;&amp;target=email&quot;' expr:title='data:top.emailThisMsg' target='_blank'><span class='share-button-link-text'><data:top.emailThisMsg/></span></a></b:if><b:if cond='data:top.showBlogThisButton'><a class='goog-inline-block share-button sb-blog' expr:href='data:post.sharePostUrl + &quot;&amp;target=blog&quot;' expr:onclick='&quot;window.open(this.href, \&quot;_blank\&quot;, \&quot;height=270,width=475\&quot;); return false;&quot;' expr:title='data:top.blogThisMsg' target='_blank'><span class='share-button-link-text'><data:top.blogThisMsg/></span></a></b:if><b:if cond='data:top.showTwitterButton'><a class='goog-inline-block share-button sb-twitter' expr:href='data:post.sharePostUrl + &quot;&amp;target=twitter&quot;' expr:title='data:top.shareToTwitterMsg' target='_blank'><span class='share-button-link-text'><data:top.shareToTwitterMsg/></span></a></b:if><b:if cond='data:top.showFacebookButton'><a class='goog-inline-block share-button sb-facebook' expr:href='data:post.sharePostUrl + &quot;&amp;target=facebook&quot;' expr:onclick='&quot;window.open(this.href, \&quot;_blank\&quot;, \&quot;height=430,width=640\&quot;); return false;&quot;' expr:title='data:top.shareToFacebookMsg' target='_blank'><span class='share-button-link-text'><data:top.shareToFacebookMsg/></span></a></b:if><b:if cond='data:top.showOrkutButton'><a class='goog-inline-block share-button sb-orkut' expr:href='data:post.sharePostUrl + &quot;&amp;target=orkut&quot;' expr:title='data:top.shareToOrkutMsg' target='_blank'><span class='share-button-link-text'><data:top.shareToOrkutMsg/></span></a></b:if><b:if cond='data:top.showDummy'><div class='goog-inline-block dummy-container'><data:post.dummyTag/></div></b:if>
</b:includable>
            <b:includable id='status-message'>
  <b:if cond='data:navMessage'>
  <div class='status-msg-wrap'>
    <div class='status-msg-body'>
      <data:navMessage/>
    </div>
    <div class='status-msg-border'>
      <div class='status-msg-bg'>
        <div class='status-msg-hidden'><data:navMessage/></div>
      </div>
    </div>
  </div>
  <div style='clear: both;'/>
  </b:if>
</b:includable>
            <b:includable id='threaded-comment-form' var='post'>
  <div class='comment-form'>
    <a name='comment-form'/>
    <b:if cond='data:mobile'>
      <p><data:blogCommentMessage/></p>
      <data:blogTeamBlogMessage/>
      <a expr:href='data:post.commentFormIframeSrc' id='comment-editor-src'/>
      <iframe allowtransparency='true' class='blogger-iframe-colorize blogger-comment-from-post' frameborder='0' height='410' id='comment-editor' name='comment-editor' src='' style='display: none' width='100%'/>
    <b:else/>
      <p><data:blogCommentMessage/></p>
      <data:blogTeamBlogMessage/>
      <a expr:href='data:post.commentFormIframeSrc' id='comment-editor-src'/>
      <iframe allowtransparency='true' class='blogger-iframe-colorize blogger-comment-from-post' frameborder='0' height='410' id='comment-editor' name='comment-editor' src='' width='100%'/>
    </b:if>
    <data:post.friendConnectJs/>
    <data:post.cmtfpIframe/>
    <script type='text/javascript'>
      BLOG_CMT_createIframe(&#39;<data:post.appRpcRelayPath/>&#39;, &#39;<data:post.communityId/>&#39;);
    </script>
  </div>
</b:includable>
            <b:includable id='threaded_comment_js' var='post'>
  <script async='async' expr:src='data:post.commentSrc' type='text/javascript'/>

  <script type='text/javascript'>
    (function() {
      var items = <data:post.commentJso/>;
      var msgs = <data:post.commentMsgs/>;
      var config = <data:post.commentConfig/>;

// <![CDATA[
      var cursor = null;
      if (items && items.length > 0) {
        cursor = parseInt(items[items.length - 1].timestamp) + 1;
      }

      var bodyFromEntry = function(entry) {
        if (entry.gd$extendedProperty) {
          for (var k in entry.gd$extendedProperty) {
            if (entry.gd$extendedProperty[k].name == 'blogger.contentRemoved') {
              return '<span class="deleted-comment">' + entry.content.$t + '</span>';
            }
          }
        }
        return entry.content.$t;
      }

      var parse = function(data) {
        cursor = null;
        var comments = [];
        if (data && data.feed && data.feed.entry) {
          for (var i = 0, entry; entry = data.feed.entry[i]; i++) {
            var comment = {};
            // comment ID, parsed out of the original id format
            var id = /blog-(\d+).post-(\d+)/.exec(entry.id.$t);
            comment.id = id ? id[2] : null;
            comment.body = bodyFromEntry(entry);
            comment.timestamp = Date.parse(entry.published.$t) + '';
            if (entry.author && entry.author.constructor === Array) {
              var auth = entry.author[0];
              if (auth) {
                comment.author = {
                  name: (auth.name ? auth.name.$t : undefined),
                  profileUrl: (auth.uri ? auth.uri.$t : undefined),
                  avatarUrl: (auth.gd$image ? auth.gd$image.src : undefined)
                };
              }
            }
            if (entry.link) {
              if (entry.link[2]) {
                comment.link = comment.permalink = entry.link[2].href;
              }
              if (entry.link[3]) {
                var pid = /.*comments\/default\/(\d+)\?.*/.exec(entry.link[3].href);
                if (pid && pid[1]) {
                  comment.parentId = pid[1];
                }
              }
            }
            comment.deleteclass = 'item-control blog-admin';
            if (entry.gd$extendedProperty) {
              for (var k in entry.gd$extendedProperty) {
                if (entry.gd$extendedProperty[k].name == 'blogger.itemClass') {
                  comment.deleteclass += ' ' + entry.gd$extendedProperty[k].value;
                }
              }
            }
            comments.push(comment);
          }
        }
        return comments;
      };

      var paginator = function(callback) {
        if (hasMore()) {
          var url = config.feed + '?alt=json&v=2&orderby=published&reverse=false&max-results=50';
          if (cursor) {
            url += '&published-min=' + new Date(cursor).toISOString();
          }
          window.bloggercomments = function(data) {
            var parsed = parse(data);
            cursor = parsed.length < 50 ? null
                : parseInt(parsed[parsed.length - 1].timestamp) + 1
            callback(parsed);
            window.bloggercomments = null;
          }
          url += '&callback=bloggercomments';
          var script = document.createElement('script');
          script.type = 'text/javascript';
          script.src = url;
          document.getElementsByTagName('head')[0].appendChild(script);
        }
      };
      var hasMore = function() {
        return !!cursor;
      };
      var getMeta = function(key, comment) {
        if ('iswriter' == key) {
          var matches = !!comment.author
              && comment.author.name == config.authorName
              && comment.author.profileUrl == config.authorUrl;
          return matches ? 'true' : '';
        } else if ('deletelink' == key) {
          return config.baseUri + '/delete-comment.g?blogID='
               + config.blogId + '&postID=' + comment.id;
        } else if ('deleteclass' == key) {
          return comment.deleteclass;
        }
        return '';
      };

      var replybox = null;
      var replyUrlParts = null;
      var replyParent = undefined;

      var onReply = function(commentId, domId) {
        if (replybox == null) {
          // lazily cache replybox, and adjust to suit this style:
          replybox = document.getElementById('comment-editor');
          if (replybox != null) {
            replybox.height = '250px';
            replybox.style.display = 'block';
            replyUrlParts = replybox.src.split('#');
          }
        }
        if (replybox && (commentId !== replyParent)) {
          document.getElementById(domId).insertBefore(replybox, null);
          replybox.src = replyUrlParts[0]
              + (commentId ? '&parentID=' + commentId : '')
              + '#' + replyUrlParts[1];
          replyParent = commentId;
        }
      };

      var hash = (window.location.hash || '#').substring(1);
      var startThread, targetComment;
      if (/^comment-form_/.test(hash)) {
        startThread = hash.substring('comment-form_'.length);
      } else if (/^c[0-9]+$/.test(hash)) {
        targetComment = hash.substring(1);
      }

      // Configure commenting API:
      var configJso = {
        'maxDepth': config.maxThreadDepth
      };
      var provider = {
        'id': config.postId,
        'data': items,
        'loadNext': paginator,
        'hasMore': hasMore,
        'getMeta': getMeta,
        'onReply': onReply,
        'rendered': true,
        'initComment': targetComment,
        'initReplyThread': startThread,
        'config': configJso,
        'messages': msgs
      };

      var render = function() {
        if (window.goog && window.goog.comments) {
          var holder = document.getElementById('comment-holder');
          window.goog.comments.render(holder, provider);
        }
      };

      // render now, or queue to render when library loads:
      if (window.goog && window.goog.comments) {
        render();
      } else {
        window.goog = window.goog || {};
        window.goog.comments = window.goog.comments || {};
        window.goog.comments.loadQueue = window.goog.comments.loadQueue || [];
        window.goog.comments.loadQueue.push(render);
      }
    })();
// ]]>
  </script>
</b:includable>
            <b:includable id='threaded_comments' var='post'>
  <div class='comments' id='comments'>
    <a name='comments'/>
    <h4>
      <b:if cond='data:post.numComments == 1'>
        1 <data:commentLabel/>:
      <b:else/>
        <data:post.numComments/> <data:commentLabelPlural/>:
      </b:if>
    </h4>

    <div class='comments-content'>
      <b:if cond='data:post.embedCommentForm'>
        <b:include data='post' name='threaded_comment_js'/>
      </b:if>
      <div id='comment-holder'>
         <data:post.commentHtml/>
      </div>
    </div>

    <p class='comment-footer'>
      <b:if cond='data:post.allowNewComments'>
        <b:include data='post' name='threaded-comment-form'/>
      <b:else/>
        <data:post.noNewCommentsText/>
      </b:if>
    </p>

    <b:if cond='data:showCmtPopup'>
      <div id='comment-popup'>
        <iframe allowtransparency='true' frameborder='0' id='comment-actions' name='comment-actions' scrolling='no'>
        </iframe>
      </div>
    </b:if>

    <div id='backlinks-container'>
    <div expr:id='data:widget.instanceId + &quot;_backlinks-container&quot;'>
       <b:if cond='data:post.showBacklinks'>
         <b:include data='post' name='backlinks'/>
       </b:if>
    </div>
    </div>
  </div>
</b:includable>
          </b:widget>
        </b:section>
      </div>

      <div id='rsidebar-wrapper'>
	  
        <b:section class='sidebar' id='sidebarright' preferred='yes'>
          <b:widget id='HTML3' locked='false' title='Advertisements' type='HTML'>
            <b:includable id='main'>


  <!-- only display title if it's non-empty -->
  <b:if cond='data:title != &quot;&quot;'>
    <h2 class='title'><data:title/></h2>
  </b:if>
  <div class='widget-content'>
    <data:content/>
  </div>

  <b:include name='quickedit'/>

</b:includable>
          </b:widget>
          <b:widget id='HTML1' locked='false' title='Featured Vidoes' type='HTML'>
            <b:includable id='main'>
  <!-- only display title if it's non-empty -->
  <b:if cond='data:title != &quot;&quot;'>
    <h2 class='title'><data:title/></h2>
  </b:if>
  <div class='widget-content'>
    <data:content/>
  </div>

  <b:include name='quickedit'/>
</b:includable>
          </b:widget>
        </b:section>

<p/></div>

      <!-- spacer for skins that want sidebar and main to be the same height-->
      <div class='clear'/>
</div>
  <div class='clear'/>


</div>
  
<div id='footer-widgets-container'>
<div class='clearfix' id='footer-widgets'>

<div class='footer-widget-box'>
<ul class='widget-container'>
<li>
<b:section class='footersec' id='footersec1' showaddelement='yes'>
  <b:widget id='HTML5' locked='false' title='Follow us on FaceBook' type='HTML'>
    <b:includable id='main'>
  <!-- only display title if it's non-empty -->
  <b:if cond='data:title != &quot;&quot;'>
    <h2 class='title'><data:title/></h2>
  </b:if>
  <div class='widget-content'>
    <data:content/>
  </div>

  <b:include name='quickedit'/>
</b:includable>
  </b:widget>
</b:section>
</li>
</ul>
</div>

<div class='footer-widget-box'>
<ul class='widget-container'>
<li>
<b:section class='footersec' id='footersec2' showaddelement='yes'>
  <b:widget id='HTML4' locked='false' title='About' type='HTML'>
    <b:includable id='main'>
  <!-- only display title if it's non-empty -->
  <b:if cond='data:title != &quot;&quot;'>
    <h2 class='title'><data:title/></h2>
  </b:if>
  <div class='widget-content'>
    <data:content/>
  </div>

  <b:include name='quickedit'/>
</b:includable>
  </b:widget>
</b:section>
</li>
</ul>
</div>

<div class='footer-widget-box footer-widget-box-last'>
<ul class='widget-container'>
<li>
<b:section class='footersec' id='footersec3' showaddelement='yes'>
  <b:widget id='HTML2' locked='false' title='' type='HTML'>
    <b:includable id='main'>
  <!-- only display title if it's non-empty -->
  <b:if cond='data:title != &quot;&quot;'>
    <h2 class='title'><data:title/></h2>
  </b:if>
  <div class='widget-content'>
    <data:content/>
  </div>

  <b:include name='quickedit'/>
</b:includable>
  </b:widget>
</b:section>
</li>
</ul>
</div>

</div>
</div>
<div style='clear:both;'/>
<div id='footer-container'>
<div id='footer'>   
<div id='copyrights'>
<div id='copyrightss'>
TM +  &amp;copy;  Videoism. All rights reserved.  <script type='text/javascript'>var creditsyear = new Date();document.write(creditsyear.getFullYear());</script> <a expr:href='data:blog.homepageUrl'><data:blog.title/></a> | Designed by <a href='http://www.templateism.com/' id='mycontent'>Templateism</a> | <a href='http://www.mybloggerlab.com'>MyBloggerLab</a> </div>

<div id='legal'>
       
<ul>
<li>
<a class='firstnav' href='/terms' title='Terms'>Terms</a>
</li>
            
<li>
<a href='/privacy' title='Privacy Policy'>Privacy</a>
</li>
          
<li>
<a href='/privacy' title='Advertise'>Advertise</a>
</li>

<li>
<a href='/privacy' title='&gt;Contact'>Contact</a>
 </li>
     
  </ul></div>

</div>  
          
</div><!-- #footer -->
</div>
<div style='clear:both;'/>


  <!--end: wrapper-->

<b:if cond='data:blog.pageType != &quot;item&quot;'>
<script type='text/javascript'>
var pageCount=12;
var displayPageNum=10;
var upPageWord =&#39;Previous&#39;;
var downPageWord =&#39;Next&#39;;
</script>
<script src='https://btemplateism.googlecode.com/files/blogger_pagenavi_min.js' type='text/javascript'/>
</b:if>


<script src='https://cdn.firebase.com/v0/firebase.js' type='text/javascript'/>
<script>
$.each($(&#39;a[name]&#39;), function(i, e) {
var elem = $(e).parent().find(&#39;#postviews&#39;).addClass(&#39;mbtloading&#39;);
var blogStats = new Firebase(&quot;https://mybloggertricks.firebaseio.com/pages/id/&quot; + $(e).attr(&#39;name&#39;));
blogStats.once(&#39;value&#39;, function(snapshot) {
var data = snapshot.val();
var isnew = false;
if(data == null) {
data= {};
data.value = 0;
data.url = window.location.href;
data.id = $(e).attr(&#39;name&#39;);
isnew = true;
}
elem.removeClass(&#39;mbtloading&#39;).text(data.value);
data.value++;
if(window.location.pathname!=&#39;/&#39;)
{
if(isnew)
blogStats.set(data);
else
blogStats.child(&#39;value&#39;).set(data.value);
}
});
});
</script>


</body>
</html>